PCA_1,PCA_2,Cluster,Persona
0.8014380948601062,0.8011461676581405,2,The Motivated Finishers
-0.06706791306587728,1.1201845344820422,2,The Motivated Finishers
0.3786564447863309,1.978276461746515,2,The Motivated Finishers
-4.0043880678462065,2.1814067323808515,1,The Early Drop-Offs
0.8982834105669366,1.6564317450829604,2,The Motivated Finishers
-4.384744350556965,-0.12713886406894562,1,The Early Drop-Offs
0.23049691052877117,0.18703630206394478,0,The Strong Starters
1.0054652105853452,-0.7008369525487178,3,The Loyal Referrals
-1.7849756336770894,0.04287572057561097,1,The Early Drop-Offs
0.43824547614643466,-0.3536408058923779,3,The Loyal Referrals
-0.0328036720011179,-0.5261885733908859,0,The Strong Starters
0.5552614594610275,0.4488480429352107,2,The Motivated Finishers
0.6801860728765398,-0.7813845308926075,3,The Loyal Referrals
1.0740536877600946,-0.1673561966434144,0,The Strong Starters
0.25874696930664953,1.7420033938025674,2,The Motivated Finishers
0.5084445311370684,1.0073591029180522,2,The Motivated Finishers
-0.32815211248721216,0.87100487381423,0,The Strong Starters
-2.373538544887341,2.1413564594069907,1,The Early Drop-Offs
0.3326297121210963,0.7114816192336966,2,The Motivated Finishers
-3.3274375731735284,1.5361712481902756,1,The Early Drop-Offs
0.361978734270035,0.9088763250870069,0,The Strong Starters
0.8148177051039293,-0.11892453897224532,2,The Motivated Finishers
0.8844478465915954,0.8914266752555107,2,The Motivated Finishers
0.8304394171801598,0.03594546507769396,0,The Strong Starters
1.10538881647699,0.6297892979667199,2,The Motivated Finishers
0.17084394140904607,-0.5364989580086763,0,The Strong Starters
-3.6157844781027144,0.40779549894152073,1,The Early Drop-Offs
0.43993444268944093,0.49209935221262224,2,The Motivated Finishers
0.2208008616170278,-0.11251875715792599,0,The Strong Starters
0.16373192940736409,0.34015377483015885,0,The Strong Starters
0.23755096014199154,0.70681705764794,2,The Motivated Finishers
0.5640811688918546,0.16848650550930463,3,The Loyal Referrals
0.40516306673283264,0.7925117506674444,2,The Motivated Finishers
0.1331876600185191,-0.13301017391349512,2,The Motivated Finishers
0.7377828776492464,1.2861563633834412,2,The Motivated Finishers
0.746662935098134,-0.1269648416222282,2,The Motivated Finishers
0.3980550970232261,-1.3971351825498097,3,The Loyal Referrals
-3.281496775841601,0.2069330908010037,1,The Early Drop-Offs
0.6124280345365908,0.6886167795857141,2,The Motivated Finishers
-0.14862653169582724,-0.828937400466262,0,The Strong Starters
-0.007288224765623174,-0.1634577909911452,2,The Motivated Finishers
0.8478464347292277,-0.47139911683245905,2,The Motivated Finishers
-0.0767798843771807,0.1992699006796824,2,The Motivated Finishers
0.6913770499014575,1.650479551190064,2,The Motivated Finishers
0.13762238147311104,1.3793759523274325,2,The Motivated Finishers
0.5576718190547908,0.8509716593567414,2,The Motivated Finishers
0.5470914360042827,1.5055788342111167,2,The Motivated Finishers
0.07550469040014185,0.7926821744493617,2,The Motivated Finishers
0.34234146774298735,1.1940320397868083,2,The Motivated Finishers
0.5614630730647944,-1.210243101453297,3,The Loyal Referrals
0.9588131571571019,0.6565334650673326,2,The Motivated Finishers
1.0004454136654477,0.7358489767147777,3,The Loyal Referrals
0.5870623203069298,-0.8222179681979227,0,The Strong Starters
0.4061597243193628,0.3294376157257926,0,The Strong Starters
-4.520972908030705,-1.3373960754249847,1,The Early Drop-Offs
0.7912472006002885,0.13151879192561686,3,The Loyal Referrals
0.6002202236524096,1.7119740135900379,2,The Motivated Finishers
-3.5374156926161553,1.177178699902224,1,The Early Drop-Offs
-3.579625225668364,-0.9467979361548098,1,The Early Drop-Offs
-0.4925906836858412,-0.3646913701408596,0,The Strong Starters
0.32788903325368385,-0.2523246194769282,0,The Strong Starters
0.31215895420377526,1.619509415589596,2,The Motivated Finishers
0.5578693825798854,1.2054665063535022,2,The Motivated Finishers
0.6058359998440368,0.7217060122867511,2,The Motivated Finishers
0.9900636106169334,-0.17369574987056371,3,The Loyal Referrals
0.06522799254290745,-0.4028706736329698,2,The Motivated Finishers
-1.253595320185589,0.5545121803302978,2,The Motivated Finishers
0.08654540822509116,0.4603042879543563,2,The Motivated Finishers
-0.24793130216979092,-0.9003243504086207,0,The Strong Starters
0.8727218129584068,0.021742850228225686,0,The Strong Starters
0.16906329344634707,-0.02030850837631849,0,The Strong Starters
0.637613285978933,-1.2612248894129494,0,The Strong Starters
1.0017183619160328,0.6376657793501781,2,The Motivated Finishers
0.8689986925711387,1.1327914173237388,2,The Motivated Finishers
0.11897769333607994,-0.8701454782966456,0,The Strong Starters
0.8411072545174847,0.1542132077916821,3,The Loyal Referrals
0.6050427823046997,2.0779056003115035,2,The Motivated Finishers
0.9204933276923749,-0.20019744676903384,0,The Strong Starters
0.39379235154147646,0.43004737369560614,0,The Strong Starters
0.5659306249467944,0.11934535301325093,0,The Strong Starters
0.8671723325639357,-0.2150482896577175,2,The Motivated Finishers
0.3666977449810933,-0.36468467390955495,3,The Loyal Referrals
1.0478155864152894,-0.7258867057427616,3,The Loyal Referrals
0.45298194674348163,1.541613005620262,2,The Motivated Finishers
0.6045412702734672,0.19181114687941478,2,The Motivated Finishers
0.8012429923299229,1.062966364727632,2,The Motivated Finishers
0.27893375306085005,-0.8395688211925485,3,The Loyal Referrals
0.9236059286427339,-0.330692550089408,3,The Loyal Referrals
0.7878471383636164,-2.412194098294712,3,The Loyal Referrals
0.6486727593086905,0.18212820448359276,2,The Motivated Finishers
1.1888209010125226,-0.10072636961599604,3,The Loyal Referrals
0.5203586930540554,-0.38610441892712777,0,The Strong Starters
-3.3230507779842817,-1.1853824889974744,1,The Early Drop-Offs
1.1938202719327677,-1.2407886999249897,3,The Loyal Referrals
0.9003542107222559,-1.7933112708817396,0,The Strong Starters
1.0369576289763986,-0.28252411731047694,3,The Loyal Referrals
0.7101275832394522,0.4785237601099441,0,The Strong Starters
0.6127149076841462,0.6751261055551571,2,The Motivated Finishers
-0.11706124361769382,1.5961156243956172,2,The Motivated Finishers
0.49782555438184944,1.1592794713294359,2,The Motivated Finishers
0.025613104747153857,0.5213237430146215,0,The Strong Starters
0.7530080940268529,-0.6300582456947852,0,The Strong Starters
0.7216331663529829,0.6740212930287176,2,The Motivated Finishers
-3.958196130619584,0.4501275752262895,1,The Early Drop-Offs
0.6596907438838664,1.1930703525163977,2,The Motivated Finishers
-1.3097688543188957,0.15354772004492365,1,The Early Drop-Offs
-0.06728198712928957,-2.543368554666468,3,The Loyal Referrals
0.538545291722144,1.7191385541545847,2,The Motivated Finishers
0.596432012546497,-1.1561606529113584,3,The Loyal Referrals
0.4319438189872951,-0.5127446470027229,3,The Loyal Referrals
0.7762796462126698,1.1762755332395096,2,The Motivated Finishers
-3.8408110405568054,-1.5026892210998055,1,The Early Drop-Offs
-4.041458191284567,0.5288101943905896,1,The Early Drop-Offs
0.4427640862925868,-1.5193088256062401,3,The Loyal Referrals
-3.6078832885175482,2.1658640632824766,1,The Early Drop-Offs
0.17748437144112608,-0.8309573400149208,3,The Loyal Referrals
0.33954842856956197,0.8666719584401771,2,The Motivated Finishers
-0.7560402495604983,-0.7622861011472903,0,The Strong Starters
0.4161249764039801,-0.8605896651472265,2,The Motivated Finishers
0.5589156962254871,-0.5908386020874864,0,The Strong Starters
0.2313967018245162,-0.6773236178623918,0,The Strong Starters
0.7845172356049533,-1.9473967975617807,0,The Strong Starters
0.7957047011205539,-0.4703603800504782,2,The Motivated Finishers
0.6930285796333394,1.3005043766469495,2,The Motivated Finishers
1.17977701403706,0.7145875328902923,2,The Motivated Finishers
-3.9722869793688114,0.39193171206727423,1,The Early Drop-Offs
-1.746695598998728,-0.3147565148416447,1,The Early Drop-Offs
0.7719809456392756,0.420653268830913,2,The Motivated Finishers
0.8851956326619598,-0.1264094146933334,0,The Strong Starters
0.6265315273793151,0.34966528633121047,2,The Motivated Finishers
1.073860265376137,0.32510470035173955,2,The Motivated Finishers
0.25511088632229534,1.1834863044643593,2,The Motivated Finishers
0.14508951348987975,-0.6077875203875159,0,The Strong Starters
0.774249349819683,-0.8647295483664341,3,The Loyal Referrals
0.6789958904614352,-0.41106758433608126,2,The Motivated Finishers
0.3603491877878532,-0.9632728065393978,3,The Loyal Referrals
0.19667088416762188,-0.1758925424333167,0,The Strong Starters
1.2703724185653464,-0.692313759520827,3,The Loyal Referrals
-0.1775894465437568,-0.015722849984965436,2,The Motivated Finishers
0.7635166811420145,0.03633833678522204,0,The Strong Starters
0.7221157341040431,1.4696498574094103,2,The Motivated Finishers
-0.11921121374973201,-1.8586018358021816,0,The Strong Starters
0.9340057589796201,0.1525443596620721,2,The Motivated Finishers
0.9406195749921585,0.7475331897329708,3,The Loyal Referrals
0.5225729575141008,-2.1629583949164624,3,The Loyal Referrals
0.08693268419808019,-2.250219614546966,3,The Loyal Referrals
1.1332192430085135,-0.29921271571590535,2,The Motivated Finishers
0.8290058769730246,0.4437918876630676,0,The Strong Starters
-1.814188316010467,-1.5988635771431878,1,The Early Drop-Offs
0.3871955768500146,-0.877010544851001,2,The Motivated Finishers
1.4045180095044283,-1.1399098597014514,3,The Loyal Referrals
-0.461895877636744,-0.515899040970104,2,The Motivated Finishers
1.1224437570888137,-1.0940634363692439,3,The Loyal Referrals
0.11740807030312422,0.005584348846709651,0,The Strong Starters
0.33577502060268516,-1.7579525630017379,3,The Loyal Referrals
0.40880487215548794,-1.484630126124774,3,The Loyal Referrals
0.4974685557937914,0.4214193233483265,0,The Strong Starters
-2.0745095915378533,0.05984080148618719,1,The Early Drop-Offs
0.6321948845370357,0.7688030502272494,2,The Motivated Finishers
-3.301408070818497,-0.49720483474319666,1,The Early Drop-Offs
-1.8469741056559312,-0.223960816449653,1,The Early Drop-Offs
-2.8440649155660243,0.7219135186206938,1,The Early Drop-Offs
0.5710002481382835,0.27001601976608514,0,The Strong Starters
0.5858511603188451,0.5836484936029566,2,The Motivated Finishers
0.43555520800011926,-1.0439418777520897,3,The Loyal Referrals
0.9033136631395934,-0.6980179708383055,3,The Loyal Referrals
-2.2183739026938296,0.32655461058243845,1,The Early Drop-Offs
0.41250332582428245,-0.8504856161412573,0,The Strong Starters
0.24040790982198204,1.2547222695394795,2,The Motivated Finishers
0.44776050710197585,0.5522010775047689,0,The Strong Starters
0.21628225147087568,1.053149262555936,0,The Strong Starters
-3.825507544692868,0.06857372443019737,1,The Early Drop-Offs
0.21090352215521183,0.44256999381233625,0,The Strong Starters
-2.6891684062634496,-1.4116874339904795,1,The Early Drop-Offs
0.7369157938847313,-0.1884227956052824,2,The Motivated Finishers
0.9365156009040467,0.8087935986005954,2,The Motivated Finishers
-0.029977321028982023,-0.30377090608915525,0,The Strong Starters
-3.8563917385064657,0.4144258091840851,1,The Early Drop-Offs
-4.205524534769292,-0.778658918696012,1,The Early Drop-Offs
0.72092698621656,0.3606552246197487,0,The Strong Starters
0.4955990361981552,-0.9977548427280236,3,The Loyal Referrals
0.32097212378218504,0.36250791629241547,0,The Strong Starters
0.9301664896095551,-0.22033383265891382,0,The Strong Starters
0.5920443140221838,-0.07292108049210795,0,The Strong Starters
0.309092476373395,0.18705523419835907,0,The Strong Starters
0.07581030940112383,0.2519272015386405,0,The Strong Starters
0.2172583558880046,-1.363961541058581,3,The Loyal Referrals
-2.6260892108033054,0.7557252135096327,1,The Early Drop-Offs
1.0532317525420776,1.080407895648953,2,The Motivated Finishers
0.9132689922429275,0.1853671869352068,2,The Motivated Finishers
0.8694039500165994,-1.233095038322232,3,The Loyal Referrals
0.10768888484365016,-0.7068552026682433,0,The Strong Starters
0.6869511000188356,0.606448170456222,2,The Motivated Finishers
-2.222501567160786,0.39191637501306126,1,The Early Drop-Offs
1.2665183460562455,-1.3087020969012944,3,The Loyal Referrals
-0.2329841737818243,-1.6484574927680118,3,The Loyal Referrals
0.6940239950631678,-1.6965605949563904,3,The Loyal Referrals
0.46233132588918474,-0.3538380448469089,3,The Loyal Referrals
0.40097494457485977,-1.4666925559726947,0,The Strong Starters
-1.8052406050125536,-0.390071658168368,1,The Early Drop-Offs
0.4721681477984356,0.7258014874013369,2,The Motivated Finishers
0.5826392074641199,-2.328637175211225,3,The Loyal Referrals
1.2012409520691008,0.6458173059629664,2,The Motivated Finishers
0.7146427159137935,0.6151874447663069,2,The Motivated Finishers
0.8345389968046601,-0.2397569453049631,2,The Motivated Finishers
0.47386128346425854,-0.9553758454995906,0,The Strong Starters
0.18409341694515197,0.6282923588866582,2,The Motivated Finishers
0.6957147685831409,-0.0807975618755662,0,The Strong Starters
0.5380784306812315,1.106505351105133,2,The Motivated Finishers
-3.622669824948965,2.6043339804210928,1,The Early Drop-Offs
0.9975963605395493,1.125234005051664,2,The Motivated Finishers
-1.4029592580890697,-1.6405480947582178,3,The Loyal Referrals
1.146482929610334,0.0381493107581697,2,The Motivated Finishers
0.9282322278712546,0.9900877599066725,2,The Motivated Finishers
-1.8662550372642468,-1.3502324021308822,1,The Early Drop-Offs
0.3746678331155122,-0.7819652254721818,2,The Motivated Finishers
0.7194495678559366,0.7981236701565321,2,The Motivated Finishers
1.0586086748807746,0.9209642894167286,2,The Motivated Finishers
0.6296670153242373,0.538861628122587,3,The Loyal Referrals
0.40043469631104606,-1.0899806634143396,0,The Strong Starters
-4.101222991089124,1.4078397055206642,1,The Early Drop-Offs
1.118343396954636,0.5072427224500291,2,The Motivated Finishers
0.10398965066517801,-0.015395964215144288,0,The Strong Starters
0.6104197046433967,1.9184619940792793,2,The Motivated Finishers
0.09910974026059141,-1.5198072878888564,0,The Strong Starters
1.021896623825182,0.2832624010388186,0,The Strong Starters
0.241411347162715,-0.4415141356212783,3,The Loyal Referrals
0.8635120346103283,1.9568441435377824,2,The Motivated Finishers
0.7606347975887084,0.6085210368964883,2,The Motivated Finishers
0.438353165228803,2.132807523817565,2,The Motivated Finishers
0.22683626040362834,-0.9218129323116766,0,The Strong Starters
0.05153103727441582,0.7445853374883258,0,The Strong Starters
0.7174660450053167,0.3684987975971303,2,The Motivated Finishers
0.6980526445251147,1.2501563664255306,2,The Motivated Finishers
0.832538877258727,-0.10562634828617248,3,The Loyal Referrals
-1.3748286100763862,0.1711881551833789,3,The Loyal Referrals
0.673109913182878,0.3815768446427551,0,The Strong Starters
0.5224314366684645,-0.22344710559413034,0,The Strong Starters
0.6129786954103925,-1.2757862015187111,0,The Strong Starters
0.8452680344394794,1.1008259292835556,2,The Motivated Finishers
0.8370050874063398,0.9854964916351311,2,The Motivated Finishers
-2.2566500057453793,2.2986890725478997,1,The Early Drop-Offs
0.8290055653014828,-1.0270844281374614,3,The Loyal Referrals
0.6904276211094851,0.24221778375991979,2,The Motivated Finishers
0.8678099446836557,0.023796784534077565,0,The Strong Starters
0.3782177551887594,1.1530258744144128,0,The Strong Starters
0.5726646135029944,-1.691735336107922,2,The Motivated Finishers
0.8662561844746628,-0.996735132243569,3,The Loyal Referrals
1.0552241639702753,-2.3875561255156206,3,The Loyal Referrals
0.8936997057675766,0.4596757632904322,2,The Motivated Finishers
0.6537007669148565,-0.6389942496774715,2,The Motivated Finishers
0.12733666249073905,-0.37772468844331586,0,The Strong Starters
0.19762065137143303,1.2245443103772455,2,The Motivated Finishers
1.0469756536826522,1.1223227315128608,2,The Motivated Finishers
-3.892102030880017,1.6843385462124734,1,The Early Drop-Offs
1.174445649998077,1.0750498160967696,2,The Motivated Finishers
0.8776874498801329,-0.8750070245781477,3,The Loyal Referrals
0.2595360496394136,-2.077911170304619,3,The Loyal Referrals
0.8639086433799968,1.2787443495254063,2,The Motivated Finishers
0.40221227264266896,0.3124270682621272,2,The Motivated Finishers
1.0029732828782463,0.9657903988194397,2,The Motivated Finishers
0.35459910489876034,1.758031401798814,2,The Motivated Finishers
-0.3089979463827003,-1.3654280572550244,0,The Strong Starters
-0.20778073165493888,-0.058600219689263336,2,The Motivated Finishers
0.7637868822289443,0.23396190910967232,2,The Motivated Finishers
0.795382725326044,-1.575652169651945,3,The Loyal Referrals
0.2059931086858918,-2.0660948644771087,0,The Strong Starters
0.8858633595103587,0.909888069503998,3,The Loyal Referrals
0.38580387322813653,0.18740133483650298,3,The Loyal Referrals
-4.103330694308235,0.6131316965856212,1,The Early Drop-Offs
0.9539267875759316,-2.2254684743154853,3,The Loyal Referrals
-0.325663487062505,-0.8647919117050464,0,The Strong Starters
0.7323477672422856,-1.6106041270596696,3,The Loyal Referrals
-2.2187297066873044,-0.10683204589132352,1,The Early Drop-Offs
0.9845260963216864,0.29541108158243495,0,The Strong Starters
1.1673340759859185,-0.3516475878004208,3,The Loyal Referrals
-0.038061648817200075,-1.1550713857922155,0,The Strong Starters
0.7362206575398256,1.268146016899238,2,The Motivated Finishers
-3.580307954094269,-0.36760914677955925,1,The Early Drop-Offs
0.46545349422748755,0.09188060529229934,0,The Strong Starters
0.6748967760795145,0.39619208647715554,2,The Motivated Finishers
0.3355782339917128,-0.11001383376738967,0,The Strong Starters
-3.899351412441279,-1.8745356465051368,1,The Early Drop-Offs
0.5427566027210885,0.863584807425781,2,The Motivated Finishers
1.0533210621645386,0.7124223746216352,2,The Motivated Finishers
1.0315060736625432,1.6603110725355905,2,The Motivated Finishers
0.5843690399313837,0.3213699247431699,2,The Motivated Finishers
0.6737063576971878,1.3595520330335433,2,The Motivated Finishers
-4.109212482422211,-0.4537196301938399,1,The Early Drop-Offs
0.27656907466297836,1.1154676465008548,2,The Motivated Finishers
0.10005201822497395,-0.2645503495321152,0,The Strong Starters
0.9827481585680582,-0.19016847011482932,3,The Loyal Referrals
0.6990288757729852,-0.6275722621388251,3,The Loyal Referrals
0.4022414741488551,-1.1326010172758076,3,The Loyal Referrals
-4.031343619128345,0.6609089596270264,1,The Early Drop-Offs
0.8851956326619598,-0.1264094146933334,0,The Strong Starters
0.4218448467942606,1.630519618437468,2,The Motivated Finishers
0.36726454000930403,0.34739536490627654,0,The Strong Starters
0.5990270229522481,-1.7148526789920677,3,The Loyal Referrals
0.25646664843847405,-1.7774943486959647,3,The Loyal Referrals
0.5005742405078248,-1.3182909640748146,0,The Strong Starters
-3.480527010593771,0.17892748703781822,1,The Early Drop-Offs
-2.940614445234654,-1.3274390012935984,1,The Early Drop-Offs
-4.248166842023188,-0.26512376064655246,1,The Early Drop-Offs
0.3827386375544583,1.2889379901069542,2,The Motivated Finishers
0.677585237248863,0.3164702833610433,2,The Motivated Finishers
0.4537279258368791,-0.24624595930440624,0,The Strong Starters
0.9117110397663767,-0.15758333308412556,3,The Loyal Referrals
-1.8578076371996513,-0.34418360460913233,1,The Early Drop-Offs
0.5880120875107409,0.5782188846126397,2,The Motivated Finishers
0.264862906143741,0.096368952114413,0,The Strong Starters
-2.136723833045854,0.885797255493415,1,The Early Drop-Offs
0.6257546566431166,-0.6623617349807663,0,The Strong Starters
-2.8674584580758764,-0.10473773137410249,1,The Early Drop-Offs
0.4668135203809805,0.1339971032645709,2,The Motivated Finishers
1.1597466162121546,0.3755113372322445,2,The Motivated Finishers
-2.405996796087007,-1.8495041583507181,1,The Early Drop-Offs
0.575057507033095,0.7007654601293304,2,The Motivated Finishers
0.3399041134049136,-2.0078067431218005,3,The Loyal Referrals
1.102069273388957,-0.8556892905094007,3,The Loyal Referrals
0.16648476632585774,1.012534362689535,2,The Motivated Finishers
0.4369012455617604,-0.3137799043343218,3,The Loyal Referrals
0.4693352108189749,-1.4135889706596612,3,The Loyal Referrals
0.8522492480641187,0.15974777160830095,0,The Strong Starters
1.3870430119036632,-0.6217181394467227,3,The Loyal Referrals
0.9120140712807141,-0.14275743253405482,2,The Motivated Finishers
0.8265381158765011,1.2908930300690227,2,The Motivated Finishers
0.5713501456492153,-1.5328331571059404,0,The Strong Starters
-3.6216688969074893,0.6123979365474762,1,The Early Drop-Offs
1.0235299997769587,1.531490960856609,2,The Motivated Finishers
0.5136375401306842,-0.18679991113684746,0,The Strong Starters
-2.3093091984781764,-1.9198774060825,1,The Early Drop-Offs
0.5631380510159487,0.32354253209719935,2,The Motivated Finishers
0.5148350595901372,1.3905494671598997,2,The Motivated Finishers
0.6987608204138688,1.6482802184701721,2,The Motivated Finishers
0.9078528261161393,-1.6209274144565078,3,The Loyal Referrals
0.41323025721784495,1.3233692162949322,2,The Motivated Finishers
0.3852216401185491,0.0932749486016609,0,The Strong Starters
0.9172295116776947,0.7542130173639284,2,The Motivated Finishers
0.179059988408085,-0.8606538118797495,2,The Motivated Finishers
-2.2473962395848472,0.8645444742383267,1,The Early Drop-Offs
1.1744064062099855,-0.890688391527169,3,The Loyal Referrals
-3.0914590230513,-0.38199470794101154,1,The Early Drop-Offs
0.5808012793451288,-1.8725784496497149,3,The Loyal Referrals
1.179409479942836,-0.5917229336854277,3,The Loyal Referrals
0.61815150374515,0.5680378759018508,2,The Motivated Finishers
0.051597333071572334,-0.4824738037009041,2,The Motivated Finishers
0.7146427159137935,0.6151874447663069,2,The Motivated Finishers
0.6922387127350716,0.8149900852513154,2,The Motivated Finishers
0.09775139425332402,-1.3312830859354652,0,The Strong Starters
-3.1164575454259893,0.821570716948481,1,The Early Drop-Offs
-4.300722889627978,0.675625358758114,1,The Early Drop-Offs
0.975403820619102,1.09250397888885,2,The Motivated Finishers
-0.16627408735236635,-0.7069804263297009,2,The Motivated Finishers
0.721725313015256,-0.15635205427806068,3,The Loyal Referrals
0.4894778052609044,-1.1228068509171802,3,The Loyal Referrals
0.5338271573291408,0.09727737225630091,2,The Motivated Finishers
0.6457454442864117,1.0926744026707673,2,The Motivated Finishers
0.32886494923445636,-0.27289223917408856,2,The Motivated Finishers
-1.8183267948510837,-0.0025230594229479738,1,The Early Drop-Offs
0.8492798618653185,1.8699388677227091,2,The Motivated Finishers
-0.46706441799962395,-0.9733851993485896,0,The Strong Starters
0.33670280455679674,1.864608595978344,2,The Motivated Finishers
0.7037801520911863,-0.3199629712239026,0,The Strong Starters
0.9918044499712763,-0.891656445440996,3,The Loyal Referrals
0.6629261389020381,0.3580842254847543,0,The Strong Starters
-4.0396937573091884,0.5521336987727622,1,The Early Drop-Offs
-4.321626601714166,-0.2911757085735606,1,The Early Drop-Offs
1.2212257915942926,0.783874824646761,2,The Motivated Finishers
0.5685149733546456,0.16409892586497518,2,The Motivated Finishers
0.4030955187085297,0.1985635697409594,0,The Strong Starters
-0.1308639732310641,-0.9684463492967312,0,The Strong Starters
0.6730915337229704,-2.472857006094505,3,The Loyal Referrals
0.1626949979698974,0.06990040340315652,0,The Strong Starters
0.7394991498628002,0.017863522775595598,0,The Strong Starters
-3.7967597475688657,-0.3852926545618932,1,The Early Drop-Offs
1.0797242630005495,-1.5734527471253017,3,The Loyal Referrals
0.6820355289314795,-0.8305256833886612,0,The Strong Starters
0.6295064233676873,0.8485248533433615,2,The Motivated Finishers
0.40631340969096913,0.713554485673963,2,The Motivated Finishers
0.22944182531119914,1.5149866649978474,2,The Motivated Finishers
0.8738527868937845,0.13062778752336066,3,The Loyal Referrals
0.4561107680052456,0.21478721049020275,2,The Motivated Finishers
0.8077892530333504,0.39049424180309333,2,The Motivated Finishers
0.5692729321332125,-0.23162602053955855,0,The Strong Starters
-0.16510847601261397,-0.010870285833121341,2,The Motivated Finishers
0.9392944017587009,-0.871324426798119,3,The Loyal Referrals
0.4823296891026561,0.27589483053801506,2,The Motivated Finishers
-2.3161722336691892,1.1357665710093152,1,The Early Drop-Offs
0.9454146026331066,0.4861382826463222,2,The Motivated Finishers
-3.2041584549377693,0.2911671001595695,1,The Early Drop-Offs
0.40567122203614475,-1.3969335204414464,3,The Loyal Referrals
0.2736830499685358,0.840694602620206,2,The Motivated Finishers
1.0255411667099648,-0.16074207991641679,3,The Loyal Referrals
1.1196876275393102,0.46738182089197305,2,The Motivated Finishers
0.32952007504129055,0.9189710713247714,0,The Strong Starters
0.4911044014584783,1.3585839791197163,2,The Motivated Finishers
0.5154407634164044,-1.8541752314579836,3,The Loyal Referrals
0.4853119260699403,1.1056614903129205,2,The Motivated Finishers
0.321015875104932,-0.20649628170915546,0,The Strong Starters
0.32689993233547787,0.9800208214767261,2,The Motivated Finishers
-2.952813362551716,0.1799260670811502,1,The Early Drop-Offs
0.8027823254447805,0.7612852661000845,2,The Motivated Finishers
0.4925583676652657,0.6541139575798411,2,The Motivated Finishers
-4.074609038555874,0.08459839437556989,1,The Early Drop-Offs
-4.070087698116869,0.548910217727634,1,The Early Drop-Offs
0.274346259630897,2.1087392131713356,2,The Motivated Finishers
0.5333405752676856,-1.005924761066145,0,The Strong Starters
0.527812311372934,1.1493301235057116,2,The Motivated Finishers
0.7547122060552971,-1.1653920892404048,2,The Motivated Finishers
0.8334264059247456,-0.8222453565305623,0,The Strong Starters
0.17898635694253826,-0.7180936405142907,3,The Loyal Referrals
0.6384681206996667,1.0473312284389136,2,The Motivated Finishers
0.6578393784073432,-0.11302945534365207,0,The Strong Starters
0.4513281447920527,0.590008044756973,0,The Strong Starters
0.6606589804738884,0.8494205546760649,0,The Strong Starters
-3.8127549325943106,1.0126638444257947,1,The Early Drop-Offs
0.37064056229239023,1.6476861041294588,2,The Motivated Finishers
0.5298191595466483,1.306574397018044,2,The Motivated Finishers
-2.0729758127340037,0.8026655370839738,1,The Early Drop-Offs
0.6236387265262252,-2.0199828119980565,3,The Loyal Referrals
0.6267495169040618,0.40753653437346965,2,The Motivated Finishers
0.10458307329887556,0.4934729097047366,2,The Motivated Finishers
0.43365558366619344,0.753704918014941,0,The Strong Starters
1.1575458804119023,0.17917070028448687,2,The Motivated Finishers
0.6660214757184503,-0.6322360669613534,3,The Loyal Referrals
0.6481470323082047,1.026443273585212,2,The Motivated Finishers
1.0394429037600363,-0.176607023409367,3,The Loyal Referrals
0.027378511242285304,0.35369519248160247,2,The Motivated Finishers
0.5059955158939717,1.327195946443843,2,The Motivated Finishers
-2.4701187313695834,1.272453137950287,1,The Early Drop-Offs
0.2498214666290924,0.20492151469344175,2,The Motivated Finishers
0.8792315162094484,0.7412070562669607,3,The Loyal Referrals
0.8615565563723084,0.7752197116455689,2,The Motivated Finishers
0.5875341637764598,0.09022536892831076,3,The Loyal Referrals
0.22222989788506267,-1.3136600987855147,3,The Loyal Referrals
0.7301793106351215,0.46046157308524965,2,The Motivated Finishers
0.8716613068099339,-0.960375411765344,2,The Motivated Finishers
-3.8672310193688144,0.2879942252570236,1,The Early Drop-Offs
-2.7561569045874634,-1.53414216484861,1,The Early Drop-Offs
0.5798408218972942,-0.8990411607731424,3,The Loyal Referrals
-1.8455159060489816,0.014470425673161787,1,The Early Drop-Offs
0.6961820948666334,1.063392901604465,2,The Motivated Finishers
0.29532504602078885,-1.528116029343616,3,The Loyal Referrals
0.8840494308449598,0.7995035942920629,2,The Motivated Finishers
0.0681180867824822,-0.35948989864180503,0,The Strong Starters
0.671329830040444,-0.8662006674107511,3,The Loyal Referrals
0.3020673749438858,-1.1452398644466888,0,The Strong Starters
0.8423427659569456,-1.139685322221032,3,The Loyal Referrals
1.0323284927080663,-1.1409166010270968,3,The Loyal Referrals
-3.6057361456686694,1.034095700198418,1,The Early Drop-Offs
1.0274340112896878,-0.7252266054643415,3,The Loyal Referrals
0.8938523030662784,1.6840913687936807,2,The Motivated Finishers
0.09074750932353398,-0.2715321601227131,2,The Motivated Finishers
0.7484284684240067,0.24478878289491426,2,The Motivated Finishers
0.23322912302086665,-0.46168969905373836,0,The Strong Starters
0.807211752799213,0.5029849424637016,0,The Strong Starters
0.7586279494149942,0.45127676338415584,2,The Motivated Finishers
-4.272821188926215,1.3364420921030395,1,The Early Drop-Offs
-2.9219604089592077,1.1873849737587465,1,The Early Drop-Offs
0.7713516706975577,-0.3745242477854955,3,The Loyal Referrals
0.5605999149257552,0.3260998053101564,0,The Strong Starters
0.5785358351007113,1.1065579484088524,2,The Motivated Finishers
-2.343710739330132,2.147837136762168,1,The Early Drop-Offs
0.468907809255566,0.37788024716407426,2,The Motivated Finishers
0.18203289257869013,-2.06331126059379,3,The Loyal Referrals
-3.582975198763898,2.104158680794353,1,The Early Drop-Offs
-2.0904836375410687,-0.33507616768205584,1,The Early Drop-Offs
0.7984689485630916,0.301535031682168,2,The Motivated Finishers
1.0242839735282043,-1.790446834792082,3,The Loyal Referrals
0.24886822195347033,0.10681636625310438,0,The Strong Starters
0.6722747375380639,-0.21176307654580073,2,The Motivated Finishers
0.07582587962914841,-2.4074548914519913,0,The Strong Starters
0.3883154045492585,-3.1232785738496345,0,The Strong Starters
0.3205753881817752,0.5012255352546302,2,The Motivated Finishers
-2.8589918048726757,-1.5167214195224046,1,The Early Drop-Offs
1.0310073986711226,-0.6881712071759589,3,The Loyal Referrals
0.8918113687225094,-1.510582116787153,3,The Loyal Referrals
0.44412669633716845,1.2952641235729645,2,The Motivated Finishers
0.8905063819259265,0.495016992394842,2,The Motivated Finishers
0.6021355411105377,-0.588913468026945,0,The Strong Starters
0.8375992597011026,0.6618915446195157,2,The Motivated Finishers
1.2698618062016866,-0.7359427645687077,3,The Loyal Referrals
0.666787641248722,1.204361693827063,2,The Motivated Finishers
0.5201463640229872,-2.0549873667095007,3,The Loyal Referrals
0.3195594479032338,-0.11834130423553242,0,The Strong Starters
0.8745542341547574,0.23737676903687924,2,The Motivated Finishers
-4.5700574360490664,-1.7684434435243006,1,The Early Drop-Offs
0.9362291660850227,0.23021222847233233,2,The Motivated Finishers
0.6913770499014575,1.650479551190064,2,The Motivated Finishers
-4.2993242201668735,-0.46528972123021883,1,The Early Drop-Offs
0.7240332726552965,1.9948796519490604,2,The Motivated Finishers
0.8437924134044412,0.005321970524451145,0,The Strong Starters
0.8422534563344847,-0.7716998011937142,3,The Loyal Referrals
0.22511121661810427,-0.12187483721091687,0,The Strong Starters
0.28437024667723765,-1.531875136226134,0,The Strong Starters
0.5556445448814243,0.9903509847989105,2,The Motivated Finishers
0.41376005376346275,0.2476618783038287,0,The Strong Starters
0.9561931412820308,1.2569653902694484,2,The Motivated Finishers
0.9593675208435088,0.13115827211364248,2,The Motivated Finishers
0.25779934749164385,1.103764501348247,2,The Motivated Finishers
0.5611279141457877,0.7833648716149407,2,The Motivated Finishers
0.500067707340679,0.7096830412595322,0,The Strong Starters
-3.0857172498306196,-2.5231818118589726,1,The Early Drop-Offs
0.5148542437720955,0.2712131241209154,0,The Strong Starters
0.7494825371646792,0.8354851683974888,2,The Motivated Finishers
-3.6277595092268555,0.8422527823341661,1,The Early Drop-Offs
-3.0281264406351722,-0.8920298406310578,1,The Early Drop-Offs
-2.4075691630104843,0.1867363851091419,1,The Early Drop-Offs
0.7524639972178415,-0.33718174805871454,3,The Loyal Referrals
0.9014185463403233,-1.4351135806967845,3,The Loyal Referrals
-0.03404698435154922,-0.8483462736325222,3,The Loyal Referrals
0.8371656793628899,0.6758332664143566,3,The Loyal Referrals
0.04377295291357804,0.6736364738516037,0,The Strong Starters
0.5132272811810024,1.1715204437014435,2,The Motivated Finishers
0.1604350576244817,-1.263997581783459,3,The Loyal Referrals
-4.583862088799821,0.12288963760479939,1,The Early Drop-Offs
0.4976906864596747,1.3262463153825006,2,The Motivated Finishers
0.4548102887433184,-0.314356085953312,2,The Motivated Finishers
0.8131704430049174,-0.09388953796425994,3,The Loyal Referrals
0.5287206893998485,-0.17816919166390735,3,The Loyal Referrals
0.5767949957463684,1.8245186439792846,2,The Motivated Finishers
1.049199060788055,1.199990600323121,2,The Motivated Finishers
-3.883801958308263,0.8896976393101814,1,The Early Drop-Offs
-3.872791796197343,0.6648086799329905,1,The Early Drop-Offs
0.8717395537390265,-1.2037212454275388,3,The Loyal Referrals
0.21340036791756925,1.6253319626672023,2,The Motivated Finishers
0.2644749421153011,0.7034413165837137,2,The Motivated Finishers
0.4156837799955974,-1.5312100328563683,3,The Loyal Referrals
0.46758805695300937,1.0690912555604568,2,The Motivated Finishers
-2.20345269468391,0.8380347493581539,1,The Early Drop-Offs
0.7221157341040431,1.4696498574094103,2,The Motivated Finishers
-0.3106472038950352,0.2861272526944937,2,The Motivated Finishers
0.4012214915782378,1.3141318092901189,2,The Motivated Finishers
0.025680773127309067,-0.9603997111304835,3,The Loyal Referrals
0.08405264165924742,1.3491453294817177,2,The Motivated Finishers
0.23762415721357052,-0.46043030164921783,2,The Motivated Finishers
0.1200368577501656,-0.12649283084832064,0,The Strong Starters
0.31679032578721655,-1.3584206417256974,3,The Loyal Referrals
0.23607186163514246,0.9136448032590607,2,The Motivated Finishers
0.8968999361941712,-0.26944556098292244,3,The Loyal Referrals
0.6401254001229062,0.6966044849319776,2,The Motivated Finishers
0.9001364465383036,0.8901769735969611,2,The Motivated Finishers
-2.805691704075842,0.739929284546932,1,The Early Drop-Offs
0.4541947868777915,0.36638724374504544,0,The Strong Starters
0.9687378911481371,-2.1136062464166887,3,The Loyal Referrals
-2.3847149716966656,-0.049293096537619055,1,The Early Drop-Offs
0.9977569524960992,0.8155707798308897,3,The Loyal Referrals
-3.6079844751445167,0.028104702673198843,1,The Early Drop-Offs
0.42136000682365377,-0.46668908134962817,0,The Strong Starters
0.2978583361644881,1.0118940176885187,2,The Motivated Finishers
0.7473863793685038,1.0462264159124743,2,The Motivated Finishers
0.8511100108421222,0.783992651124959,2,The Motivated Finishers
0.3172624038480109,-1.9021876596288279,3,The Loyal Referrals
0.8907119304574873,-2.987562270604132,3,The Loyal Referrals
0.574856654811554,0.9633372261626433,2,The Motivated Finishers
1.1862426137938187,-1.2776857306405234,3,The Loyal Referrals
0.8399595573950598,1.7809796576017838,2,The Motivated Finishers
-0.14784200864818262,0.27359493683179287,0,The Strong Starters
0.32601873314837,-0.3458950371166626,2,The Motivated Finishers
0.6820561437064959,-1.8124143736833138,0,The Strong Starters
0.31737733506023047,-2.9980876472041347,3,The Loyal Referrals
0.5559023333631455,-1.0530028004924674,0,The Strong Starters
0.6048889701023525,1.154406555313172,2,The Motivated Finishers
0.8321714849625322,-1.1503699759998243,0,The Strong Starters
0.04385349096406898,-0.16270379268279983,0,The Strong Starters
0.8781700176311928,-0.07937846019745534,3,The Loyal Referrals
-2.9496672537439657,0.28944976806454326,1,The Early Drop-Offs
0.9204741435104169,0.9191388962699504,2,The Motivated Finishers
0.020739142121662512,-1.077387054268557,3,The Loyal Referrals
1.1277092597246086,0.7972206095452076,2,The Motivated Finishers
0.6619825962835463,1.7914483434126618,2,The Motivated Finishers
0.05327187662875856,0.026624641917893533,0,The Strong Starters
0.9209156604964186,-1.02099362194912,3,The Loyal Referrals
0.24943592414834817,-2.5696557033270295,3,The Loyal Referrals
0.10264183697518206,-2.008710740109856,3,The Loyal Referrals
0.45059897774437385,0.5411976607754916,2,The Motivated Finishers
0.4931525399600288,0.33050901056422555,2,The Motivated Finishers
0.7490642871527049,0.399847029292078,3,The Loyal Referrals
-3.351928949998688,1.177312051213898,1,The Early Drop-Offs
0.10754036674146208,0.140332202210736,0,The Strong Starters
0.7402906872559117,-1.5689767651748194,0,The Strong Starters
0.27258691398590545,-0.5671161170456541,3,The Loyal Referrals
1.042970606011016,-0.8799524771453987,3,The Loyal Referrals
0.4730851705665786,-0.6727252573113573,3,The Loyal Referrals
-3.9821584058891535,0.7570614163912681,1,The Early Drop-Offs
0.24788710604173103,-2.497912302788976,3,The Loyal Referrals
0.6087534982642125,0.8530311060358685,3,The Loyal Referrals
0.7019413876562282,-1.781628605385481,3,The Loyal Referrals
0.5014136180715788,0.9004628396271387,2,The Motivated Finishers
0.8624330223449587,0.18324039076630178,0,The Strong Starters
0.9250640359906581,-0.18820682763736843,3,The Loyal Referrals
0.4966484609220487,-0.7146935059218127,0,The Strong Starters
0.0969230701324687,0.5228932705477826,2,The Motivated Finishers
0.2808675768096269,0.2533597229778908,0,The Strong Starters
0.23646800516223118,-0.29601225118389507,0,The Strong Starters
0.46842695962280173,0.453292519560119,0,The Strong Starters
-1.6155772622480098,1.4403410503211351,1,The Early Drop-Offs
0.5389856518145595,0.47203456214063755,2,The Motivated Finishers
-0.1485481887846055,-0.039771131577176,0,The Strong Starters
0.10921690194266431,-0.25138287145378535,2,The Motivated Finishers
0.9598500885945687,0.926786836494335,2,The Motivated Finishers
0.48386734207128806,-0.25642696801519516,0,The Strong Starters
0.5449726688475796,0.6103455834732868,2,The Motivated Finishers
0.0692227822432255,-2.249725971385832,3,The Loyal Referrals
0.7292507599310295,1.452070744732487,0,The Strong Starters
0.32191566640067704,-1.070856201635492,0,The Strong Starters
0.6322661668711248,0.8271253460337927,3,The Loyal Referrals
-0.03779978113896506,-1.1268221607013653,0,The Strong Starters
0.6673363820745125,1.2191202448873555,0,The Strong Starters
0.13569750194294575,0.5232390650250281,2,The Motivated Finishers
-3.741200791171263,1.9903292328413074,1,The Early Drop-Offs
0.7653060050335622,0.6672686226858747,2,The Motivated Finishers
-3.693458617247678,1.5749613024569455,1,The Early Drop-Offs
0.48561741824018084,0.025524342352038033,2,The Motivated Finishers
0.7491290256998137,1.0982885953178658,2,The Motivated Finishers
-4.1423587229107675,-0.1542277871846674,1,The Early Drop-Offs
0.8015274044825671,0.4331606466308229,2,The Motivated Finishers
0.9859578295518547,-0.8824582159787628,0,The Strong Starters
0.2475017853062255,0.7969072963792375,2,The Motivated Finishers
0.552286125144124,0.5420605200818798,2,The Motivated Finishers
1.3749904949413092,-0.06195134844996499,3,The Loyal Referrals
-0.10222747839171964,-0.7136901951147955,0,The Strong Starters
0.6584159886563142,0.521230674905173,3,The Loyal Referrals
-2.1206263941578993,-0.7567572494365546,1,The Early Drop-Offs
-1.8038508364372277,0.37647616926009353,1,The Early Drop-Offs
0.5826185926891037,-1.3467484849165723,3,The Loyal Referrals
0.5296614046299101,1.1538497959593579,2,The Motivated Finishers
1.004600245469339,0.06548307923891188,0,The Strong Starters
0.997774979784471,0.38926296299702845,2,The Motivated Finishers
0.6328812034940715,-0.3851752440951445,3,The Loyal Referrals
0.39552259344503066,0.3682836259208762,3,The Loyal Referrals
0.6499505672654671,0.8299442690646052,2,The Motivated Finishers
0.9579094134955846,-0.011327450338397061,0,The Strong Starters
0.5828633850087557,-2.8635895402916076,3,The Loyal Referrals
0.5265865919169065,-0.623822581501485,3,The Loyal Referrals
0.5162714368370844,0.5203152182950656,3,The Loyal Referrals
0.5577412944119131,0.13927108018746057,3,The Loyal Referrals
0.5470994306621308,-0.028499996512906158,3,The Loyal Referrals
0.9185566049591635,0.39390910173030025,2,The Motivated Finishers
0.7218307298780775,1.0285161400254785,2,The Motivated Finishers
-4.340359888242213,2.2060931753461595,1,The Early Drop-Offs
-0.15168028558846475,-0.2608160010183469,2,The Motivated Finishers
0.23642755612187602,0.34216138096879495,3,The Loyal Referrals
1.0171598973235423,0.85167699766026,2,The Motivated Finishers
0.9792542791742691,0.16884656631766912,2,The Motivated Finishers
0.7345923908474079,0.8591097662083907,3,The Loyal Referrals
-3.536210251987763,-1.408073266336032,1,The Early Drop-Offs
0.7243216275223313,0.5942994899126056,2,The Motivated Finishers
0.510563951972708,0.03760643016910468,3,The Loyal Referrals
0.4350681327144034,0.6951719634927275,2,The Motivated Finishers
0.23512196760058998,-1.026174224601663,0,The Strong Starters
0.4007301522552077,0.05014849940234052,2,The Motivated Finishers
0.5911618999314302,-1.0979203785805798,0,The Strong Starters
0.903926581287783,-1.5488872167340852,3,The Loyal Referrals
-3.1591307050384594,1.4691649282188817,1,The Early Drop-Offs
0.5328745935855114,0.9690936974957913,2,The Motivated Finishers
-3.7392720830166932,1.3625712577688858,1,The Early Drop-Offs
0.5194827783157251,-2.244329106914917,0,The Strong Starters
0.3361764854829896,1.6379842295992222,2,The Motivated Finishers
0.798826313544669,-2.342302969954147,3,The Loyal Referrals
-0.05220966955778543,-0.538271178190044,0,The Strong Starters
0.15384245811166275,0.5330596126034425,2,The Motivated Finishers
0.019860526825643342,0.36915353834498704,2,The Motivated Finishers
-3.2094706653625042,2.4112590622250014,1,The Early Drop-Offs
0.8642598206806927,0.9390080535889382,0,The Strong Starters
0.5823186292102862,0.047864757892257095,0,The Strong Starters
0.7085629021351204,-0.15580163044051132,0,The Strong Starters
0.2570539235671296,-1.1753397746846606,3,The Loyal Referrals
0.2613523085344183,-0.2738345939860742,3,The Loyal Referrals
0.6922387127350716,0.8149900852513154,2,The Motivated Finishers
0.11576124259808063,1.055306537786394,2,The Motivated Finishers
0.007309240702675647,-0.5649521115078747,0,The Strong Starters
-2.4288996742830373,-0.44902891900367314,1,The Early Drop-Offs
0.10019988230921814,-0.9580299235015226,0,The Strong Starters
0.843056158865581,-1.8979616911289725,3,The Loyal Referrals
-3.885931076853833,1.7350603338587767,1,The Early Drop-Offs
0.7096244007133757,0.6647838860239044,2,The Motivated Finishers
0.20024079407724577,1.163494560225291,0,The Strong Starters
0.5238462579362214,1.0196000752900596,2,The Motivated Finishers
0.6553678902858414,1.9432103442511965,2,The Motivated Finishers
0.4614208024734649,0.21146330996646756,0,The Strong Starters
1.1209443554784904,1.5655293153370589,2,The Motivated Finishers
-0.3274849415476162,-2.237577620430103,0,The Strong Starters
-3.6572930584600174,0.9631415350332737,1,The Early Drop-Offs
-0.05807251028861178,0.6672577430818742,0,The Strong Starters
0.598102849356515,-0.4693307633527768,0,The Strong Starters
0.24469217364985965,-1.61486376072883,3,The Loyal Referrals
0.31888010712714643,1.4202049077993155,2,The Motivated Finishers
1.1716660722293006,0.7527342652643755,2,The Motivated Finishers
0.8250624948414629,0.19538907130991817,0,The Strong Starters
1.2454932244525176,0.12470089240829527,3,The Loyal Referrals
0.5139711245369761,0.9244587976922447,0,The Strong Starters
0.4364084109333053,-0.876909773397395,0,The Strong Starters
0.6789065808389741,-0.04308206330876331,2,The Motivated Finishers
1.129099048608997,0.9583783849614047,2,The Motivated Finishers
0.5078274718477424,1.011272604821917,2,The Motivated Finishers
0.6040553518813377,1.2378964619191088,2,The Motivated Finishers
1.1173975821165971,0.6390267049715331,2,The Motivated Finishers
0.09029122683155844,0.3542122573107451,2,The Motivated Finishers
0.8018200273214802,0.41891840363644434,2,The Motivated Finishers
0.4154407850015302,-1.5473413817772208,3,The Loyal Referrals
-3.5362366462515937,-1.059018647238567,1,The Early Drop-Offs
-3.976323835912055,0.7868633142585488,1,The Early Drop-Offs
-2.538978890448754,-0.9461109384709236,1,The Early Drop-Offs
-3.8847908468030203,0.31447334741466293,1,The Early Drop-Offs
1.2592428294464675,-0.5840223961573238,3,The Loyal Referrals
0.47570020401303265,-1.572967316590255,0,The Strong Starters
0.8170202478811481,0.8474389729513364,2,The Motivated Finishers
1.1797332627143131,1.2835917308918634,2,The Motivated Finishers
0.7932167537609079,-0.6453854283480969,0,The Strong Starters
0.766567113676657,-1.3087084635447108,3,The Loyal Referrals
0.324826507789076,-0.1525579655360988,2,The Motivated Finishers
0.850036107836111,-0.1504187925195786,3,The Loyal Referrals
0.405322276455002,-1.5654824408691668,0,The Strong Starters
-3.887141568664283,0.6259386310677889,1,The Early Drop-Offs
-0.17494473669715532,0.4735595449004933,2,The Motivated Finishers
0.4784067329707466,-0.26913158476963595,2,The Motivated Finishers
0.5193567413673654,-1.6937167338627868,0,The Strong Starters
0.5728962585182757,-3.067676525952594,3,The Loyal Referrals
0.7488654778753528,0.8393986703013535,2,The Motivated Finishers
-3.431652762464402,-1.2007506342246865,1,The Early Drop-Offs
1.331075626782397,-1.3564920771465279,3,The Loyal Referrals
0.29651467040007873,-0.7122130424392893,3,The Loyal Referrals
0.8838352948369249,-1.6394022284661343,3,The Loyal Referrals
-0.05783592865522832,-1.4651467873955917,0,The Strong Starters
-2.8322960018780354,-0.33370643159080965,1,The Early Drop-Offs
0.3701788588695139,-0.03663810336455532,2,The Motivated Finishers
0.5649046144046667,-0.5371145446409427,3,The Loyal Referrals
0.8396935485756882,0.905774688519019,2,The Motivated Finishers
0.2765496959888379,-0.9996854304822407,3,The Loyal Referrals
0.9110557578457269,0.7298104616692571,2,The Motivated Finishers
-0.053038770592762616,-0.686528397937905,3,The Loyal Referrals
0.6711923746316246,-0.14365294989689487,0,The Strong Starters
0.5170163858676368,-0.03513304537431823,0,The Strong Starters
0.9765500224361019,0.16659096990345362,0,The Strong Starters
0.22474424374858962,0.13588405919522356,0,The Strong Starters
0.03635431434547635,-1.8991570120898922,0,The Strong Starters
0.3829086117191437,-1.087283714981811,3,The Loyal Referrals
0.26909878428347417,-0.20885264957697713,2,The Motivated Finishers
0.827362807141571,-0.20875450808726106,3,The Loyal Referrals
-3.2853194645648753,0.3869694230204466,1,The Early Drop-Offs
0.3286408985205619,0.8014423009564552,0,The Strong Starters
-3.508874916825392,-1.9653747363773597,1,The Early Drop-Offs
0.4643083128219508,-2.5176123662493004,3,The Loyal Referrals
0.40847355996874285,-1.2943086995474626,3,The Loyal Referrals
1.0649332190344771,1.3997595756388246,2,The Motivated Finishers
0.5010444038311291,-0.6364883268742441,3,The Loyal Referrals
0.6180463985538704,0.8540459973988409,0,The Strong Starters
0.920056318241029,-0.7948073341754731,0,The Strong Starters
-3.642480798752755,0.41780029222227144,1,The Early Drop-Offs
-4.8000780698838845,-1.0511767444394091,1,The Early Drop-Offs
0.010843257465277933,-3.0330170958935923,3,The Loyal Referrals
-3.5798116661333195,-1.2214930723422603,1,The Early Drop-Offs
0.49848403082975307,0.5094289024079096,0,The Strong Starters
0.620094537055421,-0.17402897115664973,0,The Strong Starters
-3.999685750350027,0.8643757411853498,1,The Early Drop-Offs
-4.017629966803958,1.8153060308835574,1,The Early Drop-Offs
-3.774753325397703,-2.3452449061972116,1,The Early Drop-Offs
1.106911666306586,-0.14604264564597158,2,The Motivated Finishers
0.5602071596727983,-1.376834975393405,3,The Loyal Referrals
0.7537997679020874,0.625478920676673,0,The Strong Starters
-3.916006657915735,2.0391624111281343,1,The Early Drop-Offs
0.9026234014681669,1.2267347674237337,2,The Motivated Finishers
0.24529924252900645,-0.1694562155443443,2,The Motivated Finishers
0.871365177945977,-0.05222217539384013,3,The Loyal Referrals
0.6831118306487709,0.23356997813523606,0,The Strong Starters
0.6672679367802352,0.6984101228013517,0,The Strong Starters
0.27638910403228795,-0.6900222052614663,0,The Strong Starters
0.7957573508460125,-0.031627657494801745,0,The Strong Starters
0.10019693202460977,-0.3487882250910309,2,The Motivated Finishers
0.3157927649685826,0.8764463695214004,0,The Strong Starters
-0.03439816165224517,-0.5086099776960542,3,The Loyal Referrals
0.8464147014990594,0.7064701807287387,2,The Motivated Finishers
0.5468957414007779,0.6964595957998673,2,The Motivated Finishers
-0.05964916280268906,0.08062625825349352,2,The Motivated Finishers
0.09194120324795599,0.3129785578921294,0,The Strong Starters
0.47534567607126704,0.6084828587665994,0,The Strong Starters
0.5072468229022513,0.11527481596145635,2,The Motivated Finishers
0.533851851300671,1.1869916923438757,2,The Motivated Finishers
0.21892515434051021,0.7724087824655709,0,The Strong Starters
0.2762281545882958,-1.0802900321520084,3,The Loyal Referrals
0.6832711428155568,-1.5392061280210958,3,The Loyal Referrals
0.6997092089788551,-2.327651219702827,3,The Loyal Referrals
0.5842797303089228,0.6893554457704876,2,The Motivated Finishers
0.16000653680054894,0.14962220651926855,0,The Strong Starters
0.29159346573309247,0.5854541080453408,2,The Motivated Finishers
0.7238565734583859,0.7516891618389779,2,The Motivated Finishers
0.68984331239416,-1.4228804913629765,3,The Loyal Referrals
0.6895392077742062,-0.8752229925460617,0,The Strong Starters
-0.03092662299021328,-1.172650498469138,0,The Strong Starters
0.6044688726134176,-1.861119810538655,0,The Strong Starters
0.21255505188709364,0.09259481926922182,0,The Strong Starters
0.3135986820917916,-1.092438712695625,3,The Loyal Referrals
0.3286178846952576,-0.057631319205456846,2,The Motivated Finishers
0.6198998105701385,-0.990911644432871,3,The Loyal Referrals
0.5737341407766047,-0.148069281425935,2,The Motivated Finishers
1.0917138444581986,-0.44487899708150425,3,The Loyal Referrals
0.9080896334293248,0.6993056401641918,2,The Motivated Finishers
0.18825966720950338,-0.2140088830509333,0,The Strong Starters
0.6709305069533897,-0.17190217498774474,2,The Motivated Finishers
0.5870394333123665,-1.1419094133096732,0,The Strong Starters
-2.5816023242992108,0.2859587504604811,1,The Early Drop-Offs
0.1478441573853403,0.8346159424476841,2,The Motivated Finishers
-3.048304495796277,-0.3633698856120445,1,The Early Drop-Offs
0.3020885914436053,1.246806160011111,2,The Motivated Finishers
0.6085975406730595,-0.8326658993187052,3,The Loyal Referrals
0.1967759893589015,-0.46190066393030693,0,The Strong Starters
0.7240332726552965,1.9948796519490604,2,The Motivated Finishers
0.7568848378411043,-0.1323426764518154,0,The Strong Starters
0.4003335434855391,0.7282482934147169,2,The Motivated Finishers
0.20389602327148795,-0.037724830326559725,2,The Motivated Finishers
0.7233688480892895,1.0277516019028476,2,The Motivated Finishers
0.23676880495701555,0.22709886573036434,2,The Motivated Finishers
0.7573919727329531,1.2136180329662904,2,The Motivated Finishers
0.27419301224881465,-0.5787277935128604,3,The Loyal Referrals
-3.490400313604011,1.4303333914035463,1,The Early Drop-Offs
-0.00866185134866558,-1.9130582239172338,0,The Strong Starters
0.6673383021225238,-0.7600412872773623,0,The Strong Starters
-3.5673342166633537,0.7525593670659473,1,The Early Drop-Offs
0.391834539139287,-0.8285099272126979,0,The Strong Starters
-3.5691432889615826,1.9050887432963812,1,The Early Drop-Offs
0.44452330510683696,0.6171643295605882,2,The Motivated Finishers
0.7437262564305634,-0.7557128244228806,2,The Motivated Finishers
0.72525820554582,-0.5373964985465638,0,The Strong Starters
0.3563399442531031,1.0400707062283816,2,The Motivated Finishers
0.30395847743276083,-0.7157178235299632,0,The Strong Starters
0.9101424062962722,-2.3241295589666473,3,The Loyal Referrals
-3.6483220973263815,0.5226406850607129,1,The Early Drop-Offs
0.05480824980762663,-1.9688100375708741,0,The Strong Starters
0.8678150539430144,0.8629890936610208,3,The Loyal Referrals
0.7377583105084574,0.7358242183460278,0,The Strong Starters
0.682829098642352,1.0940163961577078,2,The Motivated Finishers
0.39694452504038386,-0.04552971589212275,2,The Motivated Finishers
-2.7362577058687902,-0.02005884828568334,1,The Early Drop-Offs
0.8697506197826397,0.9619110713668096,2,The Motivated Finishers
0.5325881587664874,0.3905123273675283,2,The Motivated Finishers
-4.851262443231583,-0.1764727337289036,1,The Early Drop-Offs
0.12276907024226108,-0.7752188319660036,0,The Strong Starters
0.786347425081751,-1.2234776623889385,3,The Loyal Referrals
0.7559394882456457,0.530998566500268,2,The Motivated Finishers
0.263754921647543,0.8923935453113081,2,The Motivated Finishers
0.41558513398090124,0.1323887043497279,2,The Motivated Finishers
0.6914494106570692,-1.4344921678301827,3,The Loyal Referrals
0.4756289621789372,0.17857573937379398,2,The Motivated Finishers
0.49575859809186,-0.07500736669351352,3,The Loyal Referrals
0.3981101363801362,0.6505804246044565,2,The Motivated Finishers
-3.7125581055616643,-2.5357498413333346,1,The Early Drop-Offs
1.0449337028619832,-0.15370400563149547,3,The Loyal Referrals
-2.0976486336137494,-0.8680880490082414,1,The Early Drop-Offs
0.6753143760081083,-0.631221175598381,0,The Strong Starters
0.8720424721823196,1.5602890622630736,2,The Motivated Finishers
0.17773463050757907,-0.8086750341516964,0,The Strong Starters
0.8329723956523171,1.1050791963092992,2,The Motivated Finishers
0.6017547279096878,0.17116372551575895,2,The Motivated Finishers
0.21934387319062007,-1.5884331426661635,3,The Loyal Referrals
0.2566526804320641,1.498120249903064,2,The Motivated Finishers
0.42922401092295515,0.24980728129508184,0,The Strong Starters
0.9593186119027253,1.7718534745597758,2,The Motivated Finishers
0.44850708792007643,2.1382768273325534,2,The Motivated Finishers
0.003294341645760825,0.5845331313617963,2,The Motivated Finishers
0.9253633404800173,1.035757730101596,2,The Motivated Finishers
0.5163380751543946,0.27100246540524525,3,The Loyal Referrals
-3.4881777236318223,0.0815384266089246,1,The Early Drop-Offs
0.5481920795215686,0.3786471482514672,0,The Strong Starters
0.28823073254702175,1.2330490805526517,2,The Motivated Finishers
0.48494926664919585,0.26753494949471934,2,The Motivated Finishers
-2.216925914740302,-1.2797922377194375,1,The Early Drop-Offs
1.0783817125621007,-1.3029511456415832,3,The Loyal Referrals
1.1039552762698548,1.0376357205520936,2,The Motivated Finishers
-2.418430153596813,0.5105747512915438,1,The Early Drop-Offs
0.7191233244285563,0.017772054090194323,2,The Motivated Finishers
-0.1128762178778338,-0.6808111041473371,2,The Motivated Finishers
0.8189132192916125,0.8223366224535732,0,The Strong Starters
1.2720386249445306,0.37311712852258394,2,The Motivated Finishers
0.5815754735707556,0.6870998493562722,0,The Strong Starters
0.22522509338135385,0.06047178679917871,2,The Motivated Finishers
0.5106736879338287,1.084275402764491,2,The Motivated Finishers
-3.2228536695685053,-0.44793752257267905,1,The Early Drop-Offs
-3.1114296743136713,0.6347974150291674,1,The Early Drop-Offs
0.4639922381682097,-1.059093606680809,0,The Strong Starters
0.3499173189049696,0.4609061955265175,2,The Motivated Finishers
-2.425099748708648,-0.2694723729863077,1,The Early Drop-Offs
0.6152462060100778,1.5136191368610996,2,The Motivated Finishers
0.7310427804457026,0.3949949821223252,2,The Motivated Finishers
0.956580978479729,0.11051085074998664,2,The Motivated Finishers
0.7125955938891432,-0.2753843351146795,0,The Strong Starters
0.5845564307482755,0.05375362819562031,2,The Motivated Finishers
0.0862131036085631,0.8121584600608214,0,The Strong Starters
1.331077433759364,-0.5864692021707038,3,The Loyal Referrals
-0.1582858532816723,-1.3111193117129454,0,The Strong Starters
0.2040782564703436,0.7663498775704528,2,The Motivated Finishers
0.26326557945280166,0.5763353740887053,2,The Motivated Finishers
0.23816852230696003,0.16358286044852396,3,The Loyal Referrals
0.3397020423451634,0.1724408155069484,0,The Strong Starters
0.5604274833617148,-1.242030858335055,3,The Loyal Referrals
0.8167352436551826,0.40630525556740466,2,The Motivated Finishers
0.7296787155956895,0.09114082553841837,3,The Loyal Referrals
0.7850243704968023,-0.601436088143675,0,The Strong Starters
1.0673325348367233,0.031948311146865846,0,The Strong Starters
0.8292265770458496,1.2111712269529105,2,The Motivated Finishers
0.7490749787726861,-1.110959757365554,3,The Loyal Referrals
0.09765089544576083,0.33323803998401924,2,The Motivated Finishers
0.3969315665113771,-0.5898949417019109,3,The Loyal Referrals
0.571972437094078,1.4585870572578188,2,The Motivated Finishers
0.7270044658310636,1.0547114308104764,0,The Strong Starters
0.23681964770550687,-0.10419128668978346,0,The Strong Starters
0.4712236746947834,1.0960510844680853,0,The Strong Starters
-3.8792829888349036,-0.4507190417182163,1,The Early Drop-Offs
0.7566733881687747,0.7864260373772,3,The Loyal Referrals
1.0725170648543074,-0.867445099345489,3,The Loyal Referrals
0.5550249638193839,-0.4005086958849595,0,The Strong Starters
0.29043778285889643,-0.3353298131492761,3,The Loyal Referrals
0.7266780955729424,-0.2650223603060228,2,The Motivated Finishers
0.4196645989382836,-0.08709188385510393,2,The Motivated Finishers
0.38255774608998966,0.7233288967551863,0,The Strong Starters
0.9574462552672771,0.8150671347628861,2,The Motivated Finishers
-3.209711894617639,0.2788165053304771,1,The Early Drop-Offs
-0.13537696051659984,-0.34291207359685205,0,The Strong Starters
-3.6955649553203638,1.5952432150548659,1,The Early Drop-Offs
0.39420102451412525,-2.0135235199302772,3,The Loyal Referrals
0.933590770750044,-2.023789697062812,3,The Loyal Referrals
0.5791967725435256,1.073022423553578,0,The Strong Starters
-4.294730820642647,0.9957583870610593,1,The Early Drop-Offs
0.9961836846605978,0.6443847845237162,2,The Motivated Finishers
-0.25070006148784457,-2.1940645128484855,0,The Strong Starters
0.8149242788603368,0.3729151291261705,0,The Strong Starters
0.08647238739570945,-1.9320487660552617,3,The Loyal Referrals
0.526578005185737,-0.160683186258203,0,The Strong Starters
0.05756643606101628,-0.06470883766542486,0,The Strong Starters
1.0111928449821581,-1.7315741151479893,3,The Loyal Referrals
-0.08721277972735403,-0.47217772066684216,0,The Strong Starters
0.5627585795494859,1.3220853401851478,2,The Motivated Finishers
-3.2279457381600616,0.7355622675023368,1,The Early Drop-Offs
0.5744620925816304,-1.5096204295167424,3,The Loyal Referrals
-3.65737579842088,-0.5353739484707485,1,The Early Drop-Offs
0.472662837762535,0.1480709178687287,2,The Motivated Finishers
-0.0979363964312725,0.49730802967211124,0,The Strong Starters
0.8399541364641591,-0.5290889673256888,2,The Motivated Finishers
0.40272167010268306,0.6569726338149249,2,The Motivated Finishers
-0.12021838245630348,-2.009813929785258,0,The Strong Starters
0.6126852717839922,1.0954670031613927,2,The Motivated Finishers
0.8333553581765359,-0.5095592689676816,3,The Loyal Referrals
0.9938344346927211,-0.32152767963558165,3,The Loyal Referrals
0.53881094836998,-0.6863981443337722,0,The Strong Starters
1.112646305798396,0.33141741405661046,3,The Loyal Referrals
0.398649734560569,-1.1891828691348458,3,The Loyal Referrals
-3.6399618226008936,-0.6875699220544849,1,The Early Drop-Offs
1.1613407483758393,-0.34199831057390373,3,The Loyal Referrals
-2.582117782681461,0.5327080467781736,1,The Early Drop-Offs
0.012637533110582647,0.9931837865944724,2,The Motivated Finishers
0.47005299459566613,1.370613986615155,2,The Motivated Finishers
1.112837921205387,-0.9310663579143678,3,The Loyal Referrals
0.06115864089188213,0.5234302746241927,0,The Strong Starters
0.6951247374295146,1.089763129131964,2,The Motivated Finishers
0.42059508345008356,0.23070399452364396,2,The Motivated Finishers
-3.9459587866476444,-0.5179621191294025,1,The Early Drop-Offs
0.44938974191261566,0.9534738933306444,0,The Strong Starters
0.5305007725422825,1.0696083203895994,2,The Motivated Finishers
0.7196878608231654,0.11450800468081464,2,The Motivated Finishers
0.2368652060052208,0.09682739028446972,0,The Strong Starters
-4.004698518807745,0.3011181568448584,1,The Early Drop-Offs
0.4854597901541842,0.41218191634351325,0,The Strong Starters
0.6579476323099765,0.6094509126804264,0,The Strong Starters
0.6234446504633312,0.33746400848387476,2,The Motivated Finishers
1.036099316783854,-1.2887485307921147,3,The Loyal Referrals
1.1066437374392033,0.9579139174359814,2,The Motivated Finishers
0.9182682500921283,1.794489263766755,2,The Motivated Finishers
0.023524438733184445,-0.26269314489886486,2,The Motivated Finishers
0.2942643243566553,-0.34626796957692296,0,The Strong Starters
-0.04476158524085176,1.4362791464558649,2,The Motivated Finishers
0.11248395298459227,0.8416152420157006,2,The Motivated Finishers
0.7931739948679436,-0.23791397587567992,2,The Motivated Finishers
0.46494863155518545,0.04750003128059711,0,The Strong Starters
0.884349765397164,0.7910574507757426,2,The Motivated Finishers
0.3749787462166536,0.4479662514944081,2,The Motivated Finishers
0.643717379612978,-1.4566158952993649,0,The Strong Starters
0.23146358969499395,-0.8334433235708809,0,The Strong Starters
0.5194249520703785,0.28320374325258096,3,The Loyal Referrals
0.24219837702117072,0.5063879820538165,0,The Strong Starters
0.26616325857492684,0.08613007350776654,2,The Motivated Finishers
0.8142694063759778,-1.4514619238495723,3,The Loyal Referrals
-3.732384821950058,-0.35701108550594307,1,The Early Drop-Offs
-0.18643079721688915,-0.8490992456768465,2,The Motivated Finishers
-3.300082337098371,1.60925341359085,1,The Early Drop-Offs
0.6454475273473392,-0.6637698042121651,0,The Strong Starters
0.6620487693582765,1.0105783300922622,0,The Strong Starters
0.8920931731106996,-0.5533997481740606,3,The Loyal Referrals
0.8267052530013744,-0.6229408487402822,0,The Strong Starters
-2.6511455313006693,0.41848169141220454,1,The Early Drop-Offs
-0.5599365888439974,-1.4612266829763343,0,The Strong Starters
0.14174257587262776,0.12178485165012261,2,The Motivated Finishers
0.37268870079394056,0.6196111355739682,2,The Motivated Finishers
0.958900659802596,-0.4814749309358094,2,The Motivated Finishers
0.6131063588357781,1.068717315987343,2,The Motivated Finishers
0.08715891844660192,0.6803744775393177,0,The Strong Starters
0.6993075654873281,1.5782809858947924,2,The Motivated Finishers
0.7908894834471758,-0.5053848740091894,2,The Motivated Finishers
0.7741834884164945,1.3870167807544949,2,The Motivated Finishers
0.884349765397164,0.7910574507757426,2,The Motivated Finishers
0.1366451237579515,1.1614779574793483,2,The Motivated Finishers
-4.171655969506935,1.4160200148052504,1,The Early Drop-Offs
0.909016038744611,-1.0545014918392879,0,The Strong Starters
0.4556283270849267,-0.04145917884032825,0,The Strong Starters
-2.00208510603321,0.1567629168242158,1,The Early Drop-Offs
0.17044431075876526,-0.32750547846720723,0,The Strong Starters
0.3763013355590221,-0.7056325831814351,3,The Loyal Referrals
0.1659747460355195,2.0398447931223953,2,The Motivated Finishers
-1.4684159852716934,1.285166333114979,3,The Loyal Referrals
0.3274314090273212,0.13495418341128537,2,The Motivated Finishers
0.5478717838732841,-0.496003941424337,3,The Loyal Referrals
0.4314321765607905,0.6760370492046807,0,The Strong Starters
-3.4615421818649477,-0.3738640524785396,1,The Early Drop-Offs
-3.1894121722842717,0.21280857313677443,1,The Early Drop-Offs
0.36106289767855215,-1.004264736707826,3,The Loyal Referrals
0.7958949289772579,-1.2003645028774883,3,The Loyal Referrals
0.37048280737565226,1.4949615030707726,2,The Motivated Finishers
0.23378181621242947,1.0852896873386206,2,The Motivated Finishers
0.9962958812776221,0.5960907086081492,2,The Motivated Finishers
1.0430322715510905,0.8739199151597112,2,The Motivated Finishers
0.951724470139507,-0.4504724937181073,3,The Loyal Referrals
1.0407432561912222,-0.1868459020160134,3,The Loyal Referrals
1.0443765021357647,0.8340590136016551,2,The Motivated Finishers
-2.8302900237999467,1.7120017688912212,1,The Early Drop-Offs
-3.4545312166690896,-1.062813281101536,1,The Early Drop-Offs
0.8104545776549682,-0.10211205360610061,0,The Strong Starters
0.4588213392550355,-1.5476767237452673,3,The Loyal Referrals
0.30391933249373015,1.2317993788941022,2,The Motivated Finishers
-2.451273328141816,-0.9079842235424924,1,The Early Drop-Offs
0.8170184409041813,0.07741609797551248,2,The Motivated Finishers
1.2565543682771192,-0.5043005930412117,3,The Loyal Referrals
-0.01347730892382977,0.2617195142144353,2,The Motivated Finishers
0.18791005264312843,0.048965363619010695,3,The Loyal Referrals
0.30442173417112134,0.6598649088395522,2,The Motivated Finishers
1.0943258656754216,0.4887679084404027,2,The Motivated Finishers
1.0681770739530771,-0.4377481216862623,3,The Loyal Referrals
0.5604667271498059,0.7237073492888837,2,The Motivated Finishers
0.6374853342930838,0.5149571387428823,3,The Loyal Referrals
0.11734839658081714,-0.04677102773220855,0,The Strong Starters
0.19134700936806745,0.3297496552269819,2,The Motivated Finishers
0.6933838980751719,1.8077238247023963,2,The Motivated Finishers
-4.701974651171807,-2.2676078134994198,1,The Early Drop-Offs
0.674034521172579,0.16074211693516313,2,The Motivated Finishers
1.0966729415275076,-2.318268833759152,3,The Loyal Referrals
0.7493738180194657,-0.4185524600571693,0,The Strong Starters
0.11517241415394072,0.7618934388995886,2,The Motivated Finishers
1.030161843077869,1.7001719740936465,2,The Motivated Finishers
0.34931149218252433,1.5494894870037204,2,The Motivated Finishers
-2.9242912558190923,1.953601718827688,1,The Early Drop-Offs
1.2841186729182268,0.4406768313339405,3,The Loyal Referrals
0.3554423882724669,-1.9318919148771954,3,The Loyal Referrals
-2.4701297912408773,0.19317108991857398,1,The Early Drop-Offs
0.3780568515606676,-0.008187216165341805,2,The Motivated Finishers
-3.2764007820343655,1.1308537799653942,1,The Early Drop-Offs
-3.942599677335148,1.2792512208745181,1,The Early Drop-Offs
0.6780071048103269,-1.0358831522496221,3,The Loyal Referrals
0.5318742046331425,-0.4152806667063914,3,The Loyal Referrals
0.3802663589328896,0.6565081662895016,2,The Motivated Finishers
0.7658831665168532,-1.148675255932357,3,The Loyal Referrals
0.9000714787158374,-0.932864852859268,0,The Strong Starters
0.6654323668725309,-0.5257122855283706,0,The Strong Starters
-4.242396256959381,1.1301482662999234,1,The Early Drop-Offs
0.5951714647891039,0.6726077037238819,2,The Motivated Finishers
-3.8152707496239464,0.3786552175253111,1,The Early Drop-Offs
0.9971313064756036,1.2826236769780364,2,The Motivated Finishers
-0.20865999703433863,-0.07511102825666645,0,The Strong Starters
0.8282397114427527,-1.3928058731253483,3,The Loyal Referrals
1.0599529054654488,0.8811033878586726,2,The Motivated Finishers
0.12673590418865133,-1.9710925321869674,3,The Loyal Referrals
0.7661158326889022,0.3246020546964277,0,The Strong Starters
0.45474567309238745,1.1433437551615806,2,The Motivated Finishers
-0.045999368899859436,1.4285975410621756,2,The Motivated Finishers
-2.6034260974678896,1.316243387450729,1,The Early Drop-Offs
0.06254662279930336,-0.08543482493543432,0,The Strong Starters
0.4143279407991411,-1.4973160505259375,0,The Strong Starters
-3.461882199467017,0.7094480025331719,1,The Early Drop-Offs
0.0768840275663344,0.25484450443281026,0,The Strong Starters
-3.981132072910653,-0.24048214205067692,1,The Early Drop-Offs
0.5996446434662834,-0.15469681791407192,0,The Strong Starters
0.09844364774251796,-1.5545188084713129,0,The Strong Starters
0.21217308572722102,-0.07105869307347047,2,The Motivated Finishers
0.6007020009034025,-0.18106704544157104,0,The Strong Starters
0.6718707877894834,0.1354296247038211,2,The Motivated Finishers
0.4005135044648476,0.2307428659053259,0,The Strong Starters
0.8844687109197789,0.002731032142189048,2,The Motivated Finishers
0.5803462766429174,0.2162788487193009,3,The Loyal Referrals
0.6013668907119892,1.317618265035221,2,The Motivated Finishers
0.8450473343666546,0.33344658999371285,0,The Strong Starters
0.9004893039852252,0.7810813775861558,2,The Motivated Finishers
0.8455982205812504,1.1104031014102478,2,The Motivated Finishers
-3.3955295136793504,-0.6179746766626094,1,The Early Drop-Offs
0.20106140614580165,-2.4077559883132205,3,The Loyal Referrals
0.10176322167916285,-0.5621701474963118,0,The Strong Starters
-4.763643280492354,-1.3419424014684922,1,The Early Drop-Offs
0.2924814138257911,1.171337623920743,2,The Motivated Finishers
0.27762822942568244,-0.443874985322532,0,The Strong Starters
-3.9841047007457773,1.5409952325725018,1,The Early Drop-Offs
0.860789952513505,-0.4693060049840271,3,The Loyal Referrals
-3.127558402614859,1.204845327832291,1,The Early Drop-Offs
-4.301102267933427,-1.1044355496805172,1,The Early Drop-Offs
0.6861343937602326,-1.730978401383229,0,The Strong Starters
-2.1596430681984007,-0.4237938547701662,1,The Early Drop-Offs
-3.3394990084486236,1.0587818092437484,1,The Early Drop-Offs
0.31795334964032457,-0.10672962776832619,2,The Motivated Finishers
-2.281767272310236,-1.7919358129969596,1,The Early Drop-Offs
0.404969771179616,1.8243548227127597,2,The Motivated Finishers
0.8210529396351708,0.7278562682771684,2,The Motivated Finishers
0.7532510270762972,0.6107203696163801,2,The Motivated Finishers
0.4556686009358632,0.6918683275283258,2,The Motivated Finishers
0.9503056065796741,1.372779991453792,2,The Motivated Finishers
0.49493952968740657,0.8845064274487874,2,The Motivated Finishers
1.234668097441035,0.38526580906620034,2,The Motivated Finishers
-3.0322455354481495,-0.9848375683155179,1,The Early Drop-Offs
0.04969546736671145,-0.4795370708413965,0,The Strong Starters
-2.6986078026580858,0.4301563826631549,1,The Early Drop-Offs
0.44902161574507043,-1.4237760087258167,3,The Loyal Referrals
-0.014038773687362543,-1.7536146176850094,0,The Strong Starters
0.6058855008581414,0.15195024532135878,2,The Motivated Finishers
0.7490003457975277,0.672431826248289,2,The Motivated Finishers
1.2613348461015061,-1.6417193876642242,3,The Loyal Referrals
0.7331768779286446,0.8406483719599032,2,The Motivated Finishers
1.4204264059528502,-0.31326543834191767,3,The Loyal Referrals
1.0863998576242067,-1.9737759318898351,3,The Loyal Referrals
-2.0158791468452417,-0.7964141388585486,1,The Early Drop-Offs
-0.185257967620651,0.6241071154513174,0,The Strong Starters
-3.8527431214996453,1.0967872671753536,1,The Early Drop-Offs
0.30327506711154123,1.054220657394369,2,The Motivated Finishers
0.22430194984846588,0.07358300118318513,2,The Motivated Finishers
0.6433642822642708,0.8622819328018209,2,The Motivated Finishers
0.5149641778209544,1.2243341920706567,2,The Motivated Finishers
0.8105028461637526,-0.9028633779614695,3,The Loyal Referrals
0.15222152708763578,1.2085223317363658,2,The Motivated Finishers
0.7272969618392353,0.5010870127659365,2,The Motivated Finishers
0.6182015695795198,-1.7656858527494057,3,The Loyal Referrals
0.4014597845454667,0.6305161438144015,2,The Motivated Finishers
0.9430420273421356,-0.20739358246590614,3,The Loyal Referrals
0.6481470323082047,1.026443273585212,2,The Motivated Finishers
-2.473602151372559,-0.4380195631700442,1,The Early Drop-Offs
0.8398490312728795,-0.24308084582869843,0,The Strong Starters
0.6216196591045636,0.3517192206370622,2,The Motivated Finishers
0.5238457926936416,0.4880428148594799,0,The Strong Starters
-0.35137642622708953,-0.5036695282201488,0,The Strong Starters
0.7466191837753869,0.4420393563793426,2,The Motivated Finishers
0.8723252041887383,0.6998426442406019,0,The Strong Starters
-3.0287888751242513,0.20742620251522922,1,The Early Drop-Offs
0.4972814479214561,-0.8508393103062051,3,The Loyal Referrals
-3.478189832640492,-0.267363941886941,1,The Early Drop-Offs
1.0292142212628632,1.0619330816393264,2,The Motivated Finishers
0.4088617088379833,-0.9698869232663956,0,The Strong Starters
0.2769662755059684,1.5083072879692194,2,The Motivated Finishers
1.1042232051372376,-0.0663208425298596,2,The Motivated Finishers
0.24423774395075118,-0.9900417320087602,0,The Strong Starters
0.4919414971513037,-0.027237631856445576,0,The Strong Starters
0.18441888345841004,-0.5937896012781128,3,The Loyal Referrals
0.8569944344661873,-1.411188395306584,3,The Loyal Referrals
0.6241060528097179,-0.8757923485180255,3,The Loyal Referrals
1.2280362541401246,0.21658479582916293,2,The Motivated Finishers
1.0969250172223093,0.7770316263516083,2,The Motivated Finishers
0.659471601061089,-1.499809693988463,3,The Loyal Referrals
1.1419952011165933,-0.010570055140240479,3,The Loyal Referrals
0.8193343952020701,0.6945689734786104,2,The Motivated Finishers
0.7671385527216462,-0.2889933760325158,3,The Loyal Referrals
0.6189131706468435,0.8577488405870356,3,The Loyal Referrals
1.1401601924335982,0.3293768995118978,2,The Motivated Finishers
1.2092170259546853,0.7746374176419477,2,The Motivated Finishers
0.6607499702425749,0.7120757335744099,2,The Motivated Finishers
0.5612623437394311,1.2084700717206962,2,The Motivated Finishers
0.41735225859432856,0.8358009905934461,2,The Motivated Finishers
0.7861466957563877,1.195235510785055,2,The Motivated Finishers
0.5768608571495568,-0.4272276851416444,3,The Loyal Referrals
0.6876498503176757,0.6899251079033496,2,The Motivated Finishers
0.17720163943470715,0.02948907800755105,3,The Loyal Referrals
0.6507670481832762,0.4260113483830961,2,The Motivated Finishers
-0.2993086719146381,-0.5863026048750641,0,The Strong Starters
0.43685285022223447,-0.05241075502911437,0,The Strong Starters
0.5951943517836672,0.9922991488356325,2,The Motivated Finishers
-0.011236435754764434,-1.650989796791026,2,The Motivated Finishers
0.5349074017608229,0.39059858984055257,2,The Motivated Finishers
1.1265745300372678,-1.113276916563644,3,The Loyal Referrals
0.8290727648435023,0.2876721819545788,2,The Motivated Finishers
0.5907898583025503,0.13051156046920984,2,The Motivated Finishers
-3.2860694299298174,-0.9765493904669522,1,The Early Drop-Offs
0.6013668907119892,1.317618265035221,2,The Motivated Finishers
-4.476547653084973,-1.041756885704761,1,The Early Drop-Offs
0.7796104765895612,-1.1061505541289858,3,The Loyal Referrals
0.2324375856277552,1.1251505888966769,2,The Motivated Finishers
0.8121866454373406,-1.2884274946836187,0,The Strong Starters
0.5337413251784907,-0.8370688110866065,0,The Strong Starters
0.7050202699143637,-0.23534849681412223,2,The Motivated Finishers
-2.5555732770324218,-2.2157191884309113,1,The Early Drop-Offs
0.43729604735446204,-1.7619025733225222,3,The Loyal Referrals
0.91133245828508,0.09420864409438963,2,The Motivated Finishers
-3.9072589216384173,0.12639077344088526,1,The Early Drop-Offs
0.7543050958169693,1.2014167551189547,2,The Motivated Finishers
0.3729697526541338,-0.4714759823741663,0,The Strong Starters
0.6927936412417435,-1.4743530693882387,3,The Loyal Referrals
0.037230419235128674,0.1369699395872485,0,The Strong Starters
0.6040991032040847,0.6688922639175379,2,The Motivated Finishers
0.6713687621569934,-0.37133877558734185,3,The Loyal Referrals
-0.11957289251908737,0.16984351048126986,2,The Motivated Finishers
1.1862426137938187,-1.2776857306405234,3,The Loyal Referrals
0.25643042293543966,0.05391108281872832,2,The Motivated Finishers
-4.363363050148321,-0.8927120485073228,1,The Early Drop-Offs
-0.038079441514307553,-2.1849739239877177,0,The Strong Starters
0.6284705219930659,-0.6541392193389256,3,The Loyal Referrals
-0.05129059557002923,-0.31999012368456625,2,The Motivated Finishers
0.5314005638380273,0.20524840046326287,0,The Strong Starters
0.8967010928793128,-2.0870532889152402,3,The Loyal Referrals
0.540488202136237,-1.1790697000445964,3,The Loyal Referrals
-3.177935933483134,-0.3322265249332351,1,The Early Drop-Offs
0.5130257749415175,1.5878000406443282,2,The Motivated Finishers
0.8574783063185718,0.693783739345484,2,The Motivated Finishers
0.15101518630574862,1.5505227037122644,2,The Motivated Finishers
0.6031475386746884,0.8014278154028633,2,The Motivated Finishers
0.6715750972540578,0.4515108169165046,3,The Loyal Referrals
0.7139439656149539,0.5317105073191792,2,The Motivated Finishers
0.3165198094331894,0.3011167948170476,2,The Motivated Finishers
-3.8491069280302774,-1.5887872637268843,1,The Early Drop-Offs
0.7475668055903926,1.0802782488336629,2,The Motivated Finishers
0.5873740101484413,-0.19218345000973502,2,The Motivated Finishers
1.1664677691355256,0.17620682944196428,2,The Motivated Finishers
1.2240035623861019,0.336167500503331,2,The Motivated Finishers
0.06600619536211114,-1.45537331704746,0,The Strong Starters
0.45507169117897317,-0.8176641212930418,0,The Strong Starters
0.5227927540158144,-1.3350642718983792,3,The Loyal Referrals
0.689813676494006,-1.0025395937567407,3,The Loyal Referrals
0.47054252694172943,1.8645744215271094,2,The Motivated Finishers
0.660638365698872,1.8313092449707178,2,The Motivated Finishers
0.8335665679470798,0.7814742492936838,2,The Motivated Finishers
0.8298850534937532,0.5613206580313841,0,The Strong Starters
0.12387919875130671,-1.6722128198361592,0,The Strong Starters
-0.592675346776616,-1.917211655866102,0,The Strong Starters
0.6014590373742623,0.4872449177284424,3,The Loyal Referrals
1.2035618791442253,-0.740214963728866,3,The Loyal Referrals
0.48332174995685157,0.7373029704455808,0,The Strong Starters
0.5472469187014738,0.3567232998633992,0,The Strong Starters
1.063175896055865,-0.06770866635309272,3,The Loyal Referrals
1.1276637014248947,0.5962019325709544,2,The Motivated Finishers
0.073307491473546,-0.7906993833766409,2,The Motivated Finishers
-0.6598307489868103,-3.3900960947873586,3,The Loyal Referrals
-4.066521425573218,-0.22827273655312502,1,The Early Drop-Offs
0.17759262534375922,-0.10847697199084241,3,The Loyal Referrals
0.33923518130425095,-0.44019238754250345,0,The Strong Starters
1.0479441398258416,0.8718659808538594,2,The Motivated Finishers
0.7640710448284214,-0.48903685616846815,0,The Strong Starters
0.5592110292734707,-1.6068508464114868,3,The Loyal Referrals
-3.4036410271484057,1.153949609292414,1,The Early Drop-Offs
0.3371678586207423,1.7072189240519717,2,The Motivated Finishers
0.22480921157105602,1.9589258856514526,2,The Motivated Finishers
0.4119735292786647,0.22522172184984637,2,The Motivated Finishers
0.725198531823513,-0.5897518751254819,0,The Strong Starters
0.4681326226001565,-2.020265306312759,3,The Loyal Referrals
0.6561439705219732,0.2665677421508718,2,The Motivated Finishers
-0.014575467399087737,0.2478522413330136,0,The Strong Starters
0.2886986236507793,0.613271582346819,3,The Loyal Referrals
0.2207765198170333,2.078508590325621,2,The Motivated Finishers
0.8778597546134321,0.15374146401690245,2,The Motivated Finishers
0.17878033351701558,-0.0700669172176079,0,The Strong Starters
0.5642444578105376,-0.11790467564507903,3,The Loyal Referrals
-0.04211213326833032,-2.0653912193135495,0,The Strong Starters
0.3521911035162837,-0.3242733485139495,0,The Strong Starters
1.3016116978073635,-0.5038227057546495,2,The Motivated Finishers
0.08537192871922411,0.12637706065475582,0,The Strong Starters
0.3608585543992552,-0.12559731348548064,2,The Motivated Finishers
0.87195935024074,-0.3758271224094556,3,The Loyal Referrals
0.26581522998558454,1.434354858965303,2,The Motivated Finishers
0.24882144875011106,0.20671424978376796,0,The Strong Starters
1.2289900636360114,-1.449278017416364,3,The Loyal Referrals
0.18069798513931332,-2.2940215298184996,0,The Strong Starters
0.6683731866812379,0.9499914412641965,2,The Motivated Finishers
0.37459036669609763,-1.8642231402466025,0,The Strong Starters
0.9349078224949119,0.5897645751421391,2,The Motivated Finishers
0.9740613970113947,1.90238775542273,2,The Motivated Finishers
0.7362206575398256,1.268146016899238,2,The Motivated Finishers
0.8964138909713003,0.23725757900661035,3,The Loyal Referrals
1.246748145414731,0.4528255118775569,3,The Loyal Referrals
1.152636849176963,-0.2811631916891219,3,The Loyal Referrals
-0.13996721048428318,0.06450259819915014,3,The Loyal Referrals
-3.676929876315493,1.2335206112808599,1,The Early Drop-Offs
1.0509922381963144,-0.5501136884921642,3,The Loyal Referrals
1.038532718756155,0.38086941678442765,2,The Motivated Finishers
0.8643344536558515,-0.8443835300249048,3,The Loyal Referrals
0.47975638448632146,2.0010761385997804,2,The Motivated Finishers
-0.022241531928393943,-1.1928521446606484,3,The Loyal Referrals
-2.601576639297663,-0.5872710703842191,1,The Early Drop-Offs
0.35874197060342783,0.3817675329840064,2,The Motivated Finishers
0.3476758440112011,-1.0003192082204737,0,The Strong Starters
0.17422854077192002,-2.0023428933004874,3,The Loyal Referrals
0.4090713462174397,-0.07786789661143004,3,The Loyal Referrals
0.6931998578993493,0.23362624182955957,2,The Motivated Finishers
-0.10196561071348462,-0.6854409700239454,0,The Strong Starters
0.45615632630495945,0.41580588746445596,2,The Motivated Finishers
1.041780187628689,0.08340746941098906,3,The Loyal Referrals
1.0130879617814281,-0.9944785052895105,3,The Loyal Referrals
1.4232041767446597,-0.7609727624853477,3,The Loyal Referrals
0.700987578160341,-0.11576579213995399,2,The Motivated Finishers
0.00803038043095796,-0.3760549107144616,2,The Motivated Finishers
0.7476543082358866,-0.0577301471694789,2,The Motivated Finishers
-3.4846351250644907,-0.6425929035817957,1,The Early Drop-Offs
0.5939762175491975,0.39683846083353835,2,The Motivated Finishers
0.3406057860066808,0.840301730912678,2,The Motivated Finishers
-4.801697310503038,-2.418649295266497,1,The Early Drop-Offs
0.7612066749622292,1.036164080249863,2,The Motivated Finishers
0.4686301460085122,0.26765362254289676,2,The Motivated Finishers
0.43616967980280097,-0.49227450619516266,2,The Motivated Finishers
0.6723876258060943,-1.4846429390970706,3,The Loyal Referrals
0.5194342077867803,-0.611458819088366,2,The Motivated Finishers
0.6095170799033958,-0.08282758438264795,3,The Loyal Referrals
0.08634603772302973,-0.6642134340182287,2,The Motivated Finishers
0.2711732080441092,0.1844453636816826,2,The Motivated Finishers
0.2963581479886608,-0.6339420861079991,0,The Strong Starters
0.8990396565377294,-0.36392591515932726,3,The Loyal Referrals
-3.3495823029867395,0.20132304534643705,1,The Early Drop-Offs
-2.7105243096456113,-2.3197841208584498,1,The Early Drop-Offs
0.739702336248511,-0.16777537424162658,2,The Motivated Finishers
0.5726517778701655,-0.07995915477702938,0,The Strong Starters
0.4338968985140346,0.5391955670101308,0,The Strong Starters
0.5282773654368795,0.9919404515793392,2,The Motivated Finishers
-2.24614268376906,0.37767917217462516,1,The Early Drop-Offs
0.6784206624468447,1.0030032517309306,2,The Motivated Finishers
0.5951926716374416,0.76165844890997,0,The Strong Starters
0.9624345634941539,-0.20035550818098483,3,The Loyal Referrals
0.27121708619759743,0.15482334073027315,0,The Strong Starters
0.5762423025548057,0.2775392575869255,0,The Strong Starters
0.5025167225837757,0.38984619773374146,0,The Strong Starters
0.5854356072690042,0.17128239856393654,2,The Motivated Finishers
0.972634044485141,0.006132472308256838,3,The Loyal Referrals
-1.7522009929868714,0.9268487700590889,1,The Early Drop-Offs
0.9392040620733952,0.7290717954844833,2,The Motivated Finishers
0.6980526445251147,1.2501563664255306,2,The Motivated Finishers
0.47572188575533186,1.3506359682981244,2,The Motivated Finishers
1.0305584518475375,1.0220721800812704,2,The Motivated Finishers
0.27701183380568234,1.7093259649434727,2,The Motivated Finishers
0.5101139033165216,-0.7004180292092913,2,The Motivated Finishers
0.31658825472746643,0.8218269169030515,2,The Motivated Finishers
0.22760625540349474,0.29086425666812515,2,The Motivated Finishers
0.1896216904912854,0.7760327535865135,2,The Motivated Finishers
0.052785831405887836,0.533327781907426,2,The Motivated Finishers
0.6833075871968982,-0.1819580498438273,0,The Strong Starters
0.34468854359507306,-1.6130047024127467,3,The Loyal Referrals
-3.1585930004358778,-0.7176632102615601,1,The Early Drop-Offs
0.5916879791034514,1.3385062198889224,2,The Motivated Finishers
0.5952819812599025,0.3936729278826521,0,The Strong Starters
1.0698988559562033,0.5030097008324511,3,The Loyal Referrals
0.25541423310373057,-0.6588488038527656,0,The Strong Starters
0.4877038120346033,-0.4920389051408792,0,The Strong Starters
0.2818146065513114,-0.17934082004853003,0,The Strong Starters
0.13041291110732234,0.783803464700842,2,The Motivated Finishers
0.4740014454865928,0.6483437603246555,0,The Strong Starters
0.5752254346580356,1.475601204732327,2,The Motivated Finishers
0.3361307018424815,-1.3043939398959907,0,The Strong Starters
0.7354732378629802,-1.0957160427693424,3,The Loyal Referrals
0.7528544183066286,1.2888201636287564,2,The Motivated Finishers
0.7805303274914391,1.1145640766076006,2,The Motivated Finishers
0.6699131118694168,1.71924977811739,2,The Motivated Finishers
-2.707031056783132,0.7552427408339427,1,The Early Drop-Offs
0.833813632486279,0.5662133293250522,2,The Motivated Finishers
0.6607499702425749,0.7120757335744099,2,The Motivated Finishers
1.0029941472064299,0.07709475570611808,2,The Motivated Finishers
0.9490815672698725,-0.16973201362774196,3,The Loyal Referrals
1.0982476065646776,-0.3765672083242348,3,The Loyal Referrals
0.6012984454177123,0.796908142949217,2,The Motivated Finishers
0.7306404219846764,1.073846345098523,2,The Motivated Finishers
1.126395910792346,-0.3773058745090086,3,The Loyal Referrals
0.8991450734005509,0.8209422791442118,2,The Motivated Finishers
-1.8180974196946007,1.0520027248336934,1,The Early Drop-Offs
0.6644712217082535,0.05565155789338534,0,The Strong Starters
-0.27438025579769815,-2.049957325658016,0,The Strong Starters
0.6232660312184093,1.0734350505385102,2,The Motivated Finishers
0.24973619929870738,-2.4933926303353298,3,The Loyal Referrals
-0.5144812683097038,-0.09051762338631127,0,The Strong Starters
-3.805710388531561,-0.05192197922741311,1,The Early Drop-Offs
0.4474051886601435,0.04498162944932195,0,The Strong Starters
-4.4459053902396555,-0.4869250520272558,1,The Early Drop-Offs
0.14511872464744743,0.25017967334626096,3,The Loyal Referrals
-0.013484410000956085,-2.2789898106386994,0,The Strong Starters
1.3684917125856069,-1.167622080715891,3,The Loyal Referrals
1.0302364760530276,-0.08321960952019661,3,The Loyal Referrals
-3.8390231715886025,0.3171433500977636,1,The Early Drop-Offs
0.18960082616310153,1.6647283966998352,2,The Motivated Finishers
0.6294171137452264,1.2165103743706793,2,The Motivated Finishers
-0.0042646935359393805,-2.135769605374582,3,The Loyal Referrals
0.7833604363371649,-0.3652868407806822,3,The Loyal Referrals
0.39765385388816066,1.2763248420379147,2,The Motivated Finishers
0.3939932037630178,0.1674756076622933,0,The Strong Starters
-0.019792051442717385,-0.9811317277558596,3,The Loyal Referrals
0.9447744067960498,0.07716729225710513,0,The Strong Starters
0.790518006638561,-1.040920896645264,3,The Loyal Referrals
1.3710471128097474,-0.3103541648031145,3,The Loyal Referrals
0.6736693861286434,0.6953939608160081,3,The Loyal Referrals
0.5027561685100274,0.6299612381434201,0,The Strong Starters
1.1424520448332782,0.9277548904081618,2,The Motivated Finishers
1.1180412554254648,-0.2543340090094749,2,The Motivated Finishers
0.7165389760207049,-0.026981518761529887,0,The Strong Starters
1.226474160522437,-0.9733214681820843,3,The Loyal Referrals
1.0920358202527085,0.6604127925199628,2,The Motivated Finishers
0.9805628799247859,-0.2967067929126777,3,The Loyal Referrals
0.6751795080859334,-0.46425433154531637,0,The Strong Starters
-2.5197237966108412,-0.7672758312555243,1,The Early Drop-Offs
0.26195935049951674,0.047943646609011806,2,The Motivated Finishers
-3.639930928464261,0.7354271841191914,1,The Early Drop-Offs
0.4763178650270617,1.7970538962583331,2,The Motivated Finishers
0.9766638991993519,0.3489375939135492,2,The Motivated Finishers
0.7652597927159044,0.6199577766211933,2,The Motivated Finishers
0.7785234793177249,0.9573198030952681,2,The Motivated Finishers
1.246676863080642,0.39450321607101346,2,The Motivated Finishers
0.6108022288390841,0.8958955729611185,3,The Loyal Referrals
0.7163187142764113,-1.3864329022101927,0,The Strong Starters
0.4454253686221287,1.0543845450406553,2,The Motivated Finishers
0.26167428432892864,0.8314571956153928,2,The Motivated Finishers
0.8894343478415051,-0.8940188426641843,3,The Loyal Referrals
0.5979283712527296,1.1135960226937736,2,The Motivated Finishers
-4.217909134509391,2.32721653932649,1,The Early Drop-Offs
0.9134244749401187,-0.9634883474125107,0,The Strong Starters
0.9279662190518831,0.11488279082390791,2,The Motivated Finishers
0.30532727515822367,-0.2052465800506058,0,The Strong Starters
0.288498787906138,-1.0428034000563455,3,The Loyal Referrals
-3.3472330460992366,-0.5894258708831823,1,The Early Drop-Offs
1.0650078520096358,-0.38363200797501856,3,The Loyal Referrals
-2.8620864732004714,-0.36769228753974437,1,The Early Drop-Offs
0.10503233179400237,0.2541058382480367,0,The Strong Starters
-2.932823951195754,1.6231120112750086,1,The Early Drop-Offs
0.2380954329959041,-0.6647623103338435,0,The Strong Starters
0.6347917638643765,-0.24451336726794864,0,The Strong Starters
-2.3280925068195506,-0.6679191906276978,1,The Early Drop-Offs
-3.351332396479632,0.38485963869307055,1,The Early Drop-Offs
0.7154692141558303,-0.11443721841415269,3,The Loyal Referrals
0.18146519038381226,0.6131608089863435,2,The Motivated Finishers
0.8600337065427124,1.5510516552582605,2,The Motivated Finishers
0.5433010755750012,-0.5079945605560026,0,The Strong Starters
0.9459984173788668,-1.3910719486639715,3,The Loyal Referrals
0.04492659815410631,0.6638486430092413,3,The Loyal Referrals
-3.0236295015609955,0.7839989596141348,1,The Early Drop-Offs
0.013481652800256823,-0.7790151703584478,2,The Motivated Finishers
0.6058359998440368,0.7217060122867511,2,The Motivated Finishers
0.6991574291835373,0.970180424457796,2,The Motivated Finishers
0.27914928192969374,0.313265475360664,2,The Motivated Finishers
0.7814618420660843,0.19994925373106395,3,The Loyal Referrals
0.7974320171256251,0.031281660255165614,2,The Motivated Finishers
0.9718132959344619,0.735005566524895,2,The Motivated Finishers
-2.6360787212404624,-0.575825313478387,1,The Early Drop-Offs
0.7073353853535079,-0.39598193115182023,3,The Loyal Referrals
0.7329385888959791,-0.09249519465489855,3,The Loyal Referrals
-3.96586063440102,1.2576289613059277,1,The Early Drop-Offs
0.8732761766448135,-0.5036323427254645,0,The Strong Starters
0.6507962496894619,-1.0190167371548386,3,The Loyal Referrals
1.137190156151417,0.5765165944453586,3,The Loyal Referrals
0.7440200322284994,0.153775638468137,2,The Motivated Finishers
0.8388154021178048,-0.44416478310458196,3,The Loyal Referrals
0.9791491739829894,0.45485468781465926,0,The Strong Starters
0.5907682170602447,-0.9832263726485773,3,The Loyal Referrals
0.026492370126553554,0.5378345515820245,2,The Motivated Finishers
0.9869300185076495,0.30611282151297053,2,The Motivated Finishers
0.24325110402745612,0.8586187530111464,2,The Motivated Finishers
1.4179165640284237,-0.9695146772804412,3,The Loyal Referrals
0.33577579751680736,0.24448101322937094,0,The Strong Starters
-2.5982637977701057,-0.36941859202747906,1,The Early Drop-Offs
0.5019479221518524,-2.709986903989474,3,The Loyal Referrals
0.01078087353390015,-2.0836024711428878,0,The Strong Starters
-0.10209789491832233,-0.34834820977345904,2,The Motivated Finishers
-2.87217533282519,1.4059236067738734,1,The Early Drop-Offs
-4.109204233100081,-2.350569919462751,1,The Early Drop-Offs
-4.3707630817081755,0.1947815727484022,1,The Early Drop-Offs
0.7517987313643535,-0.7571641881897937,0,The Strong Starters
0.6296980387746783,-0.4139589186276168,0,The Strong Starters
-3.9401147549590907,-0.1967444042987534,1,The Early Drop-Offs
0.6161141833553146,-1.0865898597273345,3,The Loyal Referrals
0.9074807844872594,-0.3924954754067182,3,The Loyal Referrals
-3.443824716457318,-0.18283441785268245,1,The Early Drop-Offs
-2.5626067255133695,-0.6691011547271861,1,The Early Drop-Offs
1.0256304763324255,-0.5287276009437345,3,The Loyal Referrals
1.0751864686724393,0.7115516156275449,3,The Loyal Referrals
0.8928852717285202,-0.5761706731426153,0,The Strong Starters
0.42902464042089405,-0.874710440677503,0,The Strong Starters
-1.8588601938901388,1.5129310029558938,1,The Early Drop-Offs
0.43108099926009463,1.0157733451411488,2,The Motivated Finishers
0.5453165104798848,-0.8138896822869521,3,The Loyal Referrals
0.4009364873522721,0.8729980919061872,2,The Motivated Finishers
0.3353181732904448,0.6317598161175845,2,The Motivated Finishers
0.047652030891999216,1.248284912110664,2,The Motivated Finishers
0.8580403817182698,0.17420464586985215,2,The Motivated Finishers
-4.259258572410432,0.9644965794218886,1,The Early Drop-Offs
-2.322293615739485,-0.7073692895839904,1,The Early Drop-Offs
-3.676192801446896,1.870039143269743,1,The Early Drop-Offs
0.3486302455804093,-1.5952425859852597,3,The Loyal Referrals
0.30003966244198765,-0.41378849484569946,0,The Strong Starters
0.3030172689784383,0.7945791634140351,2,The Motivated Finishers
0.827684782936081,0.8965372815142058,2,The Motivated Finishers
0.6632163007460401,-0.27247306157587636,0,The Strong Starters
0.5000301436988134,-1.0254144664387441,3,The Loyal Referrals
0.8930514865456866,-1.4259676423773724,3,The Loyal Referrals
0.7912680649284725,-0.7571768511877047,3,The Loyal Referrals
0.541561916366884,0.4406068349400925,2,The Motivated Finishers
-1.7603746379658578,0.8751856200105921,1,The Early Drop-Offs
-2.9387152731529054,-1.8705623677162542,1,The Early Drop-Offs
0.5747023773666268,-0.4917190792662679,0,The Strong Starters
0.23216647148358846,-2.2060059214035497,0,The Strong Starters
0.7478741047376003,0.7701639758486043,2,The Motivated Finishers
-1.836077150653859,-0.8500037818471602,1,The Early Drop-Offs
0.40998910285693374,-0.1438883669813148,0,The Strong Starters
0.4841154327387687,-0.08733935714859199,2,The Motivated Finishers
0.5479774406378912,-1.5209379792111786,0,The Strong Starters
0.5055192626545342,-1.2331521485865353,3,The Loyal Referrals
0.45183922239829233,1.1651943102354334,2,The Motivated Finishers
0.6853622658898735,1.4778850360491618,2,The Motivated Finishers
0.4688685654674747,-1.5878579604598646,3,The Loyal Referrals
1.0631501720214902,0.07498771481461726,2,The Motivated Finishers
-2.6802166502695157,-1.452471460673464,1,The Early Drop-Offs
0.9062258635250461,-0.72062009487598,3,The Loyal Referrals
0.3340632523282315,0.3036351966483228,2,The Motivated Finishers
0.7755277190011687,1.3471558791964389,2,The Motivated Finishers
-3.7835193889469587,0.5373192639237817,1,The Early Drop-Offs
-0.264096809034873,-1.5944368202936718,0,The Strong Starters
0.3303782604030941,1.385813309756248,2,The Motivated Finishers
0.49234037814051895,0.5962427095375817,2,The Motivated Finishers
0.9512156647528142,0.2759213762098361,3,The Loyal Referrals
0.5844681511886598,-0.8106715520323466,3,The Loyal Referrals
-0.3864746913535982,0.6099270093201166,2,The Motivated Finishers
0.7971247179784174,0.341395933240224,2,The Motivated Finishers
0.39880095927627207,0.2898970493242777,2,The Motivated Finishers
0.2705354732019632,0.3917894173587176,0,The Strong Starters
1.0839704367446632,0.899578201868299,2,The Motivated Finishers
0.853504169026332,0.4878723910775627,0,The Strong Starters
0.6113459831279416,-0.3747273129743617,2,The Motivated Finishers
0.9696354471287731,0.8583563746888879,2,The Motivated Finishers
0.43998347846096536,-0.6092136751833496,0,The Strong Starters
-3.225709182506066,0.8974951999501436,1,The Early Drop-Offs
0.8510836367243663,-0.5363623688882786,0,The Strong Starters
1.0340384504099973,-0.6444899109852569,0,The Strong Starters
0.331568213542841,-0.10910389723071924,0,The Strong Starters
-0.10896846558042955,-0.8581007454664781,3,The Loyal Referrals
1.0109493567638308,1.0946105104984212,2,The Motivated Finishers
-2.2707506643843574,0.45242745422064673,1,The Early Drop-Offs
-0.012482913905464507,0.8000605231380917,2,The Motivated Finishers
-0.12490301080581281,-0.2637406943182892,3,The Loyal Referrals
0.37795174636938794,0.2778209053316482,0,The Strong Starters
0.7677068161412336,-1.4013960826307894,3,The Loyal Referrals
0.4010257969747331,0.5050125708788694,2,The Motivated Finishers
0.7237672638359249,1.1196746828662956,2,The Motivated Finishers
0.8095472296908985,-0.007023439691766677,2,The Motivated Finishers
0.6525729821908266,2.0704746543190544,2,The Motivated Finishers
0.8117984965681005,-1.612849270964686,3,The Loyal Referrals
0.4657191913753172,-0.5037907414254652,3,The Loyal Referrals
0.6417979210137134,-0.002684157674297151,0,The Strong Starters
0.878965507390077,-0.13399791281580412,3,The Loyal Referrals
0.04480975752030331,0.4045076702284447,2,The Motivated Finishers
0.9804587671632892,-0.17223141694484126,3,The Loyal Referrals
0.9017442249474386,1.1092059970554176,2,The Motivated Finishers
0.32551195042805664,1.588885921036353,2,The Motivated Finishers
0.44280152310371124,-0.3235934929581251,2,The Motivated Finishers
-0.2889968674758853,0.11127347474877185,0,The Strong Starters
-0.042094340571222785,-1.0354886811180473,0,The Strong Starters
-4.093497262870877,1.9373355415711055,1,The Early Drop-Offs
0.42270573271375295,-1.2074034237323892,3,The Loyal Referrals
0.887817920756578,0.5747387955109542,2,The Motivated Finishers
0.713085653422409,-0.4745139061624585,2,The Motivated Finishers
-0.08355176286968383,-1.03374854333144,0,The Strong Starters
-2.5381925655544575,-1.2993068253438984,1,The Early Drop-Offs
0.9814494862830978,0.05071110841747981,3,The Loyal Referrals
1.1968862845205681,-0.3398917789643324,3,The Loyal Referrals
0.4116680371084241,1.305358869810729,2,The Motivated Finishers
0.7983796389406307,0.6695205527094858,2,The Motivated Finishers
-4.287462816980091,-0.5270583647194593,1,The Early Drop-Offs
0.7844576023826403,-0.1898868223701066,3,The Loyal Referrals
0.8881732391984104,1.081958243566401,2,The Motivated Finishers
0.3379586190997319,-1.8820549401295523,3,The Loyal Referrals
0.349132520766067,-0.9952811385127656,0,The Strong Starters
1.0074655189066424,-1.5202326409076599,0,The Strong Starters
0.9486085185480783,1.5217364890226532,2,The Motivated Finishers
0.25888634476348005,-0.959705855876007,3,The Loyal Referrals
0.7297675599755707,-0.8084019559194789,3,The Loyal Referrals
0.4688920136867472,0.2959028476337466,0,The Strong Starters
1.1263194708402204,0.6360628341290105,2,The Motivated Finishers
1.0000900952236151,0.2286295286593308,3,The Loyal Referrals
1.031813372809751,1.3501967995505322,2,The Motivated Finishers
0.6312662070022027,1.2210300468243254,2,The Motivated Finishers
0.7400586228085657,0.3316806389488485,3,The Loyal Referrals
-1.9829938505560465,0.7998213482299695,1,The Early Drop-Offs
0.32937040398007966,0.8424277703183547,2,The Motivated Finishers
0.5996150075661294,0.2656440796921637,0,The Strong Starters
0.8656735266224892,0.18744657286160135,3,The Loyal Referrals
0.7503864076569378,2.04272825885338,2,The Motivated Finishers
-4.693924167662331,-0.05374936778687896,1,The Early Drop-Offs
1.2653174720211593,0.5724216363128644,2,The Motivated Finishers
-3.386936264580068,-4.020157048188025,1,The Early Drop-Offs
0.4809445306491014,-0.2638639433630111,0,The Strong Starters
0.14409646020590142,-0.9076629147659279,0,The Strong Starters
0.8031790610451903,0.6225676471378698,0,The Strong Starters
0.5516333614831399,-3.946743156398732,3,The Loyal Referrals
0.633404247199535,0.8959089927222579,2,The Motivated Finishers
0.7425387883328446,-0.40159457627698447,0,The Strong Starters
0.21718766562723676,-0.3513444013843834,0,The Strong Starters
-0.19761148828880845,-2.805706056346238,0,The Strong Starters
0.20344508463013558,-0.02899845879552244,2,The Motivated Finishers
0.5407632778966462,-0.5132622019626275,2,The Motivated Finishers
0.5954143881871665,-0.3896089602366647,0,The Strong Starters
0.11441701201340637,1.0951674393444502,2,The Motivated Finishers
-0.03213371343316594,0.0018236944422570386,0,The Strong Starters
0.6612983993968231,-0.7440420311658266,3,The Loyal Referrals
0.21505189764945107,1.2753567881240877,2,The Motivated Finishers
0.582118793465645,-1.6082102245109071,0,The Strong Starters
0.6070374659524442,-0.08847828544666639,3,The Loyal Referrals
0.498833401153482,-0.6003302685043824,0,The Strong Starters
-3.998363728930899,0.29283050919538767,1,The Early Drop-Offs
-2.999222326107116,0.4260421090801234,1,The Early Drop-Offs
0.20967270309120742,0.1332202589499085,0,The Strong Starters
0.3705486687788406,-0.7567848260501563,3,The Loyal Referrals
0.7126520730841961,-0.4605721843676176,3,The Loyal Referrals
0.4237703800033622,0.6216705822530953,3,The Loyal Referrals
0.1476011623912733,0.8184845935268313,0,The Strong Starters
0.23675120241122996,-0.6249014087757874,0,The Strong Starters
1.1447729719084028,-0.4582773792836703,3,The Loyal Referrals
1.03866758667833,0.21390257273136312,2,The Motivated Finishers
-3.2119237105982474,-0.3914161276367295,1,The Early Drop-Offs
0.04006786374924514,-0.2583820079772634,0,The Strong Starters
0.5469827168590692,0.2515412057564587,0,The Strong Starters
0.22346845845819238,0.6964550828392835,0,The Strong Starters
0.7734099819073105,-0.7804880727966758,3,The Loyal Referrals
0.8621285602375629,0.030966837471899742,3,The Loyal Referrals
0.39990419028020247,-1.3926155100961635,3,The Loyal Referrals
0.6112341290310714,0.6513131512406152,0,The Strong Starters
0.6541620050951529,0.513772697385963,0,The Strong Starters
0.9021812343987845,1.703815884461857,2,The Motivated Finishers
-0.11786271553218783,-2.223402910895367,3,The Loyal Referrals
-2.850907031914895,-1.227302575873241,1,The Early Drop-Offs
0.6685197090310948,0.018046252749544845,2,The Motivated Finishers
0.843909127207503,-0.2747192317449138,3,The Loyal Referrals
0.49097812026747295,1.0624114279294987,3,The Loyal Referrals
0.4174897140031478,0.11325327307958974,3,The Loyal Referrals
0.4662035525173987,0.37562465074985874,0,The Strong Starters
0.4638473959645784,0.1034922817595056,2,The Motivated Finishers
0.3009625902854634,-0.865263922478954,0,The Strong Starters
-3.1784750725090265,0.9970818185350613,1,The Early Drop-Offs
-0.0523498219287377,0.16100449525742164,2,The Motivated Finishers
0.5779935975619076,-1.3581852246412776,3,The Loyal Referrals
-3.5469999796588016,0.18165481803144656,1,The Early Drop-Offs
0.591581532177785,1.386048726840668,2,The Motivated Finishers
0.4690007328319607,1.5499404760884048,2,The Motivated Finishers
0.7864859069578596,0.14960124350964496,3,The Loyal Referrals
-0.02926579704193594,-0.6074228835826073,2,The Motivated Finishers
1.0393716214259472,-0.23492931921591015,0,The Strong Starters
0.42103333865368725,0.03126739392404674,3,The Loyal Referrals
0.860430315312381,0.8729518612458843,2,The Motivated Finishers
0.656301725438711,0.4192923432095579,2,The Motivated Finishers
0.6218342979882411,2.2513043480997084,2,The Motivated Finishers
-0.4686977939514004,-2.2216137591663796,0,The Strong Starters
0.4854767909752668,-2.1097525239027872,0,The Strong Starters
0.909880890789573,0.9283628835136245,3,The Loyal Referrals
0.5970085203508516,-1.1071186080428128,3,The Loyal Referrals
0.5369807993931763,0.39954807226397787,0,The Strong Starters
0.49463223054019895,1.1946207004338458,2,The Motivated Finishers
0.4619191657933434,1.0890692738774876,2,The Motivated Finishers
0.5963778055709908,0.3306073317479831,2,The Motivated Finishers
0.3472815074610794,0.979360721198306,0,The Strong Starters
0.9471811660218246,-0.37451879409181993,3,The Loyal Referrals
0.1075483613993103,-1.393746628513287,3,The Loyal Referrals
0.6151077241339692,0.14054023096251608,2,The Motivated Finishers
0.23484638642176112,-0.012722977505787892,2,The Motivated Finishers
0.7618441602512078,0.7356269793914968,2,The Motivated Finishers
-3.5213088288032695,-3.9900461572043135,1,The Early Drop-Offs
1.089462392740196,0.22945269344104732,3,The Loyal Referrals
1.0324372118532796,0.11312102742756111,3,The Loyal Referrals
0.48995359325776183,0.9059839836826182,0,The Strong Starters
-3.0936253606667607,2.0146467938708295,1,The Early Drop-Offs
0.6718094339209508,-0.14756645180075967,0,The Strong Starters
-3.861238028322585,-0.295391655428911,1,The Early Drop-Offs
-3.284893309717046,1.550217858431657,1,The Early Drop-Offs
0.5635974822192783,0.7062866041848099,0,The Strong Starters
-2.4319582716841763,0.004256892915234887,1,The Early Drop-Offs
0.2657508542364396,0.6822524679898151,0,The Strong Starters
0.3232113264564067,0.5221531846330032,2,The Motivated Finishers
0.8576734088487551,0.4319635422759926,2,The Motivated Finishers
0.6559550556726709,-1.7757137664794838,3,The Loyal Referrals
-1.6584416721181736,-0.25644404522282027,1,The Early Drop-Offs
1.088003128498686,0.7799954971941309,2,The Motivated Finishers
0.18823537907870785,-0.6874567261999087,0,The Strong Starters
0.37403293137861476,0.5797502340159121,2,The Motivated Finishers
0.4593374803101185,-1.1895716238494396,2,The Motivated Finishers
0.3330896085670057,1.6257829517518867,2,The Motivated Finishers
0.4591316606218631,0.3225934103177868,2,The Motivated Finishers
-0.29603928670854046,0.5836283776105124,2,The Motivated Finishers
0.19304860493431894,-2.353949247967389,3,The Loyal Referrals
0.6430200115485187,0.5082381335693443,3,The Loyal Referrals
-2.0281289851848423,0.9977222480484629,1,The Early Drop-Offs
0.41805448636497916,-0.3830537763296512,0,The Strong Starters
-3.1838788502878357,-0.0047340227947551125,1,The Early Drop-Offs
0.7600614896221293,0.04343034079878212,2,The Motivated Finishers
-1.6796532312017936,0.7623616596009205,1,The Early Drop-Offs
0.2545581931307326,-0.3634930819279998,0,The Strong Starters
-1.8642050960150158,-1.6935472765800608,0,The Strong Starters
0.7311510343483362,1.1174753501464039,2,The Motivated Finishers
0.20708451825555904,-1.3121952488777011,2,The Motivated Finishers
-0.22129148279595823,-0.18070132619470658,2,The Motivated Finishers
0.6473515425493208,1.081062726203561,0,The Strong Starters
0.6030184204438711,0.9676430904921063,2,The Motivated Finishers
-0.08502040965833735,-0.1279253522875708,0,The Strong Starters
0.24077636834554006,-2.006885346963078,3,The Loyal Referrals
-0.02728839461705367,0.14806455122531223,2,The Motivated Finishers
0.5920443140221838,-0.07292108049210795,0,The Strong Starters
-4.556159193277859,0.6705183669669196,1,The Early Drop-Offs
-2.515003985573622,0.5381210529667411,1,The Early Drop-Offs
0.627277266570927,0.7716085534969227,2,The Motivated Finishers
0.5405711972470753,0.2176643095777713,2,The Motivated Finishers
0.9090036343168555,-1.16832741901941,3,The Loyal Referrals
1.0257358931952472,0.6561405933598045,2,The Motivated Finishers
0.10314953309174041,0.9013193322901104,2,The Motivated Finishers
-0.0479151101255277,-0.6296046577733623,0,The Strong Starters
0.4771945709014977,-1.0047276567113148,0,The Strong Starters
-3.7899626863771556,0.2826731413599238,1,The Early Drop-Offs
0.37402415980664483,0.11139548850882626,2,The Motivated Finishers
0.701891815046119,-2.2902208513014877,3,The Loyal Referrals
0.5158536115676965,-1.1936310121503582,3,The Loyal Referrals
0.34481825389921167,-0.7082805420212489,3,The Loyal Referrals
-0.11032249779991886,-0.054183888160223195,0,The Strong Starters
-3.091472215320996,-0.43739402655401227,1,The Early Drop-Offs
0.8147857969842282,-1.000163776772413,0,The Strong Starters
0.9049898868430055,0.04172117470615475,3,The Loyal Referrals
0.10763148334088993,0.5423695561592424,0,The Strong Starters
-3.244652886149766,1.704233216380625,1,The Early Drop-Offs
1.0700710618404417,-2.3814972206205027,3,The Loyal Referrals
0.32762483141127924,-0.35750671358386876,0,The Strong Starters
1.234668097441035,0.38526580906620034,2,The Motivated Finishers
0.5310557010489539,-1.2197348342499548,3,The Loyal Referrals
-0.2658672842893696,-0.4561352271170036,0,The Strong Starters
0.16141044110753022,0.16211668154013048,0,The Strong Starters
0.6174796304397083,1.265595263172409,3,The Loyal Referrals
0.25678172706687674,0.2535569619324219,0,The Strong Starters
0.8848180812435079,-1.1070281387701029,0,The Strong Starters
-4.077826834131236,0.5896704369133818,1,The Early Drop-Offs
0.3830459367016659,0.9788237171218959,2,The Motivated Finishers
0.6238283895626641,-0.9860189731392028,3,The Loyal Referrals
0.22998977563692233,-1.1589244073541611,0,The Strong Starters
-0.8126619459414145,-1.7573677288409775,0,The Strong Starters
0.9115258806690377,-0.3982522529007646,0,The Strong Starters
0.7197613748768077,-0.33545491587683074,0,The Strong Starters
-2.3836543252036035,-0.09374563119221382,1,The Early Drop-Offs
0.3910618095442251,-0.9935812045327599,0,The Strong Starters
-2.9600686850627653,0.2222683626415541,1,The Early Drop-Offs
-4.080564804957892,0.8601466053878245,1,The Early Drop-Offs
0.6703534719618325,0.4721457861034428,2,The Motivated Finishers
0.6581053872267147,0.7621755137391125,0,The Strong Starters
0.4925315283049299,-1.1977983228639757,0,The Strong Starters
0.8313039170535861,-1.261931827140515,3,The Loyal Referrals
0.5011757942814934,0.49887653344291644,3,The Loyal Referrals
0.4036498823949362,-0.32681162321273083,0,The Strong Starters
-3.153546955131429,0.30207674251990213,1,The Early Drop-Offs
0.2729352542467894,-0.44446458670266153,0,The Strong Starters
-3.8260519085420346,-0.3302745084996349,1,The Early Drop-Offs
0.6888047008104677,-1.9237745627156415,3,The Loyal Referrals
0.25519444625339865,0.8162523524008629,2,The Motivated Finishers
0.6927435754073737,0.8593706592630177,2,The Motivated Finishers
0.47363132390572454,-0.10238583279027282,2,The Motivated Finishers
0.6663708460421794,-1.7419952378736454,3,The Loyal Referrals
0.3403877964819341,0.7824304828704187,2,The Motivated Finishers
0.6656391672121755,0.8286945674060555,2,The Motivated Finishers
-3.41455240997189,0.9196217760168962,1,The Early Drop-Offs
-3.546846396377853,-0.39645883859902176,1,The Early Drop-Offs
-0.12880208038991825,0.4829216543088508,2,The Motivated Finishers
0.7031256183576734,-0.440886846242022,2,The Motivated Finishers
0.5156517292833105,0.30135145513823924,0,The Strong Starters
0.8610726845199239,-1.329752423006499,3,The Loyal Referrals
0.38940003967524495,-1.8898085650921372,2,The Motivated Finishers
0.9605067580655051,-0.4930866074030156,0,The Strong Starters
1.0844354908086091,0.7421885299419266,2,The Motivated Finishers
-1.7577461655186162,1.3274576619228624,1,The Early Drop-Offs
0.7203951573531809,-2.0750198048859314,0,The Strong Starters
0.4998036942736383,-0.0807641441875598,0,The Strong Starters
0.5100737659477084,1.4086319187439278,2,The Motivated Finishers
0.39899627749586797,0.4664410655040345,2,The Motivated Finishers
0.6815685548195224,1.306025520702429,0,The Strong Starters
0.3726432693249679,0.9579746336498762,0,The Strong Starters
-0.22003115055422612,0.15449663893031534,0,The Strong Starters
-3.398567455421397,2.116768969109501,1,The Early Drop-Offs
0.1509490035796368,0.028397437760952427,0,The Strong Starters
0.883192925629382,0.563302055786249,2,The Motivated Finishers
1.0833591890913177,-0.3219071315819705,2,The Motivated Finishers
0.9619677024532411,-0.8129887112304366,3,The Loyal Referrals
0.4410393541786047,0.7515055852950492,0,The Strong Starters
0.8550515859967172,0.2623725925022844,2,The Motivated Finishers
0.666397220159935,-0.42164021786040795,3,The Loyal Referrals
1.1421300690387681,-0.17753689919330498,3,The Loyal Referrals
0.7377246895809825,-1.7700477332918938,3,The Loyal Referrals
0.11262532025919025,-0.15857699193668168,0,The Strong Starters
0.31519678569685267,0.43002844156119174,0,The Strong Starters
0.5175147491875157,0.8424729185367018,2,The Motivated Finishers
0.38343738785329823,1.372414927554082,2,The Motivated Finishers
0.6772158073190011,-1.6588450963895878,3,The Loyal Referrals
0.7731989569775671,-1.1400274503076733,3,The Loyal Referrals
0.5121072281409639,0.6764289801791171,2,The Motivated Finishers
0.6373521368657526,-1.3904305965501023,3,The Loyal Referrals
0.21994908927689985,-0.14210320876828944,3,The Loyal Referrals
0.5871555822951631,0.3420173461068258,2,The Motivated Finishers
0.8870290839211554,-1.1431861971399644,3,The Loyal Referrals
0.20850709175145496,-0.5628898815466711,0,The Strong Starters
0.3947750419659306,-0.07009063915964354,2,The Motivated Finishers
0.8188503968579519,-0.23850724364641335,2,The Motivated Finishers
0.1268685367957172,1.698263164791881,2,The Motivated Finishers
0.9695461375063121,1.2263418957162056,2,The Motivated Finishers
0.23357320889581826,-1.0391400405716293,0,The Strong Starters
0.893105533472814,0.7832807103060476,2,The Motivated Finishers
0.0990747605098144,-0.4824483443801997,0,The Strong Starters
-3.9799442442415045,-0.544184122343199,1,The Early Drop-Offs
1.1309111702974284,0.29873998519751593,3,The Loyal Referrals
0.4332359514198386,-1.7302641874063067,0,The Strong Starters
-4.661609141008106,-2.1218933958675814,1,The Early Drop-Offs
0.6365746840466223,0.5408763185060973,2,The Motivated Finishers
-0.37847033295362836,-2.2230546704240943,0,The Strong Starters
-0.08705275259106893,0.9821270157982475,2,The Motivated Finishers
-3.389242892405362,-1.9480690774070224,1,The Early Drop-Offs
0.34469815148301053,0.7730744028174279,2,The Motivated Finishers
0.440397351364581,-0.4274882800699922,0,The Strong Starters
0.735922740600753,-0.48829818998369445,0,The Strong Starters
-3.3010772044419303,1.231996937527093,1,The Early Drop-Offs
0.6336942861473593,-1.8907897014790536,3,The Loyal Referrals
0.6405932912266639,0.07682698672614471,3,The Loyal Referrals
0.4770356630257366,-2.0811829636553965,0,The Strong Starters
-0.010130371306577804,-0.4678528578232033,0,The Strong Starters
0.6044923613326839,1.8325063493255482,2,The Motivated Finishers
0.6673133682492078,0.3600466247254435,2,The Motivated Finishers
0.8924267575169915,0.5578589606550316,3,The Loyal Referrals
0.718561619763238,0.21224015428113005,2,The Motivated Finishers
1.179999384604729,-0.5903877071659142,2,The Motivated Finishers
1.1843231551945541,0.17624600698454448,3,The Loyal Referrals
0.6987152621141549,1.447261541495919,2,The Motivated Finishers
1.0955613771148822,-0.8051306215723113,0,The Strong Starters
0.629612870293354,0.8009823463916158,2,The Motivated Finishers
0.93757158969273,-0.5796715480615479,2,The Motivated Finishers
0.3928275924232654,-0.5286345328342862,0,The Strong Starters
0.5206891287489936,-0.2833341996191042,2,The Motivated Finishers
0.5325034795748603,0.379896849910017,0,The Strong Starters
0.44077334535923324,-0.12369938378771551,0,The Strong Starters
-0.055625956040426014,-0.2688941445101686,0,The Strong Starters
0.49723138208708645,1.4828844183450514,2,The Motivated Finishers
0.7961067308211232,1.161608450864618,2,The Motivated Finishers
-3.3120521079238148,-0.1415911705775277,1,The Early Drop-Offs
0.6339323732503092,1.8925562340772035,2,The Motivated Finishers
-3.9612839216740396,-1.8567519826662944,1,The Early Drop-Offs
1.0697221567592927,-0.7401807892776314,3,The Loyal Referrals
0.32907778114116687,0.8566700133127332,2,The Motivated Finishers
0.23289159590018396,-0.8021739639431851,0,The Strong Starters
-2.067575099430599,0.2675892308369576,1,The Early Drop-Offs
0.8118390820905785,0.5913545512044974,2,The Motivated Finishers
-2.179475902498212,-0.40837520343145317,1,The Early Drop-Offs
-0.6503818911059994,-1.7033841980698126,0,The Strong Starters
0.6592497820667478,-0.9337603702221078,0,The Strong Starters
-2.7525013369092854,-0.4909974511405245,1,The Early Drop-Offs
0.4201665665607143,0.027564550735852417,0,The Strong Starters
0.5955226420897998,0.3328714077874139,0,The Strong Starters
0.77158252989264,0.32873018786746516,2,The Motivated Finishers
0.7752950528291195,-0.1261214314323458,3,The Loyal Referrals
0.38261650641605166,-4.069126757218878,3,The Loyal Referrals
0.22425819852571896,0.642587199184756,2,The Motivated Finishers
0.9043934423286958,-0.9362540136846333,3,The Loyal Referrals
0.886539863246634,-0.1662703162513895,0,The Strong Starters
0.530966391426493,-0.8517493132226371,3,The Loyal Referrals
0.9025813206402639,-0.2766156139207445,0,The Strong Starters
1.0326504685025761,-0.03562481142562986,0,The Strong Starters
1.1536918079028016,-0.4372176370959807,2,The Motivated Finishers
0.7501659571372802,1.3685419667448684,2,The Motivated Finishers
0.9723239082981217,0.7786345715727758,2,The Motivated Finishers
1.1134541999850354,0.39062388861838343,2,The Motivated Finishers
0.5769068401918571,-1.504517099507404,0,The Strong Starters
0.7541138468034977,-0.9177976225274916,3,The Loyal Referrals
-0.15407892332564996,-0.8038265703432834,0,The Strong Starters
0.9396719531771528,0.10929429727865045,3,The Loyal Referrals
0.20533498440952383,1.8644973720155387,2,The Motivated Finishers
0.7022809563451419,-2.127331820549574,0,The Strong Starters
-2.3679839103768434,0.7593515972466902,1,The Early Drop-Offs
1.21185992882432,0.4938969375515824,2,The Motivated Finishers
0.9948917921298401,-0.34789790716308067,3,The Loyal Referrals
0.446725847884056,1.58352784148417,2,The Motivated Finishers
0.7077695577650421,0.6610157825340797,2,The Motivated Finishers
1.0302556602349855,-1.202555952559181,3,The Loyal Referrals
0.8778872856247741,0.7810679578250167,3,The Loyal Referrals
0.3597761914928159,-0.057487186836574736,0,The Strong Starters
1.063239481643951,-0.29299780621270066,2,The Motivated Finishers
-3.6506396566724817,1.3003001201150322,1,The Early Drop-Offs
1.0224475100397783,1.0602189124553536,2,The Motivated Finishers
0.3873404961339236,0.8874902375385771,0,The Strong Starters
0.612817213468676,-0.21937214538850341,0,The Strong Starters
0.6507461838550922,1.314706991496418,2,The Motivated Finishers
0.9333894801999716,-1.169145886870679,3,The Loyal Referrals
0.5348407634435128,0.6399113427303728,2,The Motivated Finishers
0.6046477171991338,0.14426863992766933,2,The Motivated Finishers
0.28320271528947394,-0.24882374455799544,0,The Strong Starters
-0.027533661830667543,-1.169646933101944,0,The Strong Starters
0.3614924637063701,-1.3257800274444205,0,The Strong Starters
1.1583807443851744,-0.6983656943274865,3,The Loyal Referrals
1.0733496530124773,0.2814756953038588,2,The Motivated Finishers
0.8134906118224603,0.2413793766613829,2,The Motivated Finishers
0.9006679232301471,0.04511033553152029,2,The Motivated Finishers
0.6072209598708457,-0.35626540174378307,2,The Motivated Finishers
0.7957786804167762,-0.3887660401775438,2,The Motivated Finishers
0.13109465093369782,1.0862195631225589,0,The Strong Starters
0.9119504856926284,0.08253170732555301,3,The Loyal Referrals
0.4229910486112605,0.7046066094520718,0,The Strong Starters
-4.256342751653414,-2.050018854728698,1,The Early Drop-Offs
-3.35683517860577,-0.5132628081081785,1,The Early Drop-Offs
-2.3037179130743373,-0.07154866486113738,1,The Early Drop-Offs
0.5405688630829057,0.14073144056168063,0,The Strong Starters
1.0018076715384938,0.26968025832286036,2,The Motivated Finishers
-2.5711568919415084,0.9413485921616686,1,The Early Drop-Offs
-4.3017650298089425,-2.0134374219487934,1,The Early Drop-Offs
0.8951123816465283,0.94052498381838,2,The Motivated Finishers
-0.15696247737380004,1.8407107091140318,2,The Motivated Finishers
0.7476561152128535,0.7122927278063451,2,The Motivated Finishers
0.8064621597518816,0.7507981574367216,2,The Motivated Finishers
0.7665147136781177,0.948082396090455,2,The Motivated Finishers
0.915957453412276,0.10564538381909468,2,The Motivated Finishers
0.16340839087853318,-0.6883759655047844,2,The Motivated Finishers
0.5975565695256354,0.13222572965318277,2,The Motivated Finishers
0.9253670675049955,-0.1733809270872977,2,The Motivated Finishers
1.2506202452122037,0.6429060324241632,2,The Motivated Finishers
0.514144675022533,1.1591607982812586,2,The Motivated Finishers
0.3887740363410587,0.4796438149532037,0,The Strong Starters
0.9203256293427923,0.1495670690584103,3,The Loyal Referrals
1.1865437252601452,0.7163017020742652,2,The Motivated Finishers
0.823251403215876,-0.37738323018147746,0,The Strong Starters
0.5095451746543544,-0.11957258304159736,0,The Strong Starters
0.9934952234912493,0.7241065876398283,2,The Motivated Finishers
0.6240218119466222,-1.478479870134357,3,The Loyal Referrals
-2.1263616285451055,-1.1012350092230418,1,The Early Drop-Offs
0.4012899368725148,1.8348419313761228,2,The Motivated Finishers
0.42031611079118364,-0.4352743233078922,0,The Strong Starters
0.8419596805365487,-1.6811882640847318,3,The Loyal Referrals
0.324209325777324,0.29754466423659626,0,The Strong Starters
0.4948479478453988,-0.04908818693029844,0,The Strong Starters
0.793910967798107,-1.03791733127807,3,The Loyal Referrals
-2.4675237646849344,0.7426268568941237,1,The Early Drop-Offs
1.0466481680985702,-2.192019721215165,3,The Loyal Referrals
0.350123654002034,1.283755788030364,2,The Motivated Finishers
-4.311892879428535,-0.4887929592971987,1,The Early Drop-Offs
0.31953677659808294,0.0003314639019650774,0,The Strong Starters
0.7955102863068134,0.18363326247382994,0,The Strong Starters
-4.396149321854182,-0.43518244654149474,1,The Early Drop-Offs
-2.8696807209833737,-0.9594928032044097,1,The Early Drop-Offs
0.7187829979011239,-0.9312023402459226,0,The Strong Starters
0.0023887910072765825,-0.8533506590197575,0,The Strong Starters
0.5001586971093654,0.572338220157877,2,The Motivated Finishers
1.0657977189079033,0.10188228342061542,3,The Loyal Referrals
1.2145046386709213,0.9831793324370413,2,The Motivated Finishers
0.41801073504223213,0.18595042167191977,0,The Strong Starters
0.8336050251696674,-1.558216398585198,0,The Strong Starters
0.4370297989723127,1.2839727822622993,2,The Motivated Finishers
0.7142086703330007,0.09757190613056829,3,The Loyal Referrals
0.6944603128635077,0.12263507908575162,2,The Motivated Finishers
0.7880724688672752,-2.0234157574896985,3,The Loyal Referrals
0.40640271931343,0.34556896464664516,2,The Motivated Finishers
1.1438855850404133,0.5199084678227881,2,The Motivated Finishers
0.03995554030147975,-0.7494701071118577,2,The Motivated Finishers
0.45025140474622977,0.117984427391896,0,The Strong Starters
0.4489492549894589,1.6611957102944301,2,The Motivated Finishers
0.7106821964790263,0.04634161433758517,2,The Motivated Finishers
-4.556044176708977,-1.0735045800109817,1,The Early Drop-Offs
-1.9133802782122997,-0.7911530028004677,1,The Early Drop-Offs
0.4105832751516965,-0.4674933139969304,0,The Strong Starters
0.3833930444572297,0.8704796900749119,2,The Motivated Finishers
0.7651704830934435,0.9879432976485111,2,The Motivated Finishers
-2.203914948942073,0.9691051893328946,1,The Early Drop-Offs
-2.216782714091635,-1.073339438006675,1,The Early Drop-Offs
-4.117313729505103,-0.15128077132100654,1,The Early Drop-Offs
0.19489713337103,-0.5854616138278789,2,The Motivated Finishers
0.5872391422262664,-0.025216605956670423,2,The Motivated Finishers
0.40849700818801543,0.5894521085461486,2,The Motivated Finishers
1.054208449032528,-0.2657634724848234,3,The Loyal Referrals
0.7012296115732374,-0.43123162519106717,3,The Loyal Referrals
0.2037498769665321,-0.18448251215762082,3,The Loyal Referrals
0.06163578771204161,-0.991009785922587,0,The Strong Starters
1.0458993519653608,0.05822706998896372,2,The Motivated Finishers
1.1837659544683357,1.1640090262176952,2,The Motivated Finishers
-0.4139171001874828,-1.732618532099081,0,The Strong Starters
-3.5293620592818766,-1.028349416032546,1,The Early Drop-Offs
-0.06744421873207135,-0.6544806776007638,3,The Loyal Referrals
-2.225151341464409,-1.8042787319544147,1,The Early Drop-Offs
-3.0248423076255855,-0.3726363028069062,1,The Early Drop-Offs
0.8020380168462269,0.47678965167870363,2,The Motivated Finishers
0.44431784650157935,-0.49877690882859316,0,The Strong Starters
-3.8140066119202007,0.6132529464477624,1,The Early Drop-Offs
0.8249070121442716,1.3442446056576356,2,The Motivated Finishers
-2.992960272052511,0.33246735179213827,1,The Early Drop-Offs
-0.08319541829956983,-0.14218056444075844,0,The Strong Starters
-2.9271994076614423,1.015935974609296,1,The Early Drop-Offs
-0.34735925495062747,-0.3515746356834163,0,The Strong Starters
0.25731985137165997,-1.61046224434127,0,The Strong Starters
-3.297197547882587,-1.6837935581837038,1,The Early Drop-Offs
1.017668702710235,0.12528312773231684,2,The Motivated Finishers
0.4526692266653733,-0.45834134632215184,2,The Motivated Finishers
0.7797827813228603,-0.07740206553393571,2,The Motivated Finishers
-4.114274662190171,0.31173488119635967,1,The Early Drop-Offs
-0.1432145525260757,0.9013467206227499,0,The Strong Starters
0.8162512453110644,-0.5267709615576192,2,The Motivated Finishers
0.7572605822825893,0.07825317264912997,0,The Strong Starters
0.7449198235242441,-0.7105842814581996,0,The Strong Starters
-3.980563360577911,-2.090493688496568,1,The Early Drop-Offs
0.5505522503847843,0.9583530861835737,2,The Motivated Finishers
0.09200243028574734,0.05659245934654862,2,The Motivated Finishers
0.8750147842796031,-0.7133078219317082,3,The Loyal Referrals
0.4375976860079911,-0.46100514656746683,2,The Motivated Finishers
0.0281788796092124,-0.8494995664697467,2,The Motivated Finishers
1.1343411030255188,0.965901622782245,2,The Motivated Finishers
0.7982510855300786,-0.9282321338871352,3,The Loyal Referrals
0.8356216130335743,-0.9403808144307516,3,The Loyal Referrals
0.6182380139608613,-0.40843777457213704,0,The Strong Starters
-2.0557836324963192,1.793043194254311,1,The Early Drop-Offs
1.0906460313683204,0.4992550171037655,2,The Motivated Finishers
-4.088895756698992,-0.04602493007165277,1,The Early Drop-Offs
1.0483198842673265,1.0824618299548048,2,The Motivated Finishers
0.5936588721855212,-1.0870543272527577,3,The Loyal Referrals
0.6935829433197458,0.7751291836932593,2,The Motivated Finishers
0.6829184082648129,0.7260308751303902,2,The Motivated Finishers
0.9015083212053643,-1.2715418412935227,3,The Loyal Referrals
0.927042175882447,-1.4282504431543641,3,The Loyal Referrals
0.7985328899182688,0.02895023472595701,3,The Loyal Referrals
0.9499579067507891,0.41018458302003485,2,The Motivated Finishers
1.0582621319454757,-0.7346596452221517,3,The Loyal Referrals
0.5086190092408539,-0.5755676831284983,0,The Strong Starters
-0.014926644699783647,0.5875885372694815,0,The Strong Starters
0.46999866472398194,0.7012405641338162,2,The Motivated Finishers
0.13781747435191263,-1.1854395240137705,0,The Strong Starters
-2.3659114955949883,0.9806400855914629,1,The Early Drop-Offs
-0.05900252955783185,0.8810191251337057,2,The Motivated Finishers
0.49936547957002847,1.9285378081826297,2,The Motivated Finishers
1.0711325604186972,-1.5609117041560872,3,The Loyal Referrals
0.3039626185738972,0.13123792046195182,0,The Strong Starters
0.5908999191821508,1.6230148034691123,2,The Motivated Finishers
-2.673228999990068,-0.9903059392610625,1,The Early Drop-Offs
-2.4033158672729154,0.018515357786227305,1,The Early Drop-Offs
0.09470273465814205,-1.4733727795713023,0,The Strong Starters
0.98325302124036,-0.14578789610312695,3,The Loyal Referrals
0.78855873943094,0.21124059504172918,3,The Loyal Referrals
0.7341222275241033,0.17730712900781986,0,The Strong Starters
0.1902154283920803,-0.572259381360801,3,The Loyal Referrals
0.7673148997470214,-2.3265445534935547,3,The Loyal Referrals
0.8357270298963958,0.2444873798727875,0,The Strong Starters
0.6555220312486458,0.5558891953582344,2,The Motivated Finishers
0.6325881426656349,1.9324171356352597,2,The Motivated Finishers
0.26436274549827715,0.7517353924992808,2,The Motivated Finishers
0.39331386298693033,1.7060218196971413,2,The Motivated Finishers
0.584396995685312,-0.3296116727887285,0,The Strong Starters
0.29430640518455864,1.157082411767555,2,The Motivated Finishers
-0.3683022177594842,0.5608380035254522,0,The Strong Starters
-3.779527270068206,1.9149368159648168,1,The Early Drop-Offs
0.4348529802294688,0.17491288917100753,3,The Loyal Referrals
0.8877786769684868,-1.3909994121129847,3,The Loyal Referrals
1.095189335486003,0.4233013174774781,2,The Motivated Finishers
0.7015590172053303,0.9039492953722407,2,The Motivated Finishers
0.9883226444318494,0.004882770649707187,3,The Loyal Referrals
0.4627765645896433,-2.7495173431938564,3,The Loyal Referrals
0.39690438767157066,2.063520232061096,2,The Motivated Finishers
0.5738738684049708,0.43096313646661205,3,The Loyal Referrals
0.3568055631373138,-0.881286927383855,3,The Loyal Referrals
0.8334764717591153,-3.1559690851818187,3,The Loyal Referrals
0.9072104569085964,0.5817768697958755,2,The Motivated Finishers
0.6906035433922735,-0.5170253023611066,3,The Loyal Referrals
0.8439932792119273,0.4289862516723309,3,The Loyal Referrals
0.5708763011114478,0.05077633759195852,3,The Loyal Referrals
0.5366916540260742,-0.8885413891118688,0,The Strong Starters
0.9816442127683802,0.8675937816937012,2,The Motivated Finishers
0.15618237528285997,-0.5334520317262063,2,The Motivated Finishers
0.9147025324500626,-0.22247923565016703,2,The Motivated Finishers
0.6764344290481468,-0.13612971207605457,0,The Strong Starters
-3.7601306661172735,-1.3098799874832994,1,The Early Drop-Offs
0.9121695539779054,-1.2916129668817724,0,The Strong Starters
-0.026608927010224957,-0.8510994857593746,0,The Strong Starters
-0.03277403610096406,-0.9465294709971217,0,The Strong Starters
0.424210866926519,-0.08605123471069068,3,The Loyal Referrals
0.4329708219592054,-0.017817494877683037,2,The Motivated Finishers
0.9093968924454547,-0.004713333611399499,3,The Loyal Referrals
-3.559542291958338,1.0777094967837075,1,The Early Drop-Offs
0.6963864381459305,0.1847254783821197,3,The Loyal Referrals
0.4450878415014461,0.7139002801512085,2,The Motivated Finishers
0.8657161210516501,0.3114709010651537,2,The Motivated Finishers
1.1427593439804857,0.6176406174231035,2,The Motivated Finishers
0.6998367699596245,-0.5683657875770523,0,The Strong Starters
0.10024363363196506,-1.5270341215030934,0,The Strong Starters
0.6824302176531368,0.4705360547636805,0,The Strong Starters
1.2593758903916754,-1.5210121151862126,3,The Loyal Referrals
0.39907996425771247,0.6385892884906997,0,The Strong Starters
1.066763368011281,0.3138133590410745,2,The Motivated Finishers
0.4767668118506467,0.08681050900110385,3,The Loyal Referrals
-0.23208379434732168,0.17488125487691186,0,The Strong Starters
0.21192745709160146,-0.4719419974215241,3,The Loyal Referrals
-0.00827437146465761,-1.1571132805385018,3,The Loyal Referrals
1.1825110335061224,0.8358844067484333,2,The Motivated Finishers
1.07297515432325,-0.7231666418031231,3,The Loyal Referrals
-2.356764751497713,0.23073096434840273,1,The Early Drop-Offs
0.8510207012196613,1.1519781721522768,2,The Motivated Finishers
0.4827956707848304,-1.6991236280239213,0,The Strong Starters
0.672164563587419,1.0449180875948385,2,The Motivated Finishers
1.0163262791025276,0.9351669042661969,2,The Motivated Finishers
-3.463179411835431,-2.0163557172560354,1,The Early Drop-Offs
0.8959915581672566,1.0580537541866963,2,The Motivated Finishers
1.0168088468535874,1.7307954686468894,2,The Motivated Finishers
0.9031093198602963,0.18064945238403982,2,The Motivated Finishers
0.26716353011539085,1.1631016885177627,0,The Strong Starters
0.7430543831251218,-0.0581554371523221,3,The Loyal Referrals
-4.102265913638519,-0.9123687565817007,1,The Early Drop-Offs
0.7854232514860179,0.02204425325035241,2,The Motivated Finishers
0.8044424419078321,-0.05182930368631191,3,The Loyal Referrals
0.8407158033658524,-0.23937800264050393,3,The Loyal Referrals
-3.4771523372143474,1.0375950589446996,1,The Early Drop-Offs
0.590784235441934,0.6706453044831927,0,The Strong Starters
0.37712334516825496,-0.7950894090149971,2,The Motivated Finishers
0.3223858297239814,-0.38905356443492134,3,The Loyal Referrals
0.6945231352971682,1.1834789451857384,0,The Strong Starters
0.8257218748604777,-0.5149762813398489,0,The Strong Starters
0.4364579215987916,0.8563297389089245,2,The Motivated Finishers
-3.9852946834577003,-0.8348130970093529,1,The Early Drop-Offs
0.5354576378920384,-0.2954962999238598,3,The Loyal Referrals
0.8804360191657562,0.12231373681635734,2,The Motivated Finishers
-3.314177128208031,1.9448195531731214,1,The Early Drop-Offs
-2.8006206370648457,1.1152993453223123,1,The Early Drop-Offs
0.7616653156654914,-1.2697614710748277,0,The Strong Starters
-3.6081377031958097,0.9842093429812125,1,The Early Drop-Offs
0.9257371890858638,0.5773486660276307,0,The Strong Starters
1.0435148393021503,1.6695484795404036,2,The Motivated Finishers
-0.24677470664465467,-1.519353879661475,3,The Loyal Referrals
0.367949828903495,0.42582777183916737,0,The Strong Starters
0.7934621478052629,1.2117082310293206,0,The Strong Starters
0.7578159760318409,-1.6795327215598448,3,The Loyal Referrals
-3.154096250785747,0.31862110956211237,1,The Early Drop-Offs
-1.4886217578831222,0.40685316560595997,1,The Early Drop-Offs
0.6130818805536609,0.41736720914901665,2,The Motivated Finishers
0.7845469120051013,-0.5578723433974243,3,The Loyal Referrals
-2.756364200900386,-1.605159843414115,1,The Early Drop-Offs
0.83233453397943,0.7730410749361729,2,The Motivated Finishers
0.5894081909067518,-1.0253428706208487,3,The Loyal Referrals
0.204738539895214,0.8865221836247503,0,The Strong Starters
-3.95068308530949,0.7408027116598793,1,The Early Drop-Offs
0.6871325563035696,-0.5919106978778741,3,The Loyal Referrals
0.840338251947401,-1.2199967267172733,3,The Loyal Referrals
0.7081520550466808,-1.4851799431734807,3,The Loyal Referrals
0.53140734359223,-1.0279138697558432,3,The Loyal Referrals
0.9561770340416702,-0.29588832506140833,3,The Loyal Referrals
1.049199060788055,1.199990600323121,2,The Motivated Finishers
0.515780874428176,1.2587654846383958,2,The Motivated Finishers
0.6195019220107056,-1.7759247313560522,3,The Loyal Referrals
-3.2060419612665036,0.5167878393607892,1,The Early Drop-Offs
0.7252284428149248,-0.6564377759904892,2,The Motivated Finishers
0.496325239375281,-1.025938807517243,0,The Strong Starters
0.28936408359553767,-2.2328216843220576,0,The Strong Starters
0.4895654443885217,0.5815622074015511,3,The Loyal Referrals
0.8839407116997465,-0.4545340341625952,0,The Strong Starters
0.7069359395440272,0.7445056891400166,2,The Motivated Finishers
-2.443672788964608,-0.9554055325552004,1,The Early Drop-Offs
0.5835662145041093,-0.7085095924622522,3,The Loyal Referrals
-3.42241178838659,-0.9477455118822331,1,The Early Drop-Offs
-0.09184033149258239,-0.42116351443187516,2,The Motivated Finishers
1.1705022678665153,0.8266469997436201,2,The Motivated Finishers
0.8022980775474949,-0.2649839982062706,0,The Strong Starters
0.09428467479748982,-1.731108654987362,3,The Loyal Referrals
0.24309334911071814,0.7058941519524603,2,The Motivated Finishers
0.7127807529864818,-0.034715415298040474,3,The Loyal Referrals
1.1783890321296389,1.3234526324499194,2,The Motivated Finishers
0.5001378327811815,1.4610338632711986,2,The Motivated Finishers
0.5901479919706498,1.7938951494260418,2,The Motivated Finishers
0.18142491653287574,-0.12016669738231057,0,The Strong Starters
0.018291893355539136,-1.7973926875375346,0,The Strong Starters
0.6724951880577215,0.46242321556271065,2,The Motivated Finishers
-2.8327425398946793,-1.8313743834383331,1,The Early Drop-Offs
0.7519641979943829,-0.5986434876530494,0,The Strong Starters
0.8242901416303094,0.6628930162213491,0,The Strong Starters
0.750124906372222,-1.3672191158548945,3,The Loyal Referrals
0.721725313015256,-0.15635205427806068,3,The Loyal Referrals
0.5849018583576138,-0.28523109877702635,0,The Strong Starters
0.6669833977968497,0.7888336658479994,2,The Motivated Finishers
0.3519065645328982,-0.23384980546730177,0,The Strong Starters
0.4435267743510481,1.6196206395524013,2,The Motivated Finishers
-0.1460437677910796,-1.6935905175661248,0,The Strong Starters
0.47047923926548857,0.272173294996543,2,The Motivated Finishers
0.3691010034977304,-2.503270382341159,3,The Loyal Referrals
0.47605185620769025,0.9218489271755683,2,The Motivated Finishers
-0.4504047483576451,-0.16391329303641333,0,The Strong Starters
0.3296590837655941,-0.11231812131358357,3,The Loyal Referrals
0.23007031368741324,-1.9952646738885644,0,The Strong Starters
1.0069375293379916,0.3254975720592676,2,The Motivated Finishers
0.5990357945242181,-1.246497933484982,3,The Loyal Referrals
-1.9389137809987478,0.2604611722346762,1,The Early Drop-Offs
0.6266209634935097,-1.1902161522231514,3,The Loyal Referrals
0.3459827083453777,0.6808581246804537,2,The Motivated Finishers
1.1757443222830373,0.8341702375644604,2,The Motivated Finishers
0.5685322374885927,1.0239241149907088,0,The Strong Starters
0.5564881804266667,0.581169335694023,3,The Loyal Referrals
0.44412274397139606,-0.23695671175910177,0,The Strong Starters
-0.02382293621977315,-0.09152614810586726,3,The Loyal Referrals
0.47499449877057115,0.9482191547030675,2,The Motivated Finishers
0.8609162337045104,-0.17313345379380962,2,The Motivated Finishers
0.9989405911242235,1.0853731034936078,2,The Motivated Finishers
-3.8264064563938294,1.8217563574711821,1,The Early Drop-Offs
0.27750452664149294,0.18367025674568924,2,The Motivated Finishers
0.728443628898815,0.10673126421111963,2,The Motivated Finishers
-0.10413824249929177,-1.7184903828125349,0,The Strong Starters
0.7217003694905584,-1.3392594215469666,3,The Loyal Referrals
0.1736486783919326,1.4070881733418723,2,The Motivated Finishers
0.5925267549425024,0.1833253088384231,2,The Motivated Finishers
0.5572960746133062,0.640375810255796,2,The Motivated Finishers
0.2262620248188205,0.3307251582261812,2,The Motivated Finishers
0.9609746491692629,-1.1128641056088484,3,The Loyal Referrals
-2.171180025446376,0.8872792219828617,1,The Early Drop-Offs
0.640577739900491,0.841634511438165,2,The Motivated Finishers
0.03279569778053675,-1.3754161866536794,0,The Strong Starters
0.07021707768390584,0.5841402596542682,2,The Motivated Finishers
0.358912721682235,0.00797940412634972,0,The Strong Starters
0.8962322093457723,-1.3057430451802539,0,The Strong Starters
0.7882181595810327,-0.10522005681750514,2,The Motivated Finishers
0.7117146239773927,-0.4766999332776273,3,The Loyal Referrals
-3.572880956107292,-0.7626372610380456,1,The Early Drop-Offs
0.21550818014142667,0.6496123706906297,2,The Motivated Finishers
0.8381728075694674,-0.9828199913731588,0,The Strong Starters
1.0289359967911003,-0.6123629059637115,3,The Loyal Referrals
0.8891390147935215,0.12199340165981627,0,The Strong Starters
0.9085495298752341,1.6136069726823818,2,The Motivated Finishers
0.5697453271760703,-0.058108599703176514,0,The Strong Starters
0.39584680455464955,-2.36274712550957,3,The Loyal Referrals
0.01162573397317769,1.2205726910962245,2,The Motivated Finishers
0.25330958668014186,-2.456337232046947,3,The Loyal Referrals
0.26665626839280065,-0.7222411959505044,0,The Strong Starters
0.7017376364502521,0.16797825331760538,2,The Motivated Finishers
1.0698275736221143,0.44468740502590776,2,The Motivated Finishers
0.5909828154439283,-0.8935065969565237,0,The Strong Starters
0.9128245529539979,-0.6391318314330738,0,The Strong Starters
0.4816735708660393,-0.7544357344316912,0,The Strong Starters
0.09833858305123196,0.54135466479627,3,The Loyal Referrals
-4.034333191764019,-1.25335666997165,1,The Early Drop-Offs
0.4927171526448488,-0.42557214261675747,3,The Loyal Referrals
0.793158199299125,-0.3198913754060074,0,The Strong Starters
0.03768670172710425,-0.48877447784620964,0,The Strong Starters
0.3339966043595394,-1.7500473297335686,0,The Strong Starters
1.1633906938543568,-0.6000504041535702,3,The Loyal Referrals
-0.047009559487043426,0.8082791326081913,0,The Strong Starters
0.30512564602256065,-1.9451083902484017,3,The Loyal Referrals
0.8971382252268366,0.6636980056318794,2,The Motivated Finishers
0.3987800949480882,1.1785926924375993,2,The Motivated Finishers
1.1971627020153641,0.5643813336628813,2,The Motivated Finishers
0.9873196626823146,-0.07031884303066717,2,The Motivated Finishers
-0.3605862045751679,1.431431765089408,2,The Motivated Finishers
0.3851379533567046,-0.07887327438500437,0,The Strong Starters
1.331121185082111,-1.1554734001722746,3,The Loyal Referrals
0.4479562017054805,1.3613203159160183,0,The Strong Starters
0.8210455986562588,0.39694917551441383,2,The Motivated Finishers
0.5121966642551584,-0.8634524583752446,3,The Loyal Referrals
0.8838916759282216,0.6467789932333767,2,The Motivated Finishers
1.2146814509388761,-0.5228145845934183,2,The Motivated Finishers
0.28208944200363795,-1.977077478299428,3,The Loyal Referrals
0.6658866077962755,-0.4652692229082889,3,The Loyal Referrals
0.8491744450024971,0.6850706734191699,3,The Loyal Referrals
0.48493347108037704,0.18555754996439178,0,The Strong Starters
1.032417802330527,-1.5089021220544145,3,The Loyal Referrals
0.8145104059567215,0.19118973401281322,2,The Motivated Finishers
-4.1806473261511075,1.0610302303282155,1,The Early Drop-Offs
0.6170094671164039,0.5837926259718387,0,The Strong Starters
-2.6500470092689183,0.3428630838486023,1,The Early Drop-Offs
-0.37955520267087883,-2.000314324152228,3,The Loyal Referrals
0.5951714647891039,0.6726077037238819,2,The Motivated Finishers
0.6021198479863354,-0.08567278217699306,3,The Loyal Referrals
0.16238769882268983,0.3800146763882149,0,The Strong Starters
-3.8649975170190953,0.4615016266545771,1,The Early Drop-Offs
-3.808440010465288,0.7971203461926158,1,The Early Drop-Offs
0.6632806764951852,0.4796293293996116,2,The Motivated Finishers
0.8046371683931144,0.7650533695899092,2,The Motivated Finishers
0.4885904183929152,-0.14462100381072185,0,The Strong Starters
0.2537643835180744,-0.07823292938398825,0,The Strong Starters
0.7512251834959888,0.8875473478028806,2,The Motivated Finishers
1.2290585089302888,-0.92856789533036,3,The Loyal Referrals
0.889584484145296,-0.28591828122718804,3,The Loyal Referrals
0.0297221096225604,-1.1510098453477273,3,The Loyal Referrals
1.154535443448044,-0.846399286200868,3,The Loyal Referrals
-3.8909576360399845,-0.01159733774874684,1,The Early Drop-Offs
0.8036649794373197,-0.4235176679018243,0,The Strong Starters
-1.5895625538718645,0.22946336983532245,1,The Early Drop-Offs
0.39977087601251976,0.17688795140960775,2,The Motivated Finishers
0.1940740048402811,0.8374238750618811,0,The Strong Starters
0.5147368554995283,-0.8659611644605489,3,The Loyal Referrals
0.0563481749958056,-1.1995517007176808,0,The Strong Starters
-2.661797654328286,0.4775746626390569,1,The Early Drop-Offs
1.0359119259669618,-1.021132234244565,3,The Loyal Referrals
0.19773082532207786,-0.03213685376339383,2,The Motivated Finishers
-0.006941876322506717,-1.7423232763743444,0,The Strong Starters
-2.6785752975073356,2.0791998336074506,1,The Early Drop-Offs
0.17133045187449697,-0.5116448375676292,0,The Strong Starters
0.4842939389126462,1.9258740079373144,2,The Motivated Finishers
0.20659428607565153,-0.8815025891908708,3,The Loyal Referrals
0.4007855121897367,-0.5128887793716052,3,The Loyal Referrals
0.57197527413389,0.9961992309783584,3,The Loyal Referrals
-0.00981159003932168,0.39989570594640755,2,The Motivated Finishers
1.1736130618399072,-0.07387097855257799,3,The Loyal Referrals
0.6272993766513684,-0.9111335776224354,3,The Loyal Referrals
-3.1752327233174875,1.069983944821916,1,The Early Drop-Offs
0.6556715754791153,0.09305032131448983,2,The Motivated Finishers
0.6811910922597422,0.22438883482474645,2,The Motivated Finishers
1.2186266400474048,0.4956111067355553,2,The Motivated Finishers
-0.49973397566637845,-2.4947257481488663,3,The Loyal Referrals
0.5081308186291774,-0.8310625034952077,0,The Strong Starters
1.3582693446000562,-1.6938015063168834,3,The Loyal Referrals
-2.437610588880633,0.6349818676648715,1,The Early Drop-Offs
1.079539329244005,0.9272378255790193,2,The Motivated Finishers
-2.040639269179767,-0.24079287459328394,1,The Early Drop-Offs
0.676631992573241,0.21836513492070614,0,The Strong Starters
0.4641092636428133,0.13174150685035546,0,The Strong Starters
0.7823381815470009,0.7798658503788407,2,The Motivated Finishers
0.4104997152205932,-0.100259361933434,0,The Strong Starters
0.7809921439853597,0.04970387696107277,2,The Motivated Finishers
0.6944802775551433,-2.3223050123898483,3,The Loyal Referrals
0.06569643521999255,-1.761574088128654,0,The Strong Starters
-2.571153010930158,0.672389213216933,1,The Early Drop-Offs
0.890770583768331,0.6001990865017826,2,The Motivated Finishers
0.11802481792090846,-1.4692054688576843,3,The Loyal Referrals
1.0197635564050853,-1.394801690054044,3,The Loyal Referrals
0.36746076180001164,0.4634245973577926,2,The Motivated Finishers
0.8070183304152553,0.9954458394588557,2,The Motivated Finishers
0.4442072343876594,0.4589238570385607,2,The Motivated Finishers
-0.2637928605287347,-0.0628372138583438,0,The Strong Starters
-4.172151592275314,-0.10518207592551738,1,The Early Drop-Offs
0.8898456332584758,-0.15671257409003525,2,The Motivated Finishers
0.4498069654573006,-0.7065145909763846,0,The Strong Starters
0.5888453673199169,0.5025538926262847,0,The Strong Starters
1.0019275798688092,0.22718228188535153,2,The Motivated Finishers
0.7270993983141407,0.14659216576917564,2,The Motivated Finishers
0.29517450936053663,-0.9037444097707173,3,The Loyal Referrals
-1.936401615823019,0.9662129312119556,1,The Early Drop-Offs
0.7713886422661023,0.2896338244320397,2,The Motivated Finishers
1.3456853509458588,-0.28896807725468493,3,The Loyal Referrals
0.46737522504629897,-0.06047099692636472,2,The Motivated Finishers
1.0257358931952472,0.6561405933598045,2,The Motivated Finishers
-0.09156294333678666,-0.6645918865519261,0,The Strong Starters
0.5657284309908662,0.14345150450131935,2,The Motivated Finishers
0.4270025238655638,-1.807022119679896,0,The Strong Starters
0.6069252693354201,-0.04018420953109938,3,The Loyal Referrals
-3.9459078815122446,-1.0738636363559682,1,The Early Drop-Offs
0.18431321344686552,1.4561864819047416,2,The Motivated Finishers
0.5926407585364936,0.9050541078986801,2,The Motivated Finishers
-1.955777584318651,-0.2739913083074914,1,The Early Drop-Offs
0.034650677210993706,1.4707293711580185,2,The Motivated Finishers
1.1741445385317506,-0.9189376166180188,3,The Loyal Referrals
0.5239189950757419,-1.4327964214986946,3,The Loyal Referrals
0.09372231645323514,0.3283453686903512,0,The Strong Starters
0.6904178230702255,-2.321763585159606,3,The Loyal Referrals
0.5033503408047901,0.30635629112780455,0,The Strong Starters
0.6280710761835852,0.48634840095291115,2,The Motivated Finishers
-0.4683342985536963,-1.1770409512022955,0,The Strong Starters
1.2587356945546186,-1.9299831055754297,3,The Loyal Referrals
0.6769853152627427,0.6408267993404803,2,The Motivated Finishers
0.1991617818118758,-0.6101091925461894,0,The Strong Starters
0.6819651635891909,0.6279257266900529,0,The Strong Starters
0.4724573791572774,-0.9678703205204526,0,The Strong Starters
-0.5738561185911768,-2.4752642776788867,0,The Strong Starters
0.6818113513868437,-0.29557331830827893,0,The Strong Starters
1.1879754584903135,-0.4615675954869328,2,The Motivated Finishers
-2.563000965321872,-2.7077717327271458,1,The Early Drop-Offs
0.07594517732329871,0.08496035748557605,0,The Strong Starters
0.38088379460612465,1.2851698866171295,2,The Motivated Finishers
0.3575680258549806,-0.4837169547461737,0,The Strong Starters
0.830063672738675,-0.1746503840232514,0,The Strong Starters
0.40923917139776345,0.11174976261128737,0,The Strong Starters
0.16022723687337415,0.9170015458091113,2,The Motivated Finishers
0.7400747300489264,1.8845343542797055,2,The Motivated Finishers
0.6848407039038896,-1.1902886887741382,3,The Loyal Referrals
0.43337285165977457,1.614151336037413,2,The Motivated Finishers
0.2591689499391576,-2.35953444894864,3,The Loyal Referrals
0.7701249497319187,-0.5068455405443076,2,The Motivated Finishers
0.5564168980925775,0.5228470398874797,2,The Motivated Finishers
0.4987338055780226,-0.707602018890344,3,The Loyal Referrals
-2.0831149518680268,1.1842542139085617,1,The Early Drop-Offs
1.0528139272726895,-0.6335383347964708,0,The Strong Starters
-2.4666265333662434,0.4576324724242163,1,The Early Drop-Offs
0.3683399383207403,0.580953367726109,2,The Motivated Finishers
0.34520854815725766,0.37833919461606047,2,The Motivated Finishers
0.21485038175858415,-0.6113588942047392,0,The Strong Starters
1.1477834088722612,0.5672926072016845,2,The Motivated Finishers
-0.16494677159703472,-1.206668156939092,0,The Strong Starters
0.9553752297711635,1.5234506582066263,2,The Motivated Finishers
0.9453776310645624,-0.17801978957121292,3,The Loyal Referrals
1.079630445843433,1.3292751795275257,2,The Motivated Finishers
1.005194883006682,0.27343539265387595,2,The Motivated Finishers
0.7554973211762631,1.008079683538391,2,The Motivated Finishers
0.6551667128068135,0.04866974730278768,2,The Motivated Finishers
-0.6789118448504846,-2.860292698065424,3,The Loyal Referrals
0.24955913370827756,-0.35488497082798787,2,The Motivated Finishers
0.47691815340670124,-1.9090007693385285,3,The Loyal Referrals
0.6766798230925019,1.720963947301363,2,The Motivated Finishers
1.111578492708518,1.2755514282418805,2,The Motivated Finishers
1.0455260062351563,-0.022684561232622216,3,The Loyal Referrals
0.797907243897773,0.4960031318731038,2,The Motivated Finishers
-4.115773837627152,-2.101024020141576,1,The Early Drop-Offs
1.2599405496824625,0.7318652425450886,2,The Motivated Finishers
0.9814408995519281,0.5138505036607619,2,The Motivated Finishers
-2.835005584455238,-2.2156959207474847,1,The Early Drop-Offs
0.8891621513412522,0.5348778939528981,2,The Motivated Finishers
0.41682425937429574,0.3785359242886619,0,The Strong Starters
-3.267157468319305,-0.5404440470447579,1,The Early Drop-Offs
0.5982795485534256,0.7738597267573057,0,The Strong Starters
-3.4871537383978994,-0.7031773009289668,1,The Early Drop-Offs
0.8016414080765584,1.1548894456910799,2,The Motivated Finishers
-2.590645529615404,1.609351909914428,1,The Early Drop-Offs
1.2733828555292048,0.33325622696452784,2,The Motivated Finishers
0.7345211085133189,0.8007874704018472,2,The Motivated Finishers
0.30979865650981825,0.500421302607328,2,The Motivated Finishers
0.6918611613166202,-0.16562863882545398,2,The Motivated Finishers
0.5171747056046401,-1.6463764060014963,3,The Loyal Referrals
-3.6572582009567367,-0.9053492438543916,1,The Early Drop-Offs
1.1733513209924136,0.4372619714067337,3,The Loyal Referrals
0.810340574060977,-0.8238408526663576,0,The Strong Starters
0.17530064645234578,0.46504095463993766,2,The Motivated Finishers
0.5697271730569571,-0.17118295791947682,3,The Loyal Referrals
-3.3731365905179973,-0.22764972606862868,1,The Early Drop-Offs
1.0012515008751202,0.025032576300726406,2,The Motivated Finishers
0.544777942362297,-0.20653708980293442,3,The Loyal Referrals
0.6595991620418584,0.25947573813731173,0,The Strong Starters
0.06352819789779676,-2.5801814994022108,3,The Loyal Referrals
-2.5196762019270675,1.9663684069865868,1,The Early Drop-Offs
1.236038052060084,0.20270852634043454,3,The Loyal Referrals
0.6257109053203695,-0.09335753697919537,0,The Strong Starters
0.7756023519763271,-0.43623570441740434,3,The Loyal Referrals
0.5456630534151836,0.8417342523519281,2,The Motivated Finishers
0.7568724334133488,-0.2461686036319373,3,The Loyal Referrals
-2.0192286620304585,1.5189225986516985,1,The Early Drop-Offs
0.6430686375447453,0.40741786132529195,2,The Motivated Finishers
0.7530099010038198,0.13996462928103892,0,The Strong Starters
-1.8032589983066345,-0.02406164677161261,1,The Early Drop-Offs
0.5614161559417786,2.131969116719028,2,The Motivated Finishers
0.7982903293181698,1.0375060737368036,2,The Motivated Finishers
0.8002953705149173,0.42472747227331187,2,The Motivated Finishers
0.5027122903565391,0.6595832610948295,2,The Motivated Finishers
0.8343166262369913,1.0652182947512432,2,The Motivated Finishers
0.7204675550132305,-0.022088847467861782,2,The Motivated Finishers
0.5847267165845029,-0.8515917610926158,0,The Strong Starters
0.5524469019414745,1.1638914356114731,2,The Motivated Finishers
0.2871429487096818,-1.0089094177259146,0,The Strong Starters
0.34430661147270714,0.48050115418615497,0,The Strong Starters
0.7639817352059605,-0.12105133514115037,0,The Strong Starters
0.8710702832265248,0.3717180247713402,0,The Strong Starters
-1.9444613080037247,1.1895272470946234,1,The Early Drop-Offs
0.8237414008045193,0.6481344651610562,2,The Motivated Finishers
0.807112147572372,-1.907282087193972,3,The Loyal Referrals
-0.4609799737901171,-0.5809971226266003,0,The Strong Starters
0.38652426476928214,1.3846162054014177,2,The Motivated Finishers
1.061672880491608,1.051838335401562,2,The Motivated Finishers
-2.3120655011655535,-1.3638557919468026,1,The Early Drop-Offs
0.48493347108037704,0.18555754996439178,0,The Strong Starters
-2.090263821129325,0.5222372647220652,1,The Early Drop-Offs
0.9912910005678046,-0.4728976242094163,0,The Strong Starters
0.5670319321334059,1.1417011154157415,2,The Motivated Finishers
0.611629960886618,-2.02922021900287,3,The Loyal Referrals
-3.3146046681123162,-0.06283811315708983,1,The Early Drop-Offs
1.0315060736625432,1.6603110725355905,2,The Motivated Finishers
0.3646090789671242,-1.1487015618230412,3,The Loyal Referrals
-2.189047358022843,0.03779423782124443,1,The Early Drop-Offs
0.35270386126874886,0.48155361689017345,2,The Motivated Finishers
0.7929134069794729,1.1969496799690278,2,The Motivated Finishers
0.5889959039801691,-0.12181772694661365,2,The Motivated Finishers
1.051052096759422,0.4337358288371217,2,The Motivated Finishers
0.9593429537027196,-0.41917387292377095,0,The Strong Starters
-3.583103649750323,2.203917866252239,1,The Early Drop-Offs
0.4280582727524615,-0.9856850342516592,0,The Strong Starters
0.6956714825029741,1.0197638965565843,2,The Motivated Finishers
0.6379207119568818,-1.0319569873478465,0,The Strong Starters
0.5719331933059868,-0.50715115036612,3,The Loyal Referrals
0.287544978410251,0.6230594131891815,0,The Strong Starters
0.6058572066923745,0.8107567574728393,0,The Strong Starters
0.752918784404392,-0.26207272466746745,0,The Strong Starters
0.5584890804822775,-0.8785650097613835,3,The Loyal Referrals
1.2560864771733615,0.11547690516462113,2,The Motivated Finishers
0.8487042816791924,0.003268036218599267,0,The Strong Starters
0.4197954525500631,-0.561632296849922,0,The Strong Starters
0.6253159766969266,0.8153829569588434,2,The Motivated Finishers
1.0818363392617214,0.453924812030721,2,The Motivated Finishers
1.1731014194134028,1.1149107176548259,2,The Motivated Finishers
-0.49718488995386056,0.1272616984135955,0,The Strong Starters
-2.857264269777837,-0.37975168449582397,1,The Early Drop-Offs
0.5722528968809499,-0.7034394961710567,0,The Strong Starters
-4.316616630077167,0.15849895942016465,1,The Early Drop-Offs
0.54044445081349,-0.6100655020430257,3,The Loyal Referrals
0.7033465717529735,-0.3060212494290616,3,The Loyal Referrals
0.6856695650370811,1.1677707630641034,2,The Motivated Finishers
1.1891428768070327,1.0045654199854708,2,The Motivated Finishers
0.8022774627724786,0.7169046920883823,2,The Motivated Finishers
0.8730975573998917,0.232338699329171,0,The Strong Starters
-5.064351854344459,-0.4872209113478151,1,The Early Drop-Offs
1.336275736853139,-0.009941766348292495,3,The Loyal Referrals
-4.100370208832225,1.8744230949864455,1,The Early Drop-Offs
0.3244942031725483,0.19929620657036645,0,The Strong Starters
-3.255598763689331,1.7464243891320004,1,The Early Drop-Offs
0.30003966244198765,-0.41378849484569946,0,The Strong Starters
-0.03426177934904181,-0.6686742958429253,0,The Strong Starters
0.9132947162773026,0.04267080576749691,3,The Loyal Referrals
-3.316058148767461,0.5677991168011005,1,The Early Drop-Offs
0.5853231610988127,0.1263834272981723,0,The Strong Starters
0.40256572216291203,1.2742709077320629,2,The Motivated Finishers
0.4157840563292975,-3.05634734380009,3,The Loyal Referrals
0.583229337466807,0.4140575438292484,2,The Motivated Finishers
0.29569619406894676,1.3182401871837524,2,The Motivated Finishers
0.9347766815977152,-0.4524072379936902,2,The Motivated Finishers
0.3115602374699187,-0.6600459082075957,0,The Strong Starters
0.9518505664897116,-1.0857940832782575,3,The Loyal Referrals
0.7437090060563135,1.6730285686420894,2,The Motivated Finishers
1.2560666429080227,-0.22823815297734187,3,The Loyal Referrals
0.6461124171559262,0.8349155062646268,2,The Motivated Finishers
0.47411118110870626,-0.016265359657163702,0,The Strong Starters
0.30640628742359366,1.5683571727208747,2,The Motivated Finishers
-3.3467217594085703,-1.3048947487571376,1,The Early Drop-Offs
0.734718672038413,1.155282317398608,2,The Motivated Finishers
-4.421338997496259,1.3805096517495725,1,The Early Drop-Offs
0.390072708626019,0.23876423642089445,0,The Strong Starters
1.1676852532866144,-0.6913838837368887,3,The Loyal Referrals
0.8665744332441948,1.3176953145467918,2,The Motivated Finishers
-1.757822625391535,0.7730961132637713,1,The Early Drop-Offs
0.7127807529864818,-0.034715415298040474,3,The Loyal Referrals
0.29441465908719194,1.8795627797916339,2,The Motivated Finishers
0.8648415885477003,0.501577179393201,3,The Loyal Referrals
0.46719660580137706,0.6755000451282707,2,The Motivated Finishers
1.3020795889111212,-1.1236002039604822,3,The Loyal Referrals
1.093360216572044,0.2768368328199436,3,The Loyal Referrals
-0.1918308561033168,-1.1025401317377042,0,The Strong Starters
0.34483423430883114,0.30519099825944646,2,The Motivated Finishers
0.9965849277956633,-2.0290752400640084,3,The Loyal Referrals
0.5346889469934965,-0.19882991863228622,0,The Strong Starters
0.9016986666477246,0.9081873200811642,2,The Motivated Finishers
0.7851012756915077,-1.0832475363511145,3,The Loyal Referrals
0.6162620474395586,-1.7800694336967418,3,The Loyal Referrals
0.5829238452965664,1.494194691790131,2,The Motivated Finishers
0.33566057901917074,-0.1763312253259693,0,The Strong Starters
-1.8023766554836416,0.0955567831015929,1,The Early Drop-Offs
0.44095196460415503,-0.8596704258423511,0,The Strong Starters
0.5074074148588014,-0.19438840925931813,3,The Loyal Referrals
0.3993930130962778,0.32772344654181973,0,The Strong Starters
0.18960082616310153,1.6647283966998352,2,The Motivated Finishers
0.8231403258593757,0.048760275255097255,2,The Motivated Finishers
1.0153978414694798,-0.8224083312271075,0,The Strong Starters
0.4678369284691752,1.6238532105676493,2,The Motivated Finishers
1.2248909492540911,-0.6420183466031274,3,The Loyal Referrals
0.4364310822384557,-0.9955825415348925,0,The Strong Starters
0.5962727003797113,0.6166154532449734,0,The Strong Starters
0.5347935249975733,0.2082519658304569,0,The Strong Starters
0.9310248018021,0.7858905808227239,0,The Strong Starters
1.0329458015505595,-1.0516370557496302,3,The Loyal Referrals
0.10956282564319458,-0.551940265496972,3,The Loyal Referrals
0.8485090523182678,-0.2742939417620708,2,The Motivated Finishers
0.8738270628594094,0.2733241686910705,2,The Motivated Finishers
1.0598635958429878,1.2490889088859904,2,The Motivated Finishers
-3.3372025057080803,1.307978111041221,1,The Early Drop-Offs
0.672252066232913,-0.09309030840830314,2,The Motivated Finishers
0.08852582033642692,0.5218408078437641,0,The Strong Starters
1.0296108300325317,0.3838332876269502,2,The Motivated Finishers
0.4627673052776859,1.473182543814815,2,The Motivated Finishers
0.6433642822642708,0.8622819328018209,2,The Motivated Finishers
0.7301982549152939,1.550927462136646,2,The Motivated Finishers
0.5255934118021868,-1.4630801509300584,3,The Loyal Referrals
0.4651656046030324,2.024018027759334,2,The Motivated Finishers
0.6117020201348291,0.03153565303478199,3,The Loyal Referrals
-3.8587336360774938,1.1673690537284538,1,The Early Drop-Offs
0.4818005706220995,-0.5592196652877767,0,The Strong Starters
0.6848568111442501,0.3625650265567186,2,The Motivated Finishers
0.9067033220167474,-0.7641838396222305,0,The Strong Starters
1.2533087063815522,0.5631842293080511,2,The Motivated Finishers
0.7021139457120021,-1.3853938592673134,3,The Loyal Referrals
0.1052257541779604,-0.2383550587471172,0,The Strong Starters
0.6461197581348381,1.1658225990273812,2,The Motivated Finishers
1.1455371147722953,0.16993329327967363,2,The Motivated Finishers
0.6958234877283542,1.1732400665790919,2,The Motivated Finishers
0.8108478357835671,1.0615020318019095,0,The Strong Starters
0.8583842233505754,-1.2500306198903868,3,The Loyal Referrals
0.41277318816036573,-2.3563152217744303,3,The Loyal Referrals
0.24000600695215404,0.16213561367454493,0,The Strong Starters
0.7559664175322848,-2.21560965444407,3,The Loyal Referrals
0.5421791024869514,0.9760755080863892,0,The Strong Starters
0.9281429182487937,1.3580732809339904,2,The Motivated Finishers
1.0040310786438966,0.34734812713312063,2,The Motivated Finishers
1.0830912602239349,0.7820494314999827,2,The Motivated Finishers
1.387177879825838,-0.7886849834997873,3,The Loyal Referrals
0.4224495205576827,-0.3817943789251307,2,The Motivated Finishers
-3.4318376164666304,-0.12920524696131086,1,The Early Drop-Offs
0.5612600715198844,-0.0931100636857073,0,The Strong Starters
0.4136935043048236,0.39595666939273566,2,The Motivated Finishers
0.6539895735311125,-1.0543579662592486,3,The Loyal Referrals
0.6897108435222732,0.5850486631466533,3,The Loyal Referrals
0.8918506125106006,0.4551560908367859,2,The Motivated Finishers
-1.9097734097245347,-0.5736885176992795,0,The Strong Starters
0.5859196056131224,1.1043586156889604,2,The Motivated Finishers
-4.166894901441345,0.3554070191970024,1,The Early Drop-Offs
0.24175789009801393,1.2141097990176022,2,The Motivated Finishers
0.5376869795295992,0.7129141406729468,2,The Motivated Finishers
0.09909877354935195,-0.36265549797245245,0,The Strong Starters
1.4364678633464802,-0.4236107360112727,3,The Loyal Referrals
0.4532892458906892,1.2314987326352036,2,The Motivated Finishers
-2.298452013067144,0.7271653483418173,1,The Early Drop-Offs
0.7863230427817627,-0.8423156666759841,0,The Strong Starters
0.49749085071503346,-0.3298286670206637,0,The Strong Starters
0.666013015818022,0.37028550333209004,0,The Strong Starters
0.44515721441395173,-0.5830183843983516,0,The Strong Starters
0.7450094853182407,2.2021718650856044,2,The Motivated Finishers
0.950394916202135,1.0047944704264742,2,The Motivated Finishers
0.7595521230107273,-0.7942451522551353,3,The Loyal Referrals
0.7996989260006074,-0.5532477161174764,0,The Strong Starters
0.9923069408463463,0.14666921528074647,2,The Motivated Finishers
-4.055340495413451,-0.9154252873034798,1,The Early Drop-Offs
0.8773320049465668,-0.21033055510655063,2,The Motivated Finishers
0.8890728417187913,0.9028634149802158,2,The Motivated Finishers
0.33709941332646526,1.1865088019659678,2,The Motivated Finishers
0.39510320544132177,-1.2689005552580237,2,The Motivated Finishers
0.6358052470825707,-1.8580208039345574,3,The Loyal Referrals
0.21004520996266704,-0.5636544196693017,0,The Strong Starters
0.7102898553422279,0.3995012348148322,3,The Loyal Referrals
0.08423126090416927,0.6131742874270824,2,The Motivated Finishers
0.5044532565416232,0.4810047405745587,0,The Strong Starters
0.5319343127494176,0.6617618978042257,2,The Motivated Finishers
0.2830260160925634,-1.492014234668078,0,The Strong Starters
-2.577235131888362,0.3295036565336997,1,The Early Drop-Offs
0.249078314924125,-0.7726026259330624,3,The Loyal Referrals
0.4917597291950279,-0.2997550793228788,2,The Motivated Finishers
0.5295322863990929,1.3200650710486008,2,The Motivated Finishers
0.8224661803343871,-0.5552624728807479,3,The Loyal Referrals
0.5178955623883655,0.08239572499399807,0,The Strong Starters
-0.14387776218843687,-0.36669788992837915,0,The Strong Starters
0.9989614554524071,0.1966774603802863,2,The Motivated Finishers
0.9078027602817696,0.7127963141947489,2,The Motivated Finishers
0.28443521449970405,0.29116669023009495,0,The Strong Starters
0.8515533348050909,-0.3861169921182873,3,The Loyal Referrals
0.5960792779957532,1.1090763502401273,2,The Motivated Finishers
0.37202213083912816,-1.1097148748284866,0,The Strong Starters
1.04759128237892,0.9809615768646647,2,The Motivated Finishers
0.679108087078459,-0.45936166025164804,2,The Motivated Finishers
1.011899815618648,1.2704615766732803,3,The Loyal Referrals
0.5949943311982254,-1.5952699743178997,3,The Loyal Referrals
0.2608827372844352,0.11530220429409617,0,The Strong Starters
-0.2467354628565634,0.4463843279624638,0,The Strong Starters
0.17362746189221312,-0.9849578511159276,0,The Strong Starters
0.13310768678829335,-1.0606378690649558,3,The Loyal Referrals
-4.156415753882666,0.3252275993158487,1,The Early Drop-Offs
0.6392923467221568,-0.9838735701479497,3,The Loyal Referrals
0.3313355473707916,-1.5823812078595039,3,The Loyal Referrals
0.8149782970604792,-0.4285877641930198,3,The Loyal Referrals
0.47217691937040546,1.1941562329084228,2,The Motivated Finishers
0.9561941713448756,0.024554689014163886,3,The Loyal Referrals
-0.01986566400641245,-2.7331461246690125,3,The Loyal Referrals
0.5571612066911314,0.8073426543088605,2,The Motivated Finishers
1.084149055989585,0.16360715981366356,2,The Motivated Finishers
-3.090425715989403,-0.4422307036784213,1,The Early Drop-Offs
0.6590794962305203,-0.028414980933871636,2,The Motivated Finishers
0.7788377469944991,-1.2712218314490478,3,The Loyal Referrals
-0.3424228195350874,0.19670357504814526,2,The Motivated Finishers
-0.21146224610826567,-0.27875381095156315,0,The Strong Starters
0.05717672445745523,-0.31236856467996843,2,The Motivated Finishers
1.0443765021357647,0.8340590136016551,2,The Motivated Finishers
0.5483543516243442,0.29962462295635556,3,The Loyal Referrals
0.5002457345122793,-1.0972274362758445,0,The Strong Starters
1.2978682779121766,-0.2680464572316786,3,The Loyal Referrals
0.6246781150240395,0.483344835585717,2,The Motivated Finishers
0.45177504473688535,0.3195440146143003,3,The Loyal Referrals
-0.015169568097846076,1.649805201230028,2,The Motivated Finishers
0.19517284138060018,-1.0595306858735922,0,The Strong Starters
0.2803587714229343,0.9797535929058341,0,The Strong Starters
-2.9451821112253485,-0.15389685066824005,1,The Early Drop-Offs
0.7793714959058892,-0.814708334108085,3,The Loyal Referrals
0.6199664488874486,-1.2402243973226912,3,The Loyal Referrals
0.5725476651086683,0.04451622119080707,2,The Motivated Finishers
0.6031475386746884,0.8014278154028633,2,The Motivated Finishers
-3.170473195576978,2.1041931141131216,1,The Early Drop-Offs
0.8923185036143583,-0.16462140736904687,3,The Loyal Referrals
1.4016964873898718,-0.12319833755645063,3,The Loyal Referrals
0.6101185931770704,-0.07552543863550923,3,The Loyal Referrals
0.6283538081900041,-0.3740980170695608,0,The Strong Starters
-3.65930362625339,0.519364522984152,1,The Early Drop-Offs
-3.6671112215157593,0.41400509553785053,1,The Early Drop-Offs
1.0096051261791565,1.1344714120564772,2,The Motivated Finishers
0.3482745607450577,1.2792361155767178,2,The Motivated Finishers
-0.1802260349017687,-1.4997019005442858,3,The Loyal Referrals
-4.118880114403744,0.10605777971189671,1,The Early Drop-Offs
-0.39670723204735103,-0.5383635598251865,2,The Motivated Finishers
0.9784760208877837,-0.3107008058503398,3,The Loyal Referrals
1.1757880736057844,0.26516603956288964,2,The Motivated Finishers
1.006960416332555,0.6451890171710184,2,The Motivated Finishers
0.27277930630701835,0.17283368721447645,0,The Strong Starters
0.4252816212211763,-0.16012828058722162,2,The Motivated Finishers
1.2306354056870121,0.5048485137403685,2,The Motivated Finishers
0.2487368315031064,-1.0285484940640561,0,The Strong Starters
1.0161753039399921,-0.4507199670115954,3,The Loyal Referrals
0.1413204963910589,0.31006728435332637,0,The Strong Starters
0.681965628831771,1.1594829871206322,2,The Motivated Finishers
0.865300102759229,-0.6324524544044459,0,The Strong Starters
0.7096244007133757,0.6647838860239044,2,The Motivated Finishers
-2.596325716973082,0.5441065742966291,1,The Early Drop-Offs
0.9025151475655336,0.5042543993996552,2,The Motivated Finishers
0.8201298888955174,-0.9768097112302577,3,The Loyal Referrals
0.6461124171559262,0.8349155062646268,2,The Motivated Finishers
0.4047243771352607,-0.03273883666465756,0,The Strong Starters
0.8703170762252598,-0.920514510207288,2,The Motivated Finishers
1.0863369221195016,-0.2854353908492801,3,The Loyal Referrals
-0.1729200460758697,-0.7269981391714031,2,The Motivated Finishers
-4.731861022693671,0.0998166028052568,1,The Early Drop-Offs
0.058508636945121296,-1.736538570138577,0,The Strong Starters
0.3771584019993095,1.0946383183062394,2,The Motivated Finishers
-3.5466482619444544,-0.76391974258654,1,The Early Drop-Offs
-0.3415374553334775,-1.9898693602833857,3,The Loyal Referrals
0.41563905801185064,0.18549564989246745,2,The Motivated Finishers
0.1890936912712527,0.3187676872817292,0,The Strong Starters
0.2204686285965042,1.317683427829938,2,The Motivated Finishers
0.5335169627930544,-1.2336105867565919,3,The Loyal Referrals
0.7671773312671577,1.1451875711608435,2,The Motivated Finishers
-2.115546008241655,-2.2755320882245242,1,The Early Drop-Offs
0.9173274080313253,-0.0769118989066713,3,The Loyal Referrals
1.0406265423881604,0.09319530025335153,0,The Strong Starters
0.47456746360068175,-0.6420097770906219,0,The Strong Starters
0.5056688072240116,0.015287069946925457,0,The Strong Starters
0.4930881642108835,-0.4215933804112625,0,The Strong Starters
0.5589267400170042,1.179096278826003,2,The Motivated Finishers
0.4645518959547756,0.18621765024281187,2,The Motivated Finishers
0.5232724847270626,-0.07704788123822616,0,The Strong Starters
-3.889572689773833,0.6369022205047121,1,The Early Drop-Offs
0.4918934817912421,-2.4613305849874703,3,The Loyal Referrals
0.7823150449992702,0.36698135808575877,0,The Strong Starters
0.27643995643216124,1.281682921590098,2,The Motivated Finishers
-3.995586047572814,-0.06630799722759431,1,The Early Drop-Offs
0.7006062377722884,1.337401407362483,2,The Motivated Finishers
0.20936126280286324,-0.4036212120569478,0,The Strong Starters
0.5545849421388069,0.8387703815094056,2,The Motivated Finishers
1.3777682657331185,-0.5096586725933947,3,The Loyal Referrals
0.6997479255797437,0.3311769938808451,2,The Motivated Finishers
0.11320584237394005,0.1980386218736174,2,The Motivated Finishers
0.9508144119663668,0.6463861215258487,2,The Motivated Finishers
0.5429745922458352,0.9214560554680403,2,The Motivated Finishers
0.5727600317727987,0.6425212132470492,0,The Strong Starters
0.8485238554573037,-0.030783796702589416,0,The Strong Starters
0.9205662901726895,0.0887655489631721,3,The Loyal Referrals
0.7357760294755322,1.128912089871109,2,The Motivated Finishers
0.822744268324027,-1.723343939599583,0,The Strong Starters
0.2107100997712539,0.9350308908074904,2,The Motivated Finishers
0.536253439322464,1.1207605632583206,2,The Motivated Finishers
1.1437570316298609,-1.0778442187738329,3,The Loyal Referrals
0.7319409012466036,1.602989641542038,2,The Motivated Finishers
-3.9109626525759507,1.7660235935338986,1,The Early Drop-Offs
-3.3738451022325595,-0.12304145039378424,1,The Early Drop-Offs
1.064500717117787,-1.7295927173931245,3,The Loyal Referrals
0.19903807902768628,0.017436049522031805,2,The Motivated Finishers
0.632564879287163,0.980150468292016,2,The Motivated Finishers
-2.7839926697105017,1.1655908060401978,1,The Early Drop-Offs
1.2368559635709515,-0.0637767415967431,3,The Loyal Referrals
0.9075089844838337,-0.1966921486962686,2,The Motivated Finishers
-4.999238824476412,-0.8507862150260399,1,The Early Drop-Offs
0.728850410376686,0.05074261374305385,2,The Motivated Finishers
-0.16379415641935155,0.01595471347383014,0,The Strong Starters
0.4829955065294716,-0.04304864562075701,0,The Strong Starters
1.0952814821482755,-0.4070720298293001,3,The Loyal Referrals
0.17662437910235568,-2.067822453422221,3,The Loyal Referrals
0.5711641907359029,-1.8813610848750757,3,The Loyal Referrals
0.5254732205273145,0.11929275570953161,0,The Strong Starters
0.6025533663799256,1.1250327624184788,2,The Motivated Finishers
-2.372003094861371,0.3499843989265585,1,The Early Drop-Offs
0.5144844471097063,-0.03368219858949619,3,The Loyal Referrals
-0.09100254808331401,-1.4148116799532204,0,The Strong Starters
0.08857081741143143,-0.8412098781638433,3,The Loyal Referrals
1.082277856247723,-1.4862077061883494,3,The Loyal Referrals
0.8140991205397504,-0.546116534561336,3,The Loyal Referrals
0.2924341753798516,0.7396782470208271,0,The Strong Starters
0.819685572502766,0.35483267754214237,0,The Strong Starters
-3.293872839012668,-2.8015024253731533,1,The Early Drop-Offs
0.9869300185076495,0.30611282151297053,2,The Motivated Finishers
1.1584041926044473,1.1853951137661247,2,The Motivated Finishers
0.17056120940262753,0.3239474600137956,2,The Motivated Finishers
0.633493556821996,0.5279234716949401,2,The Motivated Finishers
0.5438537687665639,1.0389848258363565,2,The Motivated Finishers
-3.226608923888359,0.43817021119518623,1,The Early Drop-Offs
0.4197260796375575,0.7352863676996382,2,The Motivated Finishers
0.2111933212012503,-0.13432646829859443,3,The Loyal Referrals
0.40265275956582597,-0.3952947487016585,0,The Strong Starters
0.17377779662274973,1.2408728982526291,2,The Motivated Finishers
0.3748473693522348,-0.0011625616415598368,3,The Loyal Referrals
0.22936177500069557,-2.3397277009835062,3,The Loyal Referrals
0.6591836089920174,-0.1528903569017081,0,The Strong Starters
0.38121320383377355,-0.707686517487287,3,The Loyal Referrals
1.0194738598036632,-0.23268714256283388,3,The Loyal Referrals
0.34384526022136647,2.0769186142632625,2,The Motivated Finishers
0.38194980071903567,-0.4289870025439643,3,The Loyal Referrals
0.6387582825436691,0.4167739413782829,2,The Motivated Finishers
0.2778734966392964,0.873836499004724,2,The Motivated Finishers
0.6540708884957251,0.11173534343745663,0,The Strong Starters
0.5679379383630884,0.8081468869561628,2,The Motivated Finishers
0.5741940372225139,0.7662320510922548,2,The Motivated Finishers
-2.441114442193914,0.44434463584214345,1,The Early Drop-Offs
0.3571941772491342,-0.025307890672208243,0,The Strong Starters
1.030161843077869,1.7001719740936465,2,The Motivated Finishers
0.9708903680909864,1.1864809941581496,2,The Motivated Finishers
0.8009556539397876,0.5448997783276096,0,The Strong Starters
-2.5848127004413635,-0.27025355271491625,1,The Early Drop-Offs
1.0609442786032015,0.9503380823114218,2,The Motivated Finishers
-1.588321857467765,-3.1763610897247543,3,The Loyal Referrals
0.4187561629013099,0.8482954656143082,2,The Motivated Finishers
0.4864328726907006,-2.474035201741911,3,The Loyal Referrals
-2.608963087324952,-0.46666658725434784,1,The Early Drop-Offs
0.6823640445784065,1.2514060680840802,2,The Motivated Finishers
0.9426368318412972,0.9338456067897519,2,The Motivated Finishers
-0.42522925805012435,0.46016634548371416,2,The Motivated Finishers
0.6655535846146927,-0.01245856875552055,2,The Motivated Finishers
0.20682874957328576,-0.9411976828579738,0,The Strong Starters
-2.9781236392920714,-2.555843780300495,1,The Early Drop-Offs
0.6823173333196696,0.12665668522443116,2,The Motivated Finishers
-0.05167308891710459,0.20944636993247492,2,The Motivated Finishers
0.6663207802078097,0.591728490777611,2,The Motivated Finishers
0.5908051886287892,-0.3190683004310423,2,The Motivated Finishers
0.28605391380417783,0.12398918746135998,3,The Loyal Referrals
-3.2919008083647245,-0.628905914203979,1,The Early Drop-Offs
0.6492237723540275,1.4984668909502892,2,The Motivated Finishers
0.3148456083961568,0.7697647374976597,2,The Motivated Finishers
0.26129299623411695,-1.2430181505441946,0,The Strong Starters
0.1931913508477418,2.02222680906379,2,The Motivated Finishers
-3.2530628994647257,0.06527453931428048,1,The Early Drop-Offs
0.6748530247567675,0.9651962844787264,2,The Motivated Finishers
1.2560228915852758,0.3407660450242292,3,The Loyal Referrals
0.4047699354349747,0.16827984030959559,0,The Strong Starters
0.38366583303080404,0.5125223889385705,3,The Loyal Referrals
0.690473179409199,0.443236460734173,2,The Motivated Finishers
-0.1272033231059209,0.14040288507889026,0,The Strong Starters
-2.1168532225285053,0.3236150181911707,1,The Early Drop-Offs
0.3673923165057346,-0.05728552472821115,2,The Motivated Finishers
-3.059607495399317,0.3989720696237123,1,The Early Drop-Offs
-4.218567012067308,-1.1187618777341053,1,The Early Drop-Offs
0.5602709706016784,1.139235377267947,2,The Motivated Finishers
0.7474774959679317,1.4482637698609806,2,The Motivated Finishers
0.1365446435132322,-0.7798535774569848,2,The Motivated Finishers
0.7520834956885336,1.8937717612845189,2,The Motivated Finishers
0.5426672930986276,1.2315703284530988,2,The Motivated Finishers
-4.184454807312587,-0.7266522796316812,1,The Early Drop-Offs
0.20577005040178,-1.1532930698757193,0,The Strong Starters
-4.8367094665529375,1.9865681940808528,1,The Early Drop-Offs
0.9531142590238951,-0.2893147183019102,3,The Loyal Referrals
-3.0634760262244827,-0.9616695801270194,1,The Early Drop-Offs
0.12776303399130276,-0.9367832050117664,0,The Strong Starters
0.5108916774585754,1.1421466508067502,2,The Motivated Finishers
0.2154666641337885,-2.6177059723397127,3,The Loyal Referrals
0.030355652536156137,1.0305055903107576,2,The Motivated Finishers
-3.1241633123959325,0.7008807532775296,1,The Early Drop-Offs
0.4462164407726603,-1.0640130033403394,0,The Strong Starters
-2.2617704691796523,0.4289085570887457,1,The Early Drop-Offs
0.7440160798627268,-1.3784451968639293,0,The Strong Starters
0.1806683588905414,0.4293146470594478,2,The Motivated Finishers
0.5600995694394908,0.049972104944656405,3,The Loyal Referrals
0.8175935558477273,1.4125296690490425,2,The Motivated Finishers
-3.550936955276249,1.0756007258703544,1,The Early Drop-Offs
0.40765583329867644,-0.09632929085991716,2,The Motivated Finishers
1.3897770313727258,-0.5004212655885816,3,The Loyal Referrals
0.7417101525404476,-0.018294535594265995,3,The Loyal Referrals
-4.65995843426278,-0.8922341477816251,1,The Early Drop-Offs
0.29161794401521013,1.2368042148836673,2,The Motivated Finishers
0.09044021017632639,0.03858211286234543,2,The Motivated Finishers
1.2137176088124655,0.03527721476194665,3,The Loyal Referrals
-2.997215111037887,-0.02311408734932514,1,The Early Drop-Offs
-2.216398247445036,-0.40749940749178815,1,The Early Drop-Offs
-2.9885505736967257,-0.8882516800027643,1,The Early Drop-Offs
1.0082447883541215,-0.3785214017163236,3,The Loyal Referrals
1.088074410832775,0.8383177930006743,3,The Loyal Referrals
0.9965348619612935,0.3046484885872482,0,The Strong Starters
1.140972946326429,1.1345826360192826,2,The Motivated Finishers
1.0055724344251338,1.2540541167306454,2,The Motivated Finishers
-4.028635199858744,0.0658755900903639,1,The Early Drop-Offs
0.619149187459962,0.48931227179543374,2,The Motivated Finishers
0.5669675563842609,0.3895987244402534,0,The Strong Starters
0.7476784101340954,-0.03895526256264516,2,The Motivated Finishers
0.31165001233495937,-0.49647416880433404,0,The Strong Starters
0.7792754065292258,0.7864394571383388,2,The Motivated Finishers
-1.93696037936388,-0.5145692145147412,1,The Early Drop-Offs
0.2920848050561226,1.849437417933119,2,The Motivated Finishers
0.7087462542554922,-0.6851555855996965,3,The Loyal Referrals
0.6951770754834311,0.057619535887111085,3,The Loyal Referrals
0.8385279372359359,0.20966454802243953,2,The Motivated Finishers
0.8119530856845697,1.3130833502647543,2,The Motivated Finishers
0.8576261704028156,0.00030416537607668006,0,The Strong Starters
1.2668204875854165,-0.5471253654417902,3,The Loyal Referrals
0.9481259507970184,0.7261079246419608,2,The Motivated Finishers
