Client_ID,Age,Gender,Country,Goal_Type,Lead_Source,Goal_Achieved,Checkin_Rate_Pct,Progress_Photos_Shared,Second_Round,Referred_Someone,Goal_Achieved_Score,Checkin_Score,Progress_Photos_Score,Second_Round_Score,Referral_Score,Superfan_Score,Superfan_Score_Rounded,Superfan_Segment
C0001,24,Female,USA,Body Transformation,Other,Partial,100.0,Yes,No,0,1,2.0,1,0,0,4.0,4,Neutral
C0002,30,Female,USA,Body Transformation,Instagram,No,7.1,Yes,No,0,0,0.14,1,0,0,1.14,1,At Risk
C0003,19,Female,USA,Weight Loss,TikTok,Partial,78.6,Yes,No,1,1,1.57,1,0,2,5.57,6,Happy
C0004,22,Female,Australia,Weight Loss,TikTok,Yes,100.0,Yes,No,1,3,2.0,1,0,2,8.0,8,Superfan
C0005,31,Male,USA,Weight Loss,TikTok,No,0.0,No,No,1,0,0.0,0,0,2,2.0,2,At Risk
C0006,30,Female,UAE,Weight Loss,TikTok,Partial,100.0,Yes,No,1,1,2.0,1,0,2,6.0,6,Happy
C0007,52,Male,USA,Weight Loss,Referral,No,7.1,No,No,0,0,0.14,0,0,0,0.14,0,At Risk
C0008,25,Female,Canada,Body Transformation,TikTok,Yes,78.6,Yes,No,0,3,1.57,1,0,0,5.57,6,Happy
C0009,28,Female,Australia,Body Transformation,Referral,Partial,85.7,Yes,Yes,0,1,1.71,1,2,0,5.71,6,Happy
C0010,23,Male,Australia,Body Transformation,TikTok,Ongoing,14.3,No,No,1,0,0.29,0,0,2,2.29,2,At Risk
C0011,27,Female,USA,Body Transformation,TikTok,No,7.1,No,Yes,1,0,0.14,0,2,2,4.14,4,Neutral
C0012,29,Female,Nepal,Weight Loss,Referral,Partial,85.7,Yes,No,1,1,1.71,1,0,2,5.71,6,Happy
C0013,30,Male,Other,Weight Loss,Instagram,Partial,78.6,Yes,No,0,1,1.57,1,0,0,3.57,4,Neutral
C0014,43,Female,Nepal,Weight Loss,Instagram,Yes,100.0,Yes,No,1,3,2.0,1,0,2,8.0,8,Superfan
C0015,48,Male,Australia,Weight Loss,Referral,Yes,92.9,No,No,1,3,1.86,0,0,2,6.86,7,Happy
C0016,22,Male,USA,Weight Gain,Referral,No,0.0,No,No,0,0,0.0,0,0,0,0.0,0,At Risk
C0017,26,Female,USA,Body Transformation,TikTok,Partial,100.0,Yes,No,0,1,2.0,1,0,0,4.0,4,Neutral
C0018,26,Female,USA,Weight Loss,TikTok,Partial,78.6,Yes,No,1,1,1.57,1,0,2,5.57,6,Happy
C0019,35,Female,Australia,Weight Loss,TikTok,Yes,92.9,Yes,No,0,3,1.86,1,0,0,5.86,6,Happy
C0020,30,Female,Australia,Weight Loss,TikTok,Partial,78.6,No,No,1,1,1.57,0,0,2,4.57,5,Neutral
C0021,23,Female,Canada,Weight Loss,Instagram,Ongoing,21.4,No,No,0,0,0.43,0,0,0,0.43,0,At Risk
C0022,38,Female,USA,Body Transformation,TikTok,No,0.0,No,No,1,0,0.0,0,0,2,2.0,2,At Risk
C0023,28,Female,USA,Body Transformation,Instagram,Partial,78.6,Yes,No,0,1,1.57,1,0,0,3.57,4,Neutral
C0024,37,Male,UAE,Weight Loss,TikTok,No,14.3,No,Yes,0,0,0.29,0,2,0,2.29,2,At Risk
C0025,21,Female,Australia,Weight Loss,TikTok,Yes,78.6,No,No,0,3,1.57,0,0,0,4.57,5,Neutral
C0026,45,Male,Australia,Body Transformation,TikTok,Partial,85.7,Yes,No,0,1,1.71,1,0,0,3.71,4,Neutral
C0027,30,Female,Canada,Weight Gain,TikTok,Partial,92.9,Yes,No,0,1,1.86,1,0,0,3.86,4,Neutral
C0028,30,Female,Australia,Weight Gain,TikTok,Yes,92.9,Yes,No,1,3,1.86,1,0,2,7.86,8,Happy
C0029,31,Female,Australia,Body Transformation,TikTok,Partial,100.0,Yes,No,0,1,2.0,1,0,0,4.0,4,Neutral
C0030,30,Male,Canada,Body Transformation,TikTok,Yes,100.0,Yes,No,0,3,2.0,1,0,0,6.0,6,Happy
C0031,24,Male,USA,Weight Loss,TikTok,Ongoing,28.6,No,No,1,0,0.57,0,0,2,2.57,3,At Risk
C0032,26,Female,Nepal,Weight Gain,TikTok,Yes,85.7,No,No,0,3,1.71,0,0,0,4.71,5,Neutral
C0033,42,Female,Australia,Weight Loss,TikTok,Yes,85.7,Yes,No,0,3,1.71,1,0,0,5.71,6,Happy
C0034,30,Female,Australia,Weight Loss,TikTok,Partial,78.6,Yes,No,0,1,1.57,1,0,0,3.57,4,Neutral
C0035,51,Male,Australia,Weight Loss,TikTok,Yes,78.6,Yes,No,1,3,1.57,1,0,2,7.57,8,Happy
C0036,18,Female,Australia,Weight Loss,Referral,Yes,92.9,Yes,Yes,1,3,1.86,1,2,2,9.86,10,Superfan
C0037,22,Male,Australia,Weight Gain,Instagram,Partial,85.7,Yes,No,0,1,1.71,1,0,0,3.71,4,Neutral
C0038,46,Female,Nepal,Weight Loss,TikTok,Yes,78.6,Yes,No,0,3,1.57,1,0,0,5.57,6,Happy
C0039,21,Female,Australia,Weight Loss,TikTok,Yes,92.9,Yes,No,0,3,1.86,1,0,0,5.86,6,Happy
C0040,46,Female,Other,Body Transformation,TikTok,Partial,85.7,Yes,No,1,1,1.71,1,0,2,5.71,6,Happy
C0041,26,Female,USA,Weight Loss,Referral,Yes,78.6,Yes,Yes,0,3,1.57,1,2,0,7.57,8,Happy
C0042,25,Female,UAE,Weight Gain,Instagram,No,21.4,Yes,Yes,0,0,0.43,1,2,0,3.43,3,Neutral
C0043,42,Male,Other,Weight Gain,Referral,No,7.1,No,No,0,0,0.14,0,0,0,0.14,0,At Risk
C0044,25,Female,USA,Body Transformation,TikTok,Partial,78.6,Yes,No,1,1,1.57,1,0,2,5.57,6,Happy
C0045,29,Male,Nepal,Weight Loss,TikTok,Partial,78.6,Yes,No,0,1,1.57,1,0,0,3.57,4,Neutral
C0046,26,Female,Australia,Body Transformation,TikTok,Yes,92.9,No,No,0,3,1.86,0,0,0,4.86,5,Neutral
C0047,51,Female,Nepal,Body Transformation,TikTok,Yes,85.7,No,No,0,3,1.71,0,0,0,4.71,5,Neutral
C0048,45,Male,Australia,Weight Loss,Instagram,Partial,85.7,Yes,No,0,1,1.71,1,0,0,3.71,4,Neutral
C0049,28,Female,Australia,Weight Loss,Other,Yes,85.7,Yes,No,0,3,1.71,1,0,0,5.71,6,Happy
C0050,36,Female,Australia,Weight Loss,TikTok,Yes,78.6,Yes,No,1,3,1.57,1,0,2,7.57,8,Happy
C0051,37,Male,Australia,Weight Gain,Instagram,No,0.0,No,No,0,0,0.0,0,0,0,0.0,0,At Risk
C0052,28,Female,Australia,Weight Gain,TikTok,Yes,78.6,Yes,No,0,3,1.57,1,0,0,5.57,6,Happy
C0053,29,Female,USA,Weight Loss,TikTok,No,0.0,Yes,No,0,0,0.0,1,0,0,1.0,1,At Risk
C0054,35,Female,Australia,Weight Loss,TikTok,Yes,85.7,Yes,No,0,3,1.71,1,0,0,5.71,6,Happy
C0055,26,Male,Nepal,Body Transformation,Other,Partial,78.6,Yes,No,0,1,1.57,1,0,0,3.57,4,Neutral
C0056,48,Female,USA,Weight Loss,TikTok,No,7.1,No,No,1,0,0.14,0,0,2,2.14,2,At Risk
C0057,19,Female,USA,Weight Loss,TikTok,Yes,85.7,Yes,No,0,3,1.71,1,0,0,5.71,6,Happy
C0058,46,Female,Australia,Weight Gain,Referral,Yes,78.6,Yes,Yes,1,3,1.57,1,2,2,9.57,10,Superfan
C0059,33,Female,Nepal,Weight Loss,Other,Partial,100.0,No,No,0,1,2.0,0,0,0,3.0,3,Neutral
C0060,29,Female,USA,Weight Loss,Referral,Partial,92.9,Yes,Yes,0,1,1.86,1,2,0,5.86,6,Happy
C0061,30,Female,USA,Weight Loss,Other,Partial,92.9,Yes,No,0,1,1.86,1,0,0,3.86,4,Neutral
C0062,32,Female,Nepal,Weight Loss,TikTok,Yes,78.6,Yes,No,0,3,1.57,1,0,0,5.57,6,Happy
C0063,27,Female,Australia,Weight Gain,TikTok,No,7.1,No,Yes,0,0,0.14,0,2,0,2.14,2,At Risk
C0064,27,Female,USA,Weight Loss,Referral,Yes,78.6,Yes,Yes,0,3,1.57,1,2,0,7.57,8,Happy
C0065,28,Female,Australia,Weight Loss,TikTok,Partial,92.9,Yes,No,0,1,1.86,1,0,0,3.86,4,Neutral
C0066,18,Female,Other,Body Transformation,TikTok,No,7.1,No,Yes,0,0,0.14,0,2,0,2.14,2,At Risk
C0067,37,Female,USA,Weight Loss,Instagram,No,21.4,No,No,0,0,0.43,0,0,0,0.43,0,At Risk
C0068,28,Male,Australia,Weight Loss,TikTok,Partial,78.6,No,No,0,1,1.57,0,0,0,2.57,3,At Risk
C0069,38,Female,Australia,Weight Loss,TikTok,Yes,92.9,Yes,No,0,3,1.86,1,0,0,5.86,6,Happy
C0070,22,Female,Canada,Weight Loss,TikTok,Yes,78.6,Yes,No,0,3,1.57,1,0,0,5.57,6,Happy
C0071,31,Male,USA,Weight Loss,TikTok,Yes,92.9,No,No,0,3,1.86,0,0,0,4.86,5,Neutral
C0072,27,Female,USA,Weight Gain,TikTok,Yes,100.0,Yes,No,0,3,2.0,1,0,0,6.0,6,Happy
C0073,36,Male,Australia,Weight Loss,TikTok,No,0.0,No,Yes,1,0,0.0,0,2,2,4.0,4,Neutral
C0074,57,Male,Canada,Body Transformation,TikTok,No,0.0,No,No,0,0,0.0,0,0,0,0.0,0,At Risk
C0075,31,Female,USA,Weight Loss,Referral,Yes,100.0,Yes,No,1,3,2.0,1,0,2,8.0,8,Superfan
C0076,34,Female,USA,Body Transformation,TikTok,Partial,85.7,Yes,No,0,1,1.71,1,0,0,3.71,4,Neutral
C0077,33,Male,USA,Weight Gain,Other,Ongoing,35.7,No,No,0,0,0.71,0,0,0,0.71,1,At Risk
C0078,48,Male,USA,Weight Loss,TikTok,Yes,92.9,Yes,No,0,3,1.86,1,0,0,5.86,6,Happy
C0079,31,Male,USA,Weight Loss,Instagram,Yes,92.9,Yes,No,0,3,1.86,1,0,0,5.86,6,Happy
C0080,31,Female,Nepal,Weight Loss,TikTok,Yes,100.0,Yes,No,0,3,2.0,1,0,0,6.0,6,Happy
C0081,31,Male,USA,Weight Gain,TikTok,Partial,78.6,Yes,No,0,1,1.57,1,0,0,3.57,4,Neutral
C0082,51,Female,Australia,Body Transformation,TikTok,Yes,92.9,Yes,No,1,3,1.86,1,0,2,7.86,8,Happy
C0083,39,Female,USA,Weight Loss,TikTok,Partial,92.9,Yes,No,1,1,1.86,1,0,2,5.86,6,Happy
C0084,18,Female,Australia,Body Transformation,TikTok,Yes,85.7,Yes,No,1,3,1.71,1,0,2,7.71,8,Happy
C0085,50,Female,Australia,Weight Loss,TikTok,Partial,92.9,Yes,No,0,1,1.86,1,0,0,3.86,4,Neutral
C0086,26,Female,USA,Weight Loss,Referral,Yes,85.7,Yes,No,0,3,1.71,1,0,0,5.71,6,Happy
C0087,23,Female,Nepal,Weight Loss,TikTok,Partial,100.0,Yes,No,0,1,2.0,1,0,0,4.0,4,Neutral
C0088,40,Male,USA,Weight Loss,TikTok,Partial,100.0,No,No,0,1,2.0,0,0,0,3.0,3,Neutral
C0089,33,Female,USA,Weight Loss,TikTok,Yes,100.0,Yes,No,0,3,2.0,1,0,0,6.0,6,Happy
C0090,22,Female,UAE,Weight Gain,TikTok,Partial,85.7,No,No,1,1,1.71,0,0,2,4.71,5,Neutral
C0091,54,Male,UAE,Body Transformation,TikTok,Partial,100.0,Yes,No,0,1,2.0,1,0,0,4.0,4,Neutral
C0092,35,Female,Canada,Weight Loss,Referral,Partial,100.0,Yes,Yes,0,1,2.0,1,2,0,6.0,6,Happy
C0093,21,Male,USA,Body Transformation,Referral,Yes,100.0,No,No,0,3,2.0,0,0,0,5.0,5,Happy
C0094,29,Male,Australia,Weight Loss,Instagram,Yes,85.7,Yes,No,1,3,1.71,1,0,2,7.71,8,Happy
C0095,41,Female,Nepal,Weight Gain,Instagram,Yes,78.6,Yes,No,0,3,1.57,1,0,0,5.57,6,Happy
C0096,37,Male,Nepal,Weight Loss,Instagram,Yes,92.9,No,No,0,3,1.86,0,0,0,4.86,5,Neutral
C0097,34,Male,UAE,Weight Loss,Referral,Yes,92.9,Yes,No,1,3,1.86,1,0,2,7.86,8,Happy
C0098,27,Female,USA,Weight Loss,Referral,Yes,100.0,Yes,Yes,0,3,2.0,1,2,0,8.0,8,Superfan
C0099,48,Female,USA,Body Transformation,Referral,Partial,92.9,Yes,Yes,1,1,1.86,1,2,2,7.86,8,Happy
C0100,37,Male,USA,Body Transformation,TikTok,Partial,100.0,Yes,No,0,1,2.0,1,0,0,4.0,4,Neutral
C0101,27,Female,Australia,Body Transformation,Referral,Partial,92.9,Yes,No,0,1,1.86,1,0,0,3.86,4,Neutral
C0102,33,Male,Australia,Weight Gain,TikTok,Partial,92.9,Yes,No,0,1,1.86,1,0,0,3.86,4,Neutral
C0103,18,Female,USA,Weight Gain,Referral,No,14.3,No,No,0,0,0.29,0,0,0,0.29,0,At Risk
C0104,49,Female,UAE,Weight Gain,Referral,Yes,100.0,Yes,No,0,3,2.0,1,0,0,6.0,6,Happy
C0105,48,Male,Australia,Body Transformation,TikTok,Yes,100.0,Yes,No,0,3,2.0,1,0,0,6.0,6,Happy
C0106,36,Female,Australia,Weight Gain,Referral,Yes,92.9,Yes,No,0,3,1.86,1,0,0,5.86,6,Happy
C0107,25,Female,USA,Weight Loss,Other,Yes,92.9,No,No,0,3,1.86,0,0,0,4.86,5,Neutral
C0108,39,Female,USA,Weight Gain,TikTok,Yes,92.9,Yes,No,0,3,1.86,1,0,0,5.86,6,Happy
C0109,18,Male,Canada,Weight Loss,Other,Yes,85.7,No,No,1,3,1.71,0,0,2,6.71,7,Happy
C0110,41,Female,Nepal,Weight Loss,Instagram,Partial,92.9,Yes,No,1,1,1.86,1,0,2,5.86,6,Happy
C0111,33,Female,Nepal,Weight Loss,TikTok,Yes,85.7,Yes,No,0,3,1.71,1,0,0,5.71,6,Happy
C0112,43,Female,Australia,Weight Gain,Other,Yes,92.9,Yes,No,0,3,1.86,1,0,0,5.86,6,Happy
C0113,28,Female,Other,Body Transformation,TikTok,Partial,78.6,Yes,No,0,1,1.57,1,0,0,3.57,4,Neutral
C0114,19,Female,Australia,Weight Loss,Referral,No,7.1,No,Yes,0,0,0.14,0,2,0,2.14,2,At Risk
C0115,28,Female,UAE,Weight Loss,Instagram,Partial,85.7,Yes,No,1,1,1.71,1,0,2,5.71,6,Happy
C0116,46,Female,USA,Body Transformation,TikTok,Ongoing,21.4,No,No,1,0,0.43,0,0,2,2.43,2,At Risk
C0117,47,Female,Nepal,Weight Loss,Referral,Partial,92.9,Yes,Yes,0,1,1.86,1,2,0,5.86,6,Happy
C0118,23,Female,Australia,Weight Loss,TikTok,Partial,78.6,Yes,No,0,1,1.57,1,0,0,3.57,4,Neutral
C0119,53,Female,Nepal,Weight Loss,Referral,Partial,92.9,Yes,Yes,1,1,1.86,1,2,2,7.86,8,Happy
C0120,19,Female,Australia,Weight Loss,Referral,Yes,78.6,No,Yes,0,3,1.57,0,2,0,6.57,7,Happy
C0121,37,Female,USA,Weight Loss,TikTok,Yes,92.9,Yes,No,1,3,1.86,1,0,2,7.86,8,Happy
C0122,33,Female,Australia,Weight Gain,Referral,No,7.1,No,No,0,0,0.14,0,0,0,0.14,0,At Risk
C0123,53,Female,UAE,Weight Loss,TikTok,No,0.0,No,Yes,0,0,0.0,0,2,0,2.0,2,At Risk
C0124,45,Female,Nepal,Weight Gain,Referral,Partial,85.7,Yes,No,0,1,1.71,1,0,0,3.71,4,Neutral
C0125,29,Female,Other,Weight Loss,TikTok,No,7.1,No,No,0,0,0.14,0,0,0,0.14,0,At Risk
C0126,26,Female,USA,Weight Loss,Referral,Yes,85.7,Yes,No,0,3,1.71,1,0,0,5.71,6,Happy
C0127,36,Female,Nepal,Weight Loss,TikTok,Partial,92.9,Yes,No,0,1,1.86,1,0,0,3.86,4,Neutral
C0128,23,Female,Australia,Weight Loss,TikTok,Partial,78.6,No,No,0,1,1.57,0,0,0,2.57,3,At Risk
C0129,39,Male,USA,Weight Gain,TikTok,Yes,100.0,No,No,1,3,2.0,0,0,2,7.0,7,Happy
C0130,22,Female,Australia,Body Transformation,Instagram,Yes,100.0,Yes,No,0,3,2.0,1,0,0,6.0,6,Happy
C0131,22,Female,Australia,Weight Loss,Instagram,Yes,92.9,Yes,No,0,3,1.86,1,0,0,5.86,6,Happy
C0132,51,Female,Nepal,Body Transformation,TikTok,Yes,100.0,Yes,No,0,3,2.0,1,0,0,6.0,6,Happy
C0133,36,Male,Nepal,Body Transformation,Instagram,Yes,100.0,Yes,No,0,3,2.0,1,0,0,6.0,6,Happy
C0134,20,Female,Australia,Weight Loss,TikTok,Yes,85.7,Yes,No,0,3,1.71,1,0,0,5.71,6,Happy
C0135,27,Female,UAE,Body Transformation,TikTok,Partial,100.0,No,No,0,1,2.0,0,0,0,3.0,3,Neutral
C0136,29,Female,USA,Body Transformation,TikTok,No,7.1,No,No,1,0,0.14,0,0,2,2.14,2,At Risk
C0137,29,Female,Australia,Weight Loss,Referral,Ongoing,21.4,No,No,0,0,0.43,0,0,0,0.43,0,At Risk
C0138,35,Female,USA,Body Transformation,TikTok,Yes,85.7,Yes,No,1,3,1.71,1,0,2,7.71,8,Happy
C0139,27,Female,Nepal,Body Transformation,Other,Yes,92.9,Yes,No,0,3,1.86,1,0,0,5.86,6,Happy
C0140,58,Female,Australia,Weight Loss,TikTok,Partial,85.7,Yes,No,1,1,1.71,1,0,2,5.71,6,Happy
C0141,38,Female,Australia,Weight Gain,TikTok,Yes,92.9,Yes,No,0,3,1.86,1,0,0,5.86,6,Happy
C0142,25,Male,Australia,Weight Loss,TikTok,Yes,78.6,Yes,No,0,3,1.57,1,0,0,5.57,6,Happy
C0143,43,Female,Canada,Weight Loss,TikTok,Yes,78.6,Yes,No,0,3,1.57,1,0,0,5.57,6,Happy
C0144,30,Female,Nepal,Body Transformation,Referral,Yes,85.7,No,No,0,3,1.71,0,0,0,4.71,5,Neutral
C0145,55,Female,Nepal,Body Transformation,TikTok,Yes,85.7,Yes,No,0,3,1.71,1,0,0,5.71,6,Happy
C0146,31,Female,UAE,Weight Loss,Referral,Partial,78.6,Yes,Yes,0,1,1.57,1,2,0,5.57,6,Happy
C0147,21,Male,USA,Weight Loss,TikTok,Yes,92.9,Yes,No,0,3,1.86,1,0,0,5.86,6,Happy
C0148,33,Male,Australia,Body Transformation,Referral,Partial,92.9,Yes,No,0,1,1.86,1,0,0,3.86,4,Neutral
C0149,32,Female,Australia,Weight Gain,TikTok,Yes,78.6,Yes,No,1,3,1.57,1,0,2,7.57,8,Happy
C0150,28,Male,Australia,Weight Loss,TikTok,Yes,100.0,Yes,No,0,3,2.0,1,0,0,6.0,6,Happy
C0151,29,Female,Australia,Weight Loss,TikTok,Yes,85.7,Yes,No,0,3,1.71,1,0,0,5.71,6,Happy
C0152,44,Female,Australia,Weight Gain,TikTok,Partial,85.7,No,No,0,1,1.71,0,0,0,2.71,3,At Risk
C0153,45,Female,USA,Body Transformation,Instagram,Partial,92.9,Yes,No,0,1,1.86,1,0,0,3.86,4,Neutral
C0154,19,Female,Australia,Weight Loss,Referral,Partial,92.9,Yes,No,0,1,1.86,1,0,0,3.86,4,Neutral
C0155,53,Female,Australia,Weight Loss,Referral,Yes,85.7,Yes,No,0,3,1.71,1,0,0,5.71,6,Happy
C0156,41,Female,USA,Weight Gain,Referral,Yes,92.9,Yes,Yes,1,3,1.86,1,2,2,9.86,10,Superfan
C0157,55,Female,Australia,Weight Loss,TikTok,Yes,100.0,Yes,No,0,3,2.0,1,0,0,6.0,6,Happy
C0158,18,Male,Australia,Body Transformation,Instagram,Partial,92.9,Yes,No,0,1,1.86,1,0,0,3.86,4,Neutral
C0159,56,Female,USA,Body Transformation,Referral,Ongoing,21.4,No,No,0,0,0.43,0,0,0,0.43,0,At Risk
C0160,37,Female,Nepal,Weight Loss,TikTok,Yes,92.9,Yes,No,0,3,1.86,1,0,0,5.86,6,Happy
C0161,43,Male,Australia,Weight Gain,Referral,Yes,100.0,Yes,No,0,3,2.0,1,0,0,6.0,6,Happy
C0162,25,Female,Nepal,Body Transformation,TikTok,Partial,78.6,Yes,No,0,1,1.57,1,0,0,3.57,4,Neutral
C0163,37,Female,USA,Weight Loss,Referral,Yes,100.0,Yes,No,0,3,2.0,1,0,0,6.0,6,Happy
C0164,29,Male,USA,Weight Loss,TikTok,Yes,78.6,No,No,1,3,1.57,0,0,2,6.57,7,Happy
C0165,27,Male,Nepal,Weight Gain,Referral,Yes,100.0,Yes,No,1,3,2.0,1,0,2,8.0,8,Superfan
C0166,26,Male,Australia,Body Transformation,Referral,Partial,100.0,No,No,0,1,2.0,0,0,0,3.0,3,Neutral
C0167,32,Male,Australia,Weight Loss,TikTok,Partial,85.7,Yes,No,1,1,1.71,1,0,2,5.71,6,Happy
C0168,43,Male,USA,Weight Loss,TikTok,Ongoing,21.4,Yes,No,0,0,0.43,1,0,0,1.43,1,At Risk
C0169,38,Male,Nepal,Weight Loss,TikTok,Partial,78.6,No,No,0,1,1.57,0,0,0,2.57,3,At Risk
C0170,36,Female,Australia,Weight Loss,TikTok,Ongoing,14.3,No,No,1,0,0.29,0,0,2,2.29,2,At Risk
C0171,46,Male,USA,Weight Loss,TikTok,Ongoing,21.4,No,No,0,0,0.43,0,0,0,0.43,0,At Risk
C0172,20,Male,Australia,Body Transformation,TikTok,Ongoing,35.7,No,No,0,0,0.71,0,0,0,0.71,1,At Risk
C0173,35,Male,Canada,Weight Loss,TikTok,Partial,85.7,Yes,No,0,1,1.71,1,0,0,3.71,4,Neutral
C0174,34,Male,Nepal,Weight Gain,TikTok,Yes,100.0,No,No,0,3,2.0,0,0,0,5.0,5,Happy
C0175,32,Female,USA,Weight Loss,Referral,Yes,85.7,No,No,0,3,1.71,0,0,0,4.71,5,Neutral
C0176,47,Male,Nepal,Weight Loss,Referral,Partial,100.0,Yes,No,1,1,2.0,1,0,2,6.0,6,Happy
C0177,40,Male,Australia,Weight Loss,Instagram,Ongoing,14.3,No,No,0,0,0.29,0,0,0,0.29,0,At Risk
C0178,25,Male,Nepal,Weight Loss,TikTok,No,7.1,No,Yes,0,0,0.14,0,2,0,2.14,2,At Risk
C0179,55,Female,Nepal,Weight Gain,Instagram,Yes,85.7,Yes,No,0,3,1.71,1,0,0,5.71,6,Happy
C0180,18,Female,USA,Weight Gain,TikTok,Partial,100.0,Yes,No,1,1,2.0,1,0,2,6.0,6,Happy
C0181,33,Female,Australia,Weight Loss,TikTok,Yes,92.9,Yes,No,0,3,1.86,1,0,0,5.86,6,Happy
C0182,26,Female,Australia,Weight Loss,Other,Yes,85.7,Yes,No,1,3,1.71,1,0,2,7.71,8,Happy
C0183,37,Female,Australia,Weight Gain,TikTok,No,7.1,No,Yes,1,0,0.14,0,2,2,4.14,4,Neutral
C0184,27,Female,Nepal,Weight Loss,Other,Partial,85.7,Yes,No,0,1,1.71,1,0,0,3.71,4,Neutral
C0185,19,Female,UAE,Body Transformation,Referral,Ongoing,21.4,No,No,0,0,0.43,0,0,0,0.43,0,At Risk
C0186,36,Female,UAE,Body Transformation,TikTok,Yes,100.0,Yes,No,0,3,2.0,1,0,0,6.0,6,Happy
C0187,25,Female,Other,Body Transformation,TikTok,Yes,92.9,Yes,No,0,3,1.86,1,0,0,5.86,6,Happy
C0188,36,Female,Australia,Weight Loss,Other,Yes,92.9,Yes,No,0,3,1.86,1,0,0,5.86,6,Happy
C0189,59,Female,Australia,Weight Loss,TikTok,Ongoing,14.3,No,No,0,0,0.29,0,0,0,0.29,0,At Risk
C0190,53,Female,Australia,Body Transformation,TikTok,No,0.0,Yes,No,0,0,0.0,1,0,0,1.0,1,At Risk
C0191,36,Female,Australia,Weight Loss,TikTok,Yes,92.9,Yes,No,0,3,1.86,1,0,0,5.86,6,Happy
C0192,22,Female,USA,Weight Gain,Referral,Partial,85.7,Yes,No,0,1,1.71,1,0,0,3.71,4,Neutral
C0193,25,Female,USA,Weight Gain,TikTok,Yes,78.6,No,No,0,3,1.57,0,0,0,4.57,5,Neutral
C0194,30,Female,USA,Weight Gain,TikTok,Partial,100.0,No,No,1,1,2.0,0,0,2,5.0,5,Happy
C0195,31,Female,Nepal,Body Transformation,TikTok,Partial,92.9,Yes,No,0,1,1.86,1,0,0,3.86,4,Neutral
C0196,34,Female,Other,Weight Loss,Other,Yes,100.0,Yes,No,0,3,2.0,1,0,0,6.0,6,Happy
C0197,18,Female,USA,Body Transformation,TikTok,Yes,78.6,Yes,No,0,3,1.57,1,0,0,5.57,6,Happy
C0198,25,Female,Australia,Body Transformation,Referral,Yes,92.9,Yes,Yes,0,3,1.86,1,2,0,7.86,8,Happy
C0199,27,Female,Nepal,Weight Loss,TikTok,Ongoing,21.4,No,No,0,0,0.43,0,0,0,0.43,0,At Risk
C0200,25,Female,Other,Weight Loss,TikTok,Yes,100.0,Yes,No,1,3,2.0,1,0,2,8.0,8,Superfan
C0201,40,Female,USA,Weight Gain,Instagram,Partial,85.7,Yes,No,0,1,1.71,1,0,0,3.71,4,Neutral
C0202,43,Male,Nepal,Body Transformation,Referral,Partial,92.9,Yes,Yes,1,1,1.86,1,2,2,7.86,8,Happy
C0203,32,Female,USA,Weight Loss,TikTok,Partial,92.9,Yes,No,0,1,1.86,1,0,0,3.86,4,Neutral
C0204,35,Female,USA,Body Transformation,Other,Partial,78.6,No,No,0,1,1.57,0,0,0,2.57,3,At Risk
C0205,29,Male,Australia,Weight Loss,Referral,Ongoing,28.6,No,No,1,0,0.57,0,0,2,2.57,3,At Risk
C0206,52,Female,USA,Body Transformation,Referral,Yes,92.9,Yes,No,0,3,1.86,1,0,0,5.86,6,Happy
C0207,44,Male,Australia,Weight Loss,Referral,Yes,92.9,Yes,No,0,3,1.86,1,0,0,5.86,6,Happy
C0208,31,Female,Other,Weight Loss,Referral,Yes,100.0,Yes,Yes,0,3,2.0,1,2,0,8.0,8,Superfan
C0209,25,Female,Australia,Body Transformation,Referral,Yes,78.6,Yes,Yes,0,3,1.57,1,2,0,7.57,8,Happy
C0210,41,Male,Australia,Weight Loss,Instagram,No,7.1,No,Yes,0,0,0.14,0,2,0,2.14,2,At Risk
C0211,46,Male,Nepal,Body Transformation,Other,Yes,92.9,Yes,No,0,3,1.86,1,0,0,5.86,6,Happy
C0212,28,Female,USA,Body Transformation,TikTok,Ongoing,35.7,Yes,No,0,0,0.71,1,0,0,1.71,2,At Risk
C0213,33,Female,Canada,Weight Loss,TikTok,Yes,85.7,No,No,0,3,1.71,0,0,0,4.71,5,Neutral
C0214,32,Male,USA,Body Transformation,Referral,Partial,92.9,Yes,No,0,1,1.86,1,0,0,3.86,4,Neutral
C0215,35,Female,USA,Weight Loss,TikTok,Yes,100.0,Yes,No,1,3,2.0,1,0,2,8.0,8,Superfan
C0216,33,Female,UAE,Weight Loss,TikTok,Yes,100.0,Yes,No,0,3,2.0,1,0,0,6.0,6,Happy
C0217,55,Female,USA,Body Transformation,TikTok,Yes,85.7,Yes,No,0,3,1.71,1,0,0,5.71,6,Happy
C0218,30,Male,USA,Weight Loss,TikTok,Partial,100.0,No,No,0,1,2.0,0,0,0,3.0,3,Neutral
C0219,52,Female,Australia,Weight Loss,TikTok,Yes,78.6,Yes,No,0,3,1.57,1,0,0,5.57,6,Happy
C0220,23,Female,Nepal,Weight Gain,TikTok,Yes,100.0,Yes,No,0,3,2.0,1,0,0,6.0,6,Happy
C0221,30,Female,USA,Weight Loss,Instagram,Yes,85.7,Yes,No,0,3,1.71,1,0,0,5.71,6,Happy
C0222,18,Female,UAE,Weight Loss,TikTok,No,7.1,No,Yes,1,0,0.14,0,2,2,4.14,4,Neutral
C0223,25,Male,USA,Weight Gain,TikTok,Partial,92.9,No,No,0,1,1.86,0,0,0,2.86,3,At Risk
C0224,55,Female,USA,Body Transformation,Referral,Ongoing,21.4,No,No,1,0,0.43,0,0,2,2.43,2,At Risk
C0225,43,Female,Other,Body Transformation,TikTok,Partial,100.0,Yes,No,0,1,2.0,1,0,0,4.0,4,Neutral
C0226,28,Female,Canada,Weight Loss,Instagram,No,7.1,No,Yes,0,0,0.14,0,2,0,2.14,2,At Risk
C0227,39,Female,USA,Weight Loss,TikTok,Yes,92.9,Yes,No,1,3,1.86,1,0,2,7.86,8,Happy
C0228,46,Female,Nepal,Body Transformation,TikTok,Ongoing,21.4,No,No,0,0,0.43,0,0,0,0.43,0,At Risk
C0229,49,Female,UAE,Body Transformation,Instagram,Partial,78.6,Yes,No,1,1,1.57,1,0,2,5.57,6,Happy
C0230,20,Female,Australia,Body Transformation,Other,Yes,92.9,No,No,0,3,1.86,0,0,0,4.86,5,Neutral
C0231,29,Female,Australia,Weight Loss,TikTok,Yes,100.0,Yes,No,1,3,2.0,1,0,2,8.0,8,Superfan
C0232,38,Male,USA,Weight Loss,Referral,Partial,78.6,Yes,No,0,1,1.57,1,0,0,3.57,4,Neutral
C0233,33,Female,Nepal,Weight Loss,TikTok,Partial,100.0,Yes,No,1,1,2.0,1,0,2,6.0,6,Happy
C0234,25,Female,Australia,Weight Loss,Instagram,No,0.0,No,No,1,0,0.0,0,0,2,2.0,2,At Risk
C0235,33,Male,USA,Body Transformation,Instagram,Yes,100.0,Yes,No,0,3,2.0,1,0,0,6.0,6,Happy
C0236,24,Female,Nepal,Weight Loss,Instagram,Yes,100.0,No,No,0,3,2.0,0,0,0,5.0,5,Happy
C0237,27,Male,USA,Weight Loss,TikTok,Yes,100.0,Yes,No,1,3,2.0,1,0,2,8.0,8,Superfan
C0238,31,Female,Australia,Weight Loss,Referral,No,0.0,No,Yes,1,0,0.0,0,2,2,4.0,4,Neutral
C0239,39,Female,Australia,Weight Loss,TikTok,Yes,85.7,Yes,No,0,3,1.71,1,0,0,5.71,6,Happy
C0240,20,Male,Australia,Body Transformation,TikTok,Yes,100.0,Yes,No,0,3,2.0,1,0,0,6.0,6,Happy
C0241,35,Female,Australia,Weight Loss,Referral,Partial,78.6,Yes,No,0,1,1.57,1,0,0,3.57,4,Neutral
C0242,26,Female,USA,Weight Loss,Other,Yes,100.0,Yes,No,0,3,2.0,1,0,0,6.0,6,Happy
C0243,38,Female,Canada,Weight Loss,TikTok,Yes,92.9,Yes,No,0,3,1.86,1,0,0,5.86,6,Happy
C0244,25,Female,Australia,Weight Loss,Instagram,Yes,78.6,Yes,No,0,3,1.57,1,0,0,5.57,6,Happy
C0245,32,Male,USA,Weight Gain,Instagram,Yes,85.7,Yes,No,1,3,1.71,1,0,2,7.71,8,Happy
C0246,34,Male,Canada,Weight Loss,TikTok,Yes,78.6,Yes,No,0,3,1.57,1,0,0,5.57,6,Happy
C0247,49,Female,Australia,Weight Loss,TikTok,Yes,100.0,No,No,0,3,2.0,0,0,0,5.0,5,Happy
C0248,30,Female,USA,Weight Loss,TikTok,Partial,85.7,Yes,No,1,1,1.71,1,0,2,5.71,6,Happy
C0249,42,Female,USA,Weight Loss,Referral,Partial,92.9,Yes,No,1,1,1.86,1,0,2,5.86,6,Happy
C0250,29,Female,USA,Weight Loss,Referral,Ongoing,35.7,No,No,0,0,0.71,0,0,0,0.71,1,At Risk
C0251,24,Female,Australia,Weight Loss,TikTok,Partial,92.9,Yes,No,0,1,1.86,1,0,0,3.86,4,Neutral
C0252,28,Male,Other,Weight Loss,TikTok,Yes,100.0,Yes,No,0,3,2.0,1,0,0,6.0,6,Happy
C0253,57,Female,Australia,Body Transformation,TikTok,Yes,85.7,Yes,No,0,3,1.71,1,0,0,5.71,6,Happy
C0254,36,Female,UAE,Weight Loss,TikTok,Yes,100.0,Yes,No,0,3,2.0,1,0,0,6.0,6,Happy
C0255,27,Female,Nepal,Weight Loss,TikTok,Partial,85.7,Yes,No,0,1,1.71,1,0,0,3.71,4,Neutral
C0256,20,Female,USA,Weight Loss,TikTok,Ongoing,35.7,No,No,0,0,0.71,0,0,0,0.71,1,At Risk
C0257,27,Female,Canada,Body Transformation,Referral,Yes,85.7,Yes,No,0,3,1.71,1,0,0,5.71,6,Happy
C0258,34,Female,USA,Weight Gain,TikTok,Partial,85.7,Yes,No,1,1,1.71,1,0,2,5.71,6,Happy
C0259,25,Male,USA,Body Transformation,Instagram,Partial,92.9,No,No,1,1,1.86,0,0,2,4.86,5,Neutral
C0260,25,Male,USA,Weight Loss,TikTok,Partial,92.9,Yes,No,0,1,1.86,1,0,0,3.86,4,Neutral
C0261,53,Female,USA,Body Transformation,Instagram,Yes,92.9,Yes,No,1,3,1.86,1,0,2,7.86,8,Happy
C0262,38,Male,USA,Weight Gain,Referral,No,7.1,No,No,0,0,0.14,0,0,0,0.14,0,At Risk
C0263,50,Female,UAE,Body Transformation,Referral,Partial,78.6,Yes,Yes,0,1,1.57,1,2,0,5.57,6,Happy
C0264,54,Male,Nepal,Body Transformation,Referral,Partial,92.9,Yes,No,1,1,1.86,1,0,2,5.86,6,Happy
C0265,30,Male,UAE,Body Transformation,TikTok,Yes,100.0,Yes,No,0,3,2.0,1,0,0,6.0,6,Happy
C0266,59,Male,Australia,Body Transformation,TikTok,Partial,78.6,No,No,0,1,1.57,0,0,0,2.57,3,At Risk
C0267,26,Female,USA,Weight Loss,TikTok,Partial,92.9,Yes,No,1,1,1.86,1,0,2,5.86,6,Happy
C0268,23,Female,Australia,Weight Loss,TikTok,Partial,78.6,Yes,No,1,1,1.57,1,0,2,5.57,6,Happy
C0269,18,Female,USA,Body Transformation,TikTok,Partial,92.9,Yes,No,1,1,1.86,1,0,2,5.86,6,Happy
C0270,30,Male,USA,Weight Loss,TikTok,No,0.0,No,Yes,0,0,0.0,0,2,0,2.0,2,At Risk
C0271,26,Female,Australia,Weight Gain,TikTok,Yes,100.0,Yes,No,0,3,2.0,1,0,0,6.0,6,Happy
C0272,25,Female,USA,Body Transformation,Referral,Partial,92.9,Yes,No,1,1,1.86,1,0,2,5.86,6,Happy
C0273,37,Female,Australia,Weight Loss,Referral,Partial,85.7,Yes,No,1,1,1.71,1,0,2,5.71,6,Happy
C0274,28,Female,Australia,Weight Loss,TikTok,Partial,100.0,Yes,No,1,1,2.0,1,0,2,6.0,6,Happy
C0275,32,Female,Australia,Weight Gain,TikTok,Yes,100.0,Yes,No,0,3,2.0,1,0,0,6.0,6,Happy
C0276,29,Female,Nepal,Weight Loss,TikTok,Yes,92.9,Yes,No,0,3,1.86,1,0,0,5.86,6,Happy
C0277,30,Male,USA,Weight Loss,TikTok,Partial,78.6,Yes,No,1,1,1.57,1,0,2,5.57,6,Happy
C0278,27,Female,Nepal,Weight Loss,TikTok,Yes,92.9,Yes,No,0,3,1.86,1,0,0,5.86,6,Happy
C0279,38,Male,Nepal,Weight Gain,TikTok,Yes,78.6,Yes,No,0,3,1.57,1,0,0,5.57,6,Happy
C0280,60,Male,Australia,Weight Loss,Other,Partial,85.7,Yes,No,0,1,1.71,1,0,0,3.71,4,Neutral
C0281,37,Male,Australia,Body Transformation,Referral,Yes,92.9,Yes,Yes,1,3,1.86,1,2,2,9.86,10,Superfan
C0282,51,Female,USA,Weight Gain,Instagram,Partial,85.7,No,No,0,1,1.71,0,0,0,2.71,3,At Risk
C0283,22,Male,USA,Weight Loss,Referral,Yes,92.9,Yes,No,0,3,1.86,1,0,0,5.86,6,Happy
C0284,29,Female,Australia,Weight Loss,Referral,Yes,78.6,Yes,No,0,3,1.57,1,0,0,5.57,6,Happy
C0285,38,Female,Nepal,Weight Loss,Other,No,0.0,No,Yes,0,0,0.0,0,2,0,2.0,2,At Risk
C0286,46,Female,Australia,Body Transformation,Referral,No,0.0,No,Yes,0,0,0.0,0,2,0,2.0,2,At Risk
C0287,46,Male,Australia,Weight Loss,Referral,Yes,100.0,Yes,No,0,3,2.0,1,0,0,6.0,6,Happy
C0288,30,Female,Australia,Weight Loss,TikTok,Yes,78.6,Yes,No,0,3,1.57,1,0,0,5.57,6,Happy
C0289,36,Female,Nepal,Body Transformation,Referral,Partial,78.6,Yes,No,0,1,1.57,1,0,0,3.57,4,Neutral
C0290,38,Female,USA,Weight Loss,TikTok,Ongoing,14.3,No,No,0,0,0.29,0,0,0,0.29,0,At Risk
C0291,25,Female,Other,Weight Gain,TikTok,Yes,100.0,Yes,No,0,3,2.0,1,0,0,6.0,6,Happy
C0292,26,Female,UAE,Body Transformation,Referral,Partial,100.0,Yes,Yes,0,1,2.0,1,2,0,6.0,6,Happy
C0293,22,Female,Australia,Body Transformation,Referral,No,7.1,No,Yes,0,0,0.14,0,2,0,2.14,2,At Risk
C0294,49,Female,Australia,Weight Gain,TikTok,Partial,78.6,Yes,No,0,1,1.57,1,0,0,3.57,4,Neutral
C0295,40,Female,Nepal,Weight Loss,TikTok,Yes,92.9,Yes,No,0,3,1.86,1,0,0,5.86,6,Happy
C0296,44,Female,Australia,Weight Loss,TikTok,Ongoing,21.4,No,No,1,0,0.43,0,0,2,2.43,2,At Risk
C0297,26,Female,USA,Body Transformation,Instagram,Partial,92.9,No,No,0,1,1.86,0,0,0,2.86,3,At Risk
C0298,34,Female,USA,Body Transformation,TikTok,Yes,78.6,Yes,No,0,3,1.57,1,0,0,5.57,6,Happy
C0299,19,Female,Nepal,Body Transformation,TikTok,Yes,78.6,Yes,No,0,3,1.57,1,0,0,5.57,6,Happy
C0300,35,Female,Australia,Body Transformation,Referral,No,14.3,No,No,0,0,0.29,0,0,0,0.29,0,At Risk
C0301,48,Female,USA,Weight Loss,Instagram,Yes,78.6,Yes,No,0,3,1.57,1,0,0,5.57,6,Happy
C0302,36,Female,Australia,Weight Loss,TikTok,Partial,100.0,Yes,No,1,1,2.0,1,0,2,6.0,6,Happy
C0303,29,Male,USA,Weight Loss,TikTok,Yes,100.0,Yes,No,0,3,2.0,1,0,0,6.0,6,Happy
C0304,29,Female,Australia,Weight Loss,TikTok,Yes,85.7,Yes,No,1,3,1.71,1,0,2,7.71,8,Happy
C0305,28,Male,USA,Weight Loss,TikTok,Yes,92.9,No,No,0,3,1.86,0,0,0,4.86,5,Neutral
C0306,36,Female,USA,Weight Loss,TikTok,No,7.1,No,Yes,0,0,0.14,0,2,0,2.14,2,At Risk
C0307,26,Female,Australia,Weight Loss,TikTok,Partial,100.0,Yes,No,0,1,2.0,1,0,0,4.0,4,Neutral
C0308,39,Female,Australia,Weight Loss,TikTok,Yes,78.6,Yes,No,0,3,1.57,1,0,0,5.57,6,Happy
C0309,25,Female,Australia,Body Transformation,Referral,Partial,85.7,No,No,0,1,1.71,0,0,0,2.71,3,At Risk
C0310,25,Female,Australia,Weight Loss,Referral,Yes,92.9,Yes,Yes,0,3,1.86,1,2,0,7.86,8,Happy
C0311,28,Female,Nepal,Body Transformation,Referral,Yes,92.9,Yes,No,0,3,1.86,1,0,0,5.86,6,Happy
C0312,20,Female,Canada,Weight Loss,Other,No,0.0,No,No,0,0,0.0,0,0,0,0.0,0,At Risk
C0313,27,Female,Australia,Weight Gain,TikTok,Partial,92.9,Yes,No,1,1,1.86,1,0,2,5.86,6,Happy
C0314,31,Female,Australia,Weight Loss,TikTok,Partial,85.7,Yes,No,1,1,1.71,1,0,2,5.71,6,Happy
C0315,19,Female,USA,Weight Loss,TikTok,Yes,78.6,Yes,No,1,3,1.57,1,0,2,7.57,8,Happy
C0316,29,Male,Nepal,Weight Gain,Referral,Yes,85.7,No,No,1,3,1.71,0,0,2,6.71,7,Happy
C0317,32,Female,USA,Weight Loss,Referral,Partial,85.7,Yes,No,0,1,1.71,1,0,0,3.71,4,Neutral
C0318,30,Male,Australia,Body Transformation,TikTok,Yes,92.9,Yes,No,0,3,1.86,1,0,0,5.86,6,Happy
C0319,49,Female,Australia,Body Transformation,TikTok,No,0.0,No,No,0,0,0.0,0,0,0,0.0,0,At Risk
C0320,55,Female,Nepal,Weight Loss,TikTok,Ongoing,28.6,No,No,0,0,0.57,0,0,0,0.57,1,At Risk
C0321,30,Male,USA,Weight Loss,Referral,No,7.1,No,Yes,0,0,0.14,0,2,0,2.14,2,At Risk
C0322,40,Female,USA,Weight Loss,TikTok,Yes,78.6,Yes,No,0,3,1.57,1,0,0,5.57,6,Happy
C0323,36,Female,Australia,Weight Gain,TikTok,Yes,78.6,Yes,No,0,3,1.57,1,0,0,5.57,6,Happy
C0324,31,Male,Nepal,Weight Loss,Instagram,Partial,85.7,Yes,No,0,1,1.71,1,0,0,3.71,4,Neutral
C0325,32,Male,USA,Weight Loss,Referral,Yes,92.9,Yes,Yes,0,3,1.86,1,2,0,7.86,8,Happy
C0326,55,Female,Australia,Body Transformation,TikTok,Ongoing,35.7,No,No,0,0,0.71,0,0,0,0.71,1,At Risk
C0327,32,Female,Nepal,Weight Gain,TikTok,Yes,78.6,Yes,No,0,3,1.57,1,0,0,5.57,6,Happy
C0328,30,Female,Nepal,Weight Loss,TikTok,Partial,85.7,No,No,0,1,1.71,0,0,0,2.71,3,At Risk
C0329,43,Female,Nepal,Weight Loss,TikTok,Ongoing,21.4,No,No,1,0,0.43,0,0,2,2.43,2,At Risk
C0330,37,Male,USA,Body Transformation,TikTok,Yes,85.7,Yes,No,1,3,1.71,1,0,2,7.71,8,Happy
C0331,48,Female,Australia,Weight Loss,TikTok,Ongoing,35.7,No,No,0,0,0.71,0,0,0,0.71,1,At Risk
C0332,22,Male,USA,Body Transformation,TikTok,Partial,92.9,Yes,No,0,1,1.86,1,0,0,3.86,4,Neutral
C0333,31,Female,Australia,Body Transformation,Other,Yes,100.0,Yes,No,0,3,2.0,1,0,0,6.0,6,Happy
C0334,60,Female,UAE,Weight Loss,Referral,Ongoing,35.7,Yes,No,0,0,0.71,1,0,0,1.71,2,At Risk
C0335,30,Female,Nepal,Weight Gain,Instagram,Partial,78.6,No,No,0,1,1.57,0,0,0,2.57,3,At Risk
C0336,39,Female,USA,Weight Loss,Referral,Yes,92.9,Yes,No,1,3,1.86,1,0,2,7.86,8,Happy
C0337,44,Female,Australia,Weight Gain,Referral,Yes,92.9,Yes,No,0,3,1.86,1,0,0,5.86,6,Happy
C0338,20,Male,Nepal,Weight Loss,TikTok,Partial,92.9,Yes,No,0,1,1.86,1,0,0,3.86,4,Neutral
C0339,28,Female,Australia,Weight Loss,Referral,Yes,85.7,Yes,No,0,3,1.71,1,0,0,5.71,6,Happy
C0340,29,Female,USA,Body Transformation,Referral,Yes,85.7,Yes,No,0,3,1.71,1,0,0,5.71,6,Happy
C0341,30,Male,Nepal,Weight Loss,TikTok,Yes,100.0,Yes,No,0,3,2.0,1,0,0,6.0,6,Happy
C0342,30,Female,USA,Weight Gain,Referral,Yes,100.0,Yes,No,0,3,2.0,1,0,0,6.0,6,Happy
C0343,50,Female,Nepal,Body Transformation,TikTok,Partial,85.7,Yes,No,0,1,1.71,1,0,0,3.71,4,Neutral
C0344,33,Female,Nepal,Weight Loss,Other,Yes,100.0,Yes,No,1,3,2.0,1,0,2,8.0,8,Superfan
C0345,60,Male,Nepal,Weight Gain,TikTok,Yes,92.9,Yes,No,0,3,1.86,1,0,0,5.86,6,Happy
C0346,37,Male,Australia,Weight Loss,TikTok,No,14.3,No,Yes,0,0,0.29,0,2,0,2.29,2,At Risk
C0347,34,Female,USA,Weight Loss,TikTok,Yes,100.0,Yes,No,0,3,2.0,1,0,0,6.0,6,Happy
C0348,28,Female,Nepal,Weight Gain,Other,Partial,92.9,Yes,No,0,1,1.86,1,0,0,3.86,4,Neutral
C0349,57,Male,Nepal,Weight Loss,Instagram,Ongoing,21.4,Yes,No,0,0,0.43,1,0,0,1.43,1,At Risk
C0350,43,Female,Australia,Body Transformation,TikTok,Yes,78.6,Yes,No,0,3,1.57,1,0,0,5.57,6,Happy
C0351,18,Male,Nepal,Weight Loss,Instagram,Yes,78.6,Yes,No,0,3,1.57,1,0,0,5.57,6,Happy
C0352,34,Male,Australia,Weight Loss,TikTok,Yes,92.9,No,No,0,3,1.86,0,0,0,4.86,5,Neutral
C0353,36,Female,Australia,Body Transformation,Referral,Partial,85.7,No,Yes,1,1,1.71,0,2,2,6.71,7,Happy
C0354,23,Male,Australia,Weight Gain,TikTok,Partial,85.7,Yes,No,0,1,1.71,1,0,0,3.71,4,Neutral
C0355,29,Female,Nepal,Weight Loss,TikTok,Yes,100.0,Yes,No,0,3,2.0,1,0,0,6.0,6,Happy
C0356,18,Female,UAE,Body Transformation,TikTok,Yes,100.0,Yes,No,0,3,2.0,1,0,0,6.0,6,Happy
C0357,45,Female,USA,Body Transformation,Instagram,Yes,100.0,Yes,No,0,3,2.0,1,0,0,6.0,6,Happy
C0358,31,Female,USA,Weight Loss,TikTok,Ongoing,28.6,No,No,0,0,0.57,0,0,0,0.57,1,At Risk
C0359,26,Female,Nepal,Weight Gain,Referral,Yes,100.0,Yes,Yes,0,3,2.0,1,2,0,8.0,8,Superfan
C0360,22,Female,Australia,Weight Loss,Instagram,Ongoing,14.3,No,No,0,0,0.29,0,0,0,0.29,0,At Risk
C0361,50,Female,Australia,Weight Loss,Referral,Yes,92.9,Yes,No,1,3,1.86,1,0,2,7.86,8,Happy
C0362,25,Female,Nepal,Weight Gain,Referral,Partial,92.9,No,No,0,1,1.86,0,0,0,2.86,3,At Risk
C0363,42,Male,Nepal,Weight Loss,TikTok,Partial,92.9,Yes,No,0,1,1.86,1,0,0,3.86,4,Neutral
C0364,56,Female,Nepal,Weight Gain,TikTok,Yes,85.7,Yes,No,0,3,1.71,1,0,0,5.71,6,Happy
C0365,33,Female,Nepal,Weight Loss,TikTok,Yes,100.0,Yes,No,0,3,2.0,1,0,0,6.0,6,Happy
C0366,28,Male,USA,Body Transformation,TikTok,Partial,78.6,No,No,0,1,1.57,0,0,0,2.57,3,At Risk
C0367,42,Female,USA,Weight Gain,Instagram,Yes,85.7,Yes,No,1,3,1.71,1,0,2,7.71,8,Happy
C0368,18,Female,Australia,Weight Loss,Instagram,No,21.4,No,No,0,0,0.43,0,0,0,0.43,0,At Risk
C0369,27,Male,USA,Weight Loss,Instagram,No,7.1,No,Yes,1,0,0.14,0,2,2,4.14,4,Neutral
C0370,36,Male,Canada,Weight Loss,TikTok,Yes,100.0,Yes,No,0,3,2.0,1,0,0,6.0,6,Happy
C0371,43,Female,UAE,Weight Loss,TikTok,Yes,78.6,Yes,No,0,3,1.57,1,0,0,5.57,6,Happy
C0372,34,Female,Canada,Weight Loss,Referral,Yes,85.7,Yes,No,0,3,1.71,1,0,0,5.71,6,Happy
C0373,29,Female,Australia,Body Transformation,Referral,Yes,78.6,No,Yes,0,3,1.57,0,2,0,6.57,7,Happy
C0374,47,Female,Australia,Weight Loss,Instagram,Yes,100.0,Yes,No,0,3,2.0,1,0,0,6.0,6,Happy
C0375,40,Male,Australia,Weight Loss,TikTok,Yes,92.9,Yes,No,0,3,1.86,1,0,0,5.86,6,Happy
C0376,58,Female,USA,Weight Loss,TikTok,Yes,78.6,Yes,No,0,3,1.57,1,0,0,5.57,6,Happy
C0377,31,Male,USA,Weight Loss,Referral,Ongoing,35.7,No,No,0,0,0.71,0,0,0,0.71,1,At Risk
C0378,24,Male,USA,Weight Loss,TikTok,Partial,92.9,No,No,0,1,1.86,0,0,0,2.86,3,At Risk
C0379,51,Female,USA,Weight Loss,Instagram,Partial,78.6,Yes,No,0,1,1.57,1,0,0,3.57,4,Neutral
C0380,27,Female,USA,Weight Loss,Other,Yes,85.7,Yes,No,0,3,1.71,1,0,0,5.71,6,Happy
C0381,29,Female,USA,Body Transformation,TikTok,Yes,100.0,Yes,No,1,3,2.0,1,0,2,8.0,8,Superfan
C0382,34,Female,Australia,Weight Loss,Referral,Yes,100.0,No,No,0,3,2.0,0,0,0,5.0,5,Happy
C0383,33,Female,Other,Weight Loss,TikTok,Yes,100.0,No,No,0,3,2.0,0,0,0,5.0,5,Happy
C0384,37,Female,Nepal,Body Transformation,TikTok,No,7.1,No,No,0,0,0.14,0,0,0,0.14,0,At Risk
C0385,18,Male,Australia,Weight Loss,Referral,No,7.1,No,Yes,0,0,0.14,0,2,0,2.14,2,At Risk
C0386,28,Male,Australia,Body Transformation,TikTok,Partial,100.0,Yes,No,0,1,2.0,1,0,0,4.0,4,Neutral
C0387,47,Male,Australia,Body Transformation,TikTok,Partial,78.6,Yes,No,0,1,1.57,1,0,0,3.57,4,Neutral
C0388,43,Female,Australia,Weight Loss,Instagram,Yes,85.7,No,No,0,3,1.71,0,0,0,4.71,5,Neutral
C0389,26,Female,Nepal,Weight Loss,TikTok,Partial,100.0,Yes,No,1,1,2.0,1,0,2,6.0,6,Happy
C0390,39,Female,Nepal,Body Transformation,Referral,Yes,100.0,Yes,No,0,3,2.0,1,0,0,6.0,6,Happy
C0391,20,Male,Nepal,Body Transformation,Other,Yes,78.6,Yes,No,0,3,1.57,1,0,0,5.57,6,Happy
C0392,32,Female,USA,Weight Loss,Instagram,Yes,100.0,Yes,No,0,3,2.0,1,0,0,6.0,6,Happy
C0393,25,Female,Australia,Weight Gain,TikTok,Ongoing,28.6,No,No,0,0,0.57,0,0,0,0.57,1,At Risk
C0394,51,Female,USA,Weight Loss,Referral,Yes,100.0,Yes,No,1,3,2.0,1,0,2,8.0,8,Superfan
C0395,52,Female,USA,Body Transformation,TikTok,Yes,85.7,Yes,No,0,3,1.71,1,0,0,5.71,6,Happy
C0396,36,Female,Australia,Weight Gain,TikTok,Partial,78.6,Yes,No,0,1,1.57,1,0,0,3.57,4,Neutral
C0397,31,Female,USA,Weight Gain,TikTok,Partial,92.9,Yes,No,1,1,1.86,1,0,2,5.86,6,Happy
C0398,37,Female,USA,Weight Loss,TikTok,Partial,78.6,Yes,No,0,1,1.57,1,0,0,3.57,4,Neutral
C0399,29,Female,Nepal,Weight Loss,Referral,Partial,92.9,Yes,No,0,1,1.86,1,0,0,3.86,4,Neutral
C0400,41,Female,Nepal,Body Transformation,Instagram,Yes,85.7,Yes,No,0,3,1.71,1,0,0,5.71,6,Happy
C0401,49,Female,Australia,Weight Gain,TikTok,Yes,85.7,Yes,No,0,3,1.71,1,0,0,5.71,6,Happy
C0402,28,Female,Australia,Weight Loss,TikTok,Yes,100.0,Yes,No,0,3,2.0,1,0,0,6.0,6,Happy
C0403,22,Female,USA,Weight Loss,Instagram,Yes,78.6,Yes,No,1,3,1.57,1,0,2,7.57,8,Happy
C0404,38,Male,Canada,Body Transformation,Referral,Partial,100.0,Yes,No,0,1,2.0,1,0,0,4.0,4,Neutral
C0405,52,Female,UAE,Weight Loss,TikTok,Partial,92.9,Yes,No,1,1,1.86,1,0,2,5.86,6,Happy
C0406,26,Female,Australia,Weight Loss,Instagram,Ongoing,21.4,No,No,1,0,0.43,0,0,2,2.43,2,At Risk
C0407,31,Female,Nepal,Body Transformation,TikTok,Yes,100.0,Yes,No,0,3,2.0,1,0,0,6.0,6,Happy
C0408,24,Female,USA,Weight Loss,TikTok,Ongoing,21.4,No,No,0,0,0.43,0,0,0,0.43,0,At Risk
C0409,29,Male,USA,Weight Gain,Referral,Partial,85.7,No,No,0,1,1.71,0,0,0,2.71,3,At Risk
C0410,21,Female,Nepal,Body Transformation,TikTok,Yes,85.7,Yes,No,0,3,1.71,1,0,0,5.71,6,Happy
C0411,27,Female,USA,Body Transformation,Referral,Yes,85.7,Yes,Yes,0,3,1.71,1,2,0,7.71,8,Happy
C0412,34,Female,Australia,Weight Gain,TikTok,Partial,100.0,Yes,No,1,1,2.0,1,0,2,6.0,6,Happy
C0413,32,Female,Australia,Weight Loss,TikTok,Yes,85.7,No,No,0,3,1.71,0,0,0,4.71,5,Neutral
C0414,36,Female,USA,Weight Loss,TikTok,Partial,92.9,Yes,No,0,1,1.86,1,0,0,3.86,4,Neutral
C0415,29,Female,USA,Weight Gain,Referral,Yes,100.0,Yes,Yes,0,3,2.0,1,2,0,8.0,8,Superfan
C0416,49,Female,Other,Weight Loss,TikTok,Yes,78.6,Yes,No,0,3,1.57,1,0,0,5.57,6,Happy
C0417,33,Female,Australia,Weight Gain,TikTok,Partial,78.6,No,No,1,1,1.57,0,0,2,4.57,5,Neutral
C0418,30,Male,Australia,Weight Loss,Instagram,Partial,78.6,Yes,No,0,1,1.57,1,0,0,3.57,4,Neutral
C0419,52,Female,USA,Weight Loss,TikTok,Ongoing,28.6,No,No,0,0,0.57,0,0,0,0.57,1,At Risk
C0420,25,Female,USA,Body Transformation,TikTok,Yes,100.0,Yes,No,0,3,2.0,1,0,0,6.0,6,Happy
C0421,25,Male,UAE,Body Transformation,Other,Yes,78.6,No,No,0,3,1.57,0,0,0,4.57,5,Neutral
C0422,46,Male,USA,Weight Loss,TikTok,No,0.0,No,No,0,0,0.0,0,0,0,0.0,0,At Risk
C0423,28,Female,Australia,Body Transformation,Instagram,No,0.0,No,Yes,1,0,0.0,0,2,2,4.0,4,Neutral
C0424,22,Male,Nepal,Weight Loss,TikTok,Yes,78.6,Yes,No,0,3,1.57,1,0,0,5.57,6,Happy
C0425,27,Female,Australia,Body Transformation,TikTok,Yes,85.7,No,No,0,3,1.71,0,0,0,4.71,5,Neutral
C0426,30,Male,USA,Weight Loss,Instagram,Partial,85.7,No,No,0,1,1.71,0,0,0,2.71,3,At Risk
C0427,36,Female,Nepal,Body Transformation,Instagram,Yes,100.0,Yes,No,1,3,2.0,1,0,2,8.0,8,Superfan
C0428,26,Female,USA,Weight Gain,TikTok,Partial,100.0,Yes,No,0,1,2.0,1,0,0,4.0,4,Neutral
C0429,34,Male,USA,Weight Loss,Referral,Partial,78.6,Yes,Yes,0,1,1.57,1,2,0,5.57,6,Happy
C0430,31,Female,Nepal,Weight Loss,TikTok,Partial,100.0,Yes,No,0,1,2.0,1,0,0,4.0,4,Neutral
C0431,46,Female,USA,Weight Gain,Instagram,No,0.0,No,Yes,1,0,0.0,0,2,2,4.0,4,Neutral
C0432,34,Female,USA,Weight Loss,TikTok,Yes,85.7,Yes,No,1,3,1.71,1,0,2,7.71,8,Happy
C0433,38,Male,Australia,Weight Loss,TikTok,Partial,100.0,Yes,No,0,1,2.0,1,0,0,4.0,4,Neutral
C0434,21,Female,Australia,Weight Loss,TikTok,Yes,92.9,Yes,No,1,3,1.86,1,0,2,7.86,8,Happy
C0435,24,Female,USA,Weight Gain,TikTok,No,7.1,No,Yes,0,0,0.14,0,2,0,2.14,2,At Risk
C0436,31,Female,Nepal,Weight Loss,TikTok,Partial,78.6,Yes,No,0,1,1.57,1,0,0,3.57,4,Neutral
C0437,32,Male,UAE,Weight Loss,TikTok,Partial,92.9,Yes,No,0,1,1.86,1,0,0,3.86,4,Neutral
C0438,19,Male,Australia,Weight Gain,TikTok,Ongoing,28.6,No,No,0,0,0.57,0,0,0,0.57,1,At Risk
C0439,30,Male,Australia,Weight Gain,Referral,Yes,100.0,Yes,No,1,3,2.0,1,0,2,8.0,8,Superfan
C0440,38,Male,Australia,Body Transformation,TikTok,Partial,85.7,Yes,No,0,1,1.71,1,0,0,3.71,4,Neutral
C0441,38,Male,USA,Weight Loss,Other,Yes,85.7,Yes,No,1,3,1.71,1,0,2,7.71,8,Happy
C0442,22,Male,Australia,Weight Loss,TikTok,Yes,85.7,No,No,1,3,1.71,0,0,2,6.71,7,Happy
C0443,37,Female,UAE,Body Transformation,TikTok,Partial,100.0,Yes,No,0,1,2.0,1,0,0,4.0,4,Neutral
C0444,38,Female,USA,Weight Loss,Referral,Partial,85.7,Yes,No,1,1,1.71,1,0,2,5.71,6,Happy
C0445,28,Female,Australia,Weight Gain,Instagram,Yes,78.6,Yes,No,0,3,1.57,1,0,0,5.57,6,Happy
C0446,24,Female,UAE,Weight Loss,Referral,Yes,100.0,Yes,No,0,3,2.0,1,0,0,6.0,6,Happy
C0447,28,Female,Australia,Body Transformation,Other,Partial,78.6,Yes,No,0,1,1.57,1,0,0,3.57,4,Neutral
C0448,28,Female,Canada,Weight Loss,TikTok,Yes,85.7,Yes,No,1,3,1.71,1,0,2,7.71,8,Happy
C0449,25,Female,Australia,Weight Loss,TikTok,Ongoing,21.4,Yes,No,0,0,0.43,1,0,0,1.43,1,At Risk
C0450,37,Female,USA,Body Transformation,TikTok,Yes,78.6,Yes,No,0,3,1.57,1,0,0,5.57,6,Happy
C0451,28,Female,USA,Weight Loss,Referral,Partial,92.9,Yes,No,0,1,1.86,1,0,0,3.86,4,Neutral
C0452,55,Female,USA,Weight Loss,TikTok,Yes,92.9,Yes,No,1,3,1.86,1,0,2,7.86,8,Happy
C0453,21,Female,Nepal,Body Transformation,Referral,Partial,78.6,Yes,Yes,0,1,1.57,1,2,0,5.57,6,Happy
C0454,30,Female,USA,Weight Loss,Referral,Yes,100.0,No,Yes,0,3,2.0,0,2,0,7.0,7,Happy
C0455,40,Female,USA,Weight Loss,TikTok,Partial,85.7,Yes,No,0,1,1.71,1,0,0,3.71,4,Neutral
C0456,58,Female,Australia,Body Transformation,Other,Partial,100.0,Yes,No,0,1,2.0,1,0,0,4.0,4,Neutral
C0457,25,Female,Australia,Weight Loss,TikTok,No,7.1,No,Yes,0,0,0.14,0,2,0,2.14,2,At Risk
C0458,30,Male,Australia,Body Transformation,TikTok,Ongoing,14.3,No,No,1,0,0.29,0,0,2,2.29,2,At Risk
C0459,25,Female,Australia,Body Transformation,Referral,Yes,85.7,Yes,No,0,3,1.71,1,0,0,5.71,6,Happy
C0460,45,Female,USA,Weight Loss,Referral,Ongoing,35.7,No,No,0,0,0.71,0,0,0,0.71,1,At Risk
C0461,20,Female,Nepal,Weight Gain,TikTok,Yes,78.6,Yes,No,0,3,1.57,1,0,0,5.57,6,Happy
C0462,39,Female,USA,Body Transformation,Referral,Partial,78.6,No,No,0,1,1.57,0,0,0,2.57,3,At Risk
C0463,33,Male,Nepal,Weight Gain,TikTok,Yes,92.9,Yes,No,0,3,1.86,1,0,0,5.86,6,Happy
C0464,47,Male,Other,Weight Loss,TikTok,Partial,78.6,Yes,No,1,1,1.57,1,0,2,5.57,6,Happy
C0465,21,Female,USA,Weight Loss,Referral,Yes,92.9,Yes,No,0,3,1.86,1,0,0,5.86,6,Happy
C0466,50,Male,Australia,Body Transformation,Instagram,Partial,92.9,Yes,No,0,1,1.86,1,0,0,3.86,4,Neutral
C0467,31,Female,Nepal,Body Transformation,Referral,Yes,85.7,Yes,Yes,0,3,1.71,1,2,0,7.71,8,Happy
C0468,29,Male,Australia,Body Transformation,Referral,Partial,92.9,Yes,No,0,1,1.86,1,0,0,3.86,4,Neutral
C0469,33,Female,Canada,Weight Loss,TikTok,No,7.1,No,No,0,0,0.14,0,0,0,0.14,0,At Risk
C0470,30,Female,Australia,Body Transformation,Referral,Yes,100.0,No,No,0,3,2.0,0,0,0,5.0,5,Happy
C0471,30,Male,Australia,Weight Loss,Instagram,Partial,100.0,No,No,1,1,2.0,0,0,2,5.0,5,Happy
C0472,38,Male,Other,Body Transformation,TikTok,Yes,78.6,Yes,No,1,3,1.57,1,0,2,7.57,8,Happy
C0473,37,Male,Nepal,Body Transformation,TikTok,Yes,78.6,Yes,No,0,3,1.57,1,0,0,5.57,6,Happy
C0474,35,Female,Nepal,Body Transformation,TikTok,Yes,78.6,Yes,No,0,3,1.57,1,0,0,5.57,6,Happy
C0475,26,Female,USA,Weight Loss,Instagram,Partial,100.0,No,No,1,1,2.0,0,0,2,5.0,5,Happy
C0476,36,Female,Australia,Body Transformation,TikTok,Yes,85.7,Yes,No,0,3,1.71,1,0,0,5.71,6,Happy
C0477,18,Female,Nepal,Weight Loss,Other,No,7.1,Yes,Yes,0,0,0.14,1,2,0,3.14,3,Neutral
C0478,28,Female,Nepal,Weight Loss,TikTok,Ongoing,35.7,No,No,0,0,0.71,0,0,0,0.71,1,At Risk
C0479,45,Female,Canada,Weight Loss,Referral,Yes,78.6,Yes,Yes,1,3,1.57,1,2,2,9.57,10,Superfan
C0480,42,Male,USA,Weight Loss,TikTok,Partial,92.9,Yes,No,0,1,1.86,1,0,0,3.86,4,Neutral
C0481,24,Female,USA,Weight Gain,Other,Yes,85.7,Yes,No,0,3,1.71,1,0,0,5.71,6,Happy
C0482,30,Female,Nepal,Body Transformation,Referral,No,0.0,No,Yes,0,0,0.0,0,2,0,2.0,2,At Risk
C0483,20,Female,USA,Weight Loss,TikTok,Ongoing,28.6,No,No,1,0,0.57,0,0,2,2.57,3,At Risk
C0484,19,Female,Australia,Body Transformation,TikTok,Yes,78.6,Yes,No,0,3,1.57,1,0,0,5.57,6,Happy
C0485,33,Male,Australia,Body Transformation,Referral,Yes,85.7,Yes,No,0,3,1.71,1,0,0,5.71,6,Happy
C0486,22,Male,USA,Weight Loss,TikTok,Ongoing,21.4,No,No,0,0,0.43,0,0,0,0.43,0,At Risk
C0487,26,Female,USA,Body Transformation,Instagram,Ongoing,28.6,No,No,0,0,0.57,0,0,0,0.57,1,At Risk
C0488,53,Female,USA,Weight Gain,TikTok,Yes,85.7,Yes,No,0,3,1.71,1,0,0,5.71,6,Happy
C0489,38,Male,USA,Body Transformation,Referral,Yes,100.0,Yes,Yes,1,3,2.0,1,2,2,10.0,10,Superfan
C0490,27,Female,USA,Weight Gain,TikTok,Partial,100.0,Yes,No,0,1,2.0,1,0,0,4.0,4,Neutral
C0491,50,Female,Nepal,Body Transformation,TikTok,Yes,85.7,No,No,0,3,1.71,0,0,0,4.71,5,Neutral
C0492,44,Male,USA,Body Transformation,Instagram,Yes,85.7,Yes,No,1,3,1.71,1,0,2,7.71,8,Happy
C0493,44,Female,Nepal,Body Transformation,TikTok,Yes,100.0,Yes,No,0,3,2.0,1,0,0,6.0,6,Happy
C0494,27,Female,Australia,Body Transformation,Instagram,Partial,78.6,Yes,No,0,1,1.57,1,0,0,3.57,4,Neutral
C0495,26,Female,Nepal,Body Transformation,TikTok,Ongoing,14.3,No,No,1,0,0.29,0,0,2,2.29,2,At Risk
C0496,43,Male,UAE,Body Transformation,Instagram,No,7.1,No,No,0,0,0.14,0,0,0,0.14,0,At Risk
C0497,42,Female,Canada,Weight Loss,Referral,Partial,85.7,Yes,No,0,1,1.71,1,0,0,3.71,4,Neutral
C0498,35,Female,UAE,Body Transformation,Referral,Partial,85.7,Yes,Yes,0,1,1.71,1,2,0,5.71,6,Happy
C0499,31,Male,Australia,Weight Loss,Instagram,Yes,78.6,Yes,No,0,3,1.57,1,0,0,5.57,6,Happy
C0500,34,Male,Australia,Weight Gain,TikTok,Yes,85.7,No,No,0,3,1.71,0,0,0,4.71,5,Neutral
C0501,38,Female,Australia,Body Transformation,TikTok,Yes,85.7,No,No,1,3,1.71,0,0,2,6.71,7,Happy
C0502,32,Female,Nepal,Weight Loss,TikTok,Yes,100.0,Yes,No,0,3,2.0,1,0,0,6.0,6,Happy
C0503,32,Female,USA,Body Transformation,Referral,Yes,100.0,Yes,No,1,3,2.0,1,0,2,8.0,8,Superfan
C0504,20,Male,Nepal,Body Transformation,Instagram,Partial,78.6,Yes,No,0,1,1.57,1,0,0,3.57,4,Neutral
C0505,35,Female,Australia,Weight Loss,Referral,Yes,85.7,No,Yes,0,3,1.71,0,2,0,6.71,7,Happy
C0506,28,Female,Other,Body Transformation,TikTok,Yes,85.7,No,No,0,3,1.71,0,0,0,4.71,5,Neutral
C0507,44,Female,Canada,Body Transformation,TikTok,Yes,85.7,Yes,No,0,3,1.71,1,0,0,5.71,6,Happy
C0508,54,Male,Nepal,Body Transformation,TikTok,No,7.1,No,Yes,0,0,0.14,0,2,0,2.14,2,At Risk
C0509,49,Female,USA,Weight Loss,Instagram,Yes,100.0,Yes,No,1,3,2.0,1,0,2,8.0,8,Superfan
C0510,28,Female,Australia,Weight Loss,TikTok,Yes,85.7,Yes,No,0,3,1.71,1,0,0,5.71,6,Happy
C0511,34,Female,Nepal,Body Transformation,TikTok,No,0.0,No,Yes,0,0,0.0,0,2,0,2.0,2,At Risk
C0512,20,Female,USA,Weight Loss,Instagram,Partial,92.9,Yes,No,0,1,1.86,1,0,0,3.86,4,Neutral
C0513,29,Female,Nepal,Body Transformation,TikTok,Yes,92.9,Yes,No,0,3,1.86,1,0,0,5.86,6,Happy
C0514,20,Female,Australia,Weight Gain,Referral,Partial,85.7,Yes,Yes,1,1,1.71,1,2,2,7.71,8,Happy
C0515,24,Female,USA,Weight Loss,Instagram,Partial,85.7,Yes,No,1,1,1.71,1,0,2,5.71,6,Happy
C0516,42,Male,Australia,Body Transformation,TikTok,Yes,85.7,Yes,No,0,3,1.71,1,0,0,5.71,6,Happy
C0517,49,Male,Nepal,Weight Loss,TikTok,Partial,85.7,Yes,No,0,1,1.71,1,0,0,3.71,4,Neutral
C0518,40,Female,Nepal,Weight Loss,TikTok,Yes,85.7,Yes,No,0,3,1.71,1,0,0,5.71,6,Happy
C0519,27,Female,Australia,Weight Loss,TikTok,Yes,92.9,Yes,No,0,3,1.86,1,0,0,5.86,6,Happy
C0520,42,Female,Nepal,Body Transformation,TikTok,Yes,92.9,Yes,No,0,3,1.86,1,0,0,5.86,6,Happy
C0521,27,Male,Nepal,Weight Gain,TikTok,Yes,78.6,No,No,0,3,1.57,0,0,0,4.57,5,Neutral
C0522,50,Male,Australia,Weight Loss,Instagram,Yes,100.0,Yes,No,1,3,2.0,1,0,2,8.0,8,Superfan
C0523,23,Female,Canada,Weight Loss,TikTok,Partial,85.7,Yes,No,0,1,1.71,1,0,0,3.71,4,Neutral
C0524,25,Male,Australia,Weight Gain,Referral,Ongoing,21.4,No,No,1,0,0.43,0,0,2,2.43,2,At Risk
C0525,34,Female,Australia,Weight Loss,TikTok,Yes,85.7,Yes,No,0,3,1.71,1,0,0,5.71,6,Happy
C0526,33,Female,Australia,Weight Loss,TikTok,Yes,92.9,Yes,No,1,3,1.86,1,0,2,7.86,8,Happy
C0527,23,Male,Canada,Weight Loss,TikTok,Ongoing,21.4,No,No,0,0,0.43,0,0,0,0.43,0,At Risk
C0528,33,Female,Nepal,Body Transformation,Instagram,Ongoing,35.7,No,No,0,0,0.71,0,0,0,0.71,1,At Risk
C0529,36,Male,Australia,Weight Loss,Referral,Ongoing,35.7,No,No,0,0,0.71,0,0,0,0.71,1,At Risk
C0530,35,Male,Australia,Weight Gain,Referral,Yes,85.7,Yes,Yes,0,3,1.71,1,2,0,7.71,8,Happy
C0531,45,Male,USA,Weight Gain,Referral,Yes,100.0,Yes,No,0,3,2.0,1,0,0,6.0,6,Happy
C0532,32,Female,Australia,Weight Loss,Referral,Yes,78.6,Yes,No,1,3,1.57,1,0,2,7.57,8,Happy
C0533,29,Female,Australia,Weight Loss,Referral,Yes,85.7,No,No,1,3,1.71,0,0,2,6.71,7,Happy
C0534,19,Male,USA,Weight Loss,TikTok,Partial,78.6,Yes,No,0,1,1.57,1,0,0,3.57,4,Neutral
C0535,34,Female,Australia,Weight Loss,TikTok,Partial,78.6,Yes,No,0,1,1.57,1,0,0,3.57,4,Neutral
C0536,53,Female,UAE,Weight Loss,Referral,Partial,78.6,Yes,No,0,1,1.57,1,0,0,3.57,4,Neutral
C0537,33,Male,USA,Weight Gain,TikTok,No,0.0,No,No,1,0,0.0,0,0,2,2.0,2,At Risk
C0538,27,Male,Nepal,Weight Loss,TikTok,Partial,92.9,No,No,0,1,1.86,0,0,0,2.86,3,At Risk
C0539,48,Male,USA,Weight Gain,TikTok,Yes,85.7,Yes,No,0,3,1.71,1,0,0,5.71,6,Happy
C0540,26,Female,Australia,Weight Gain,Referral,Yes,92.9,No,No,0,3,1.86,0,0,0,4.86,5,Neutral
C0541,29,Female,Other,Weight Loss,Referral,Partial,85.7,Yes,Yes,0,1,1.71,1,2,0,5.71,6,Happy
C0542,21,Male,UAE,Weight Loss,Instagram,Partial,85.7,Yes,No,0,1,1.71,1,0,0,3.71,4,Neutral
C0543,22,Female,UAE,Weight Gain,Other,Yes,100.0,Yes,No,0,3,2.0,1,0,0,6.0,6,Happy
C0544,23,Female,Australia,Weight Gain,TikTok,No,7.1,No,Yes,0,0,0.14,0,2,0,2.14,2,At Risk
C0545,36,Male,Australia,Weight Loss,Instagram,No,0.0,No,Yes,0,0,0.0,0,2,0,2.0,2,At Risk
C0546,51,Female,Australia,Weight Loss,Referral,Yes,92.9,Yes,No,0,3,1.86,1,0,0,5.86,6,Happy
C0547,36,Female,USA,Weight Loss,TikTok,Yes,78.6,Yes,No,0,3,1.57,1,0,0,5.57,6,Happy
C0548,29,Female,Australia,Weight Loss,TikTok,Yes,78.6,Yes,No,0,3,1.57,1,0,0,5.57,6,Happy
C0549,38,Male,Australia,Body Transformation,Referral,Partial,92.9,Yes,No,0,1,1.86,1,0,0,3.86,4,Neutral
C0550,23,Male,USA,Weight Loss,Instagram,Yes,85.7,No,No,0,3,1.71,0,0,0,4.71,5,Neutral
C0551,41,Female,USA,Weight Loss,TikTok,Ongoing,21.4,No,No,0,0,0.43,0,0,0,0.43,0,At Risk
C0552,29,Female,UAE,Weight Loss,Instagram,Partial,85.7,Yes,No,0,1,1.71,1,0,0,3.71,4,Neutral
C0553,34,Female,USA,Weight Loss,TikTok,Yes,78.6,No,No,1,3,1.57,0,0,2,6.57,7,Happy
C0554,28,Female,USA,Body Transformation,Referral,No,0.0,Yes,Yes,1,0,0.0,1,2,2,5.0,5,Happy
C0555,25,Female,Australia,Weight Loss,TikTok,Yes,85.7,Yes,No,0,3,1.71,1,0,0,5.71,6,Happy
C0556,34,Female,Australia,Weight Loss,Referral,Yes,85.7,Yes,No,1,3,1.71,1,0,2,7.71,8,Happy
C0557,33,Female,Australia,Weight Loss,TikTok,Yes,85.7,Yes,No,0,3,1.71,1,0,0,5.71,6,Happy
C0558,46,Female,UAE,Weight Loss,Instagram,Yes,92.9,Yes,No,0,3,1.86,1,0,0,5.86,6,Happy
C0559,32,Female,Australia,Weight Loss,TikTok,Yes,78.6,Yes,No,1,3,1.57,1,0,2,7.57,8,Happy
C0560,24,Male,Australia,Body Transformation,TikTok,No,0.0,No,Yes,0,0,0.0,0,2,0,2.0,2,At Risk
C0561,38,Female,USA,Weight Gain,Referral,Yes,92.9,Yes,No,1,3,1.86,1,0,2,7.86,8,Happy
C0562,36,Female,Australia,Weight Loss,Instagram,Yes,78.6,Yes,No,1,3,1.57,1,0,2,7.57,8,Happy
C0563,29,Female,Australia,Weight Loss,Referral,Yes,100.0,No,Yes,0,3,2.0,0,2,0,7.0,7,Happy
C0564,30,Male,USA,Weight Gain,TikTok,Partial,78.6,Yes,No,0,1,1.57,1,0,0,3.57,4,Neutral
C0565,37,Female,Other,Weight Loss,Other,Yes,92.9,Yes,No,0,3,1.86,1,0,0,5.86,6,Happy
C0566,36,Male,Australia,Weight Loss,TikTok,Ongoing,14.3,No,No,0,0,0.29,0,0,0,0.29,0,At Risk
C0567,24,Male,USA,Weight Loss,Instagram,Yes,78.6,Yes,No,0,3,1.57,1,0,0,5.57,6,Happy
C0568,49,Female,Nepal,Body Transformation,Referral,Yes,92.9,Yes,No,1,3,1.86,1,0,2,7.86,8,Happy
C0569,25,Female,Canada,Body Transformation,TikTok,Ongoing,35.7,No,No,0,0,0.71,0,0,0,0.71,1,At Risk
C0570,27,Female,Australia,Weight Loss,Referral,Partial,92.9,Yes,No,0,1,1.86,1,0,0,3.86,4,Neutral
C0571,35,Female,Australia,Weight Loss,Referral,No,0.0,No,Yes,1,0,0.0,0,2,2,4.0,4,Neutral
C0572,31,Female,USA,Body Transformation,TikTok,Yes,92.9,Yes,No,0,3,1.86,1,0,0,5.86,6,Happy
C0573,24,Female,USA,Body Transformation,Instagram,Partial,78.6,Yes,No,0,1,1.57,1,0,0,3.57,4,Neutral
C0574,20,Female,USA,Body Transformation,TikTok,Yes,85.7,Yes,No,0,3,1.71,1,0,0,5.71,6,Happy
C0575,38,Female,USA,Weight Loss,TikTok,Yes,92.9,Yes,No,0,3,1.86,1,0,0,5.86,6,Happy
C0576,34,Female,Nepal,Body Transformation,Referral,Partial,92.9,Yes,No,1,1,1.86,1,0,2,5.86,6,Happy
C0577,53,Female,Canada,Body Transformation,Referral,Yes,92.9,No,Yes,0,3,1.86,0,2,0,6.86,7,Happy
C0578,36,Female,Nepal,Weight Loss,TikTok,Yes,92.9,Yes,No,0,3,1.86,1,0,0,5.86,6,Happy
C0579,43,Female,Nepal,Weight Gain,TikTok,No,7.1,Yes,Yes,0,0,0.14,1,2,0,3.14,3,Neutral
C0580,51,Female,Australia,Body Transformation,Referral,Yes,100.0,Yes,No,0,3,2.0,1,0,0,6.0,6,Happy
C0581,28,Female,USA,Weight Loss,Instagram,Partial,92.9,Yes,No,0,1,1.86,1,0,0,3.86,4,Neutral
C0582,22,Male,Australia,Weight Loss,TikTok,Yes,78.6,Yes,No,0,3,1.57,1,0,0,5.57,6,Happy
C0583,49,Female,Australia,Body Transformation,TikTok,Partial,85.7,Yes,No,0,1,1.71,1,0,0,3.71,4,Neutral
C0584,46,Male,Nepal,Body Transformation,TikTok,Yes,92.9,Yes,No,1,3,1.86,1,0,2,7.86,8,Happy
C0585,38,Female,Nepal,Body Transformation,Referral,Yes,85.7,No,No,0,3,1.71,0,0,0,4.71,5,Neutral
C0586,39,Female,Australia,Weight Loss,Instagram,Partial,100.0,Yes,No,0,1,2.0,1,0,0,4.0,4,Neutral
C0587,28,Female,Australia,Weight Loss,TikTok,Yes,85.7,Yes,No,0,3,1.71,1,0,0,5.71,6,Happy
C0588,36,Female,USA,Body Transformation,TikTok,Yes,100.0,Yes,No,0,3,2.0,1,0,0,6.0,6,Happy
C0589,33,Female,Australia,Weight Loss,TikTok,Yes,85.7,Yes,No,1,3,1.71,1,0,2,7.71,8,Happy
C0590,26,Female,Australia,Weight Loss,Referral,Partial,100.0,Yes,No,0,1,2.0,1,0,0,4.0,4,Neutral
C0591,38,Male,UAE,Weight Loss,TikTok,Ongoing,28.6,No,No,0,0,0.57,0,0,0,0.57,1,At Risk
C0592,24,Female,USA,Body Transformation,TikTok,Yes,92.9,Yes,No,1,3,1.86,1,0,2,7.86,8,Happy
C0593,20,Female,Nepal,Weight Loss,Referral,Yes,78.6,No,No,1,3,1.57,0,0,2,6.57,7,Happy
C0594,32,Female,USA,Weight Gain,TikTok,Partial,100.0,No,No,0,1,2.0,0,0,0,3.0,3,Neutral
C0595,28,Female,Australia,Weight Loss,Instagram,Yes,85.7,No,No,0,3,1.71,0,0,0,4.71,5,Neutral
C0596,37,Female,Australia,Weight Loss,TikTok,Yes,78.6,Yes,No,0,3,1.57,1,0,0,5.57,6,Happy
C0597,30,Female,UAE,Weight Loss,Referral,Partial,100.0,Yes,No,0,1,2.0,1,0,0,4.0,4,Neutral
C0598,37,Female,USA,Weight Loss,Referral,Yes,100.0,Yes,Yes,0,3,2.0,1,2,0,8.0,8,Superfan
C0599,21,Male,USA,Weight Loss,Referral,Partial,78.6,No,Yes,0,1,1.57,0,2,0,4.57,5,Neutral
C0600,23,Male,Australia,Body Transformation,TikTok,Partial,85.7,Yes,No,0,1,1.71,1,0,0,3.71,4,Neutral
C0601,30,Female,Australia,Body Transformation,Instagram,Yes,92.9,Yes,No,0,3,1.86,1,0,0,5.86,6,Happy
C0602,21,Female,UAE,Weight Loss,Referral,Yes,92.9,Yes,Yes,0,3,1.86,1,2,0,7.86,8,Happy
C0603,28,Female,Australia,Weight Loss,Other,No,21.4,No,Yes,1,0,0.43,0,2,2,4.43,4,Neutral
C0604,26,Male,Nepal,Weight Loss,TikTok,Yes,78.6,Yes,No,0,3,1.57,1,0,0,5.57,6,Happy
C0605,37,Male,Australia,Body Transformation,Other,Yes,100.0,Yes,No,0,3,2.0,1,0,0,6.0,6,Happy
C0606,38,Female,Nepal,Weight Gain,Referral,Partial,85.7,Yes,No,0,1,1.71,1,0,0,3.71,4,Neutral
C0607,49,Male,Nepal,Weight Loss,Referral,No,0.0,No,No,0,0,0.0,0,0,0,0.0,0,At Risk
C0608,37,Female,Australia,Weight Gain,Referral,Yes,85.7,Yes,No,1,3,1.71,1,0,2,7.71,8,Happy
C0609,24,Male,Australia,Body Transformation,Instagram,No,7.1,Yes,Yes,0,0,0.14,1,2,0,3.14,3,Neutral
C0610,33,Male,USA,Weight Gain,Referral,Partial,78.6,Yes,No,0,1,1.57,1,0,0,3.57,4,Neutral
C0611,30,Female,Australia,Weight Gain,Instagram,No,7.1,No,No,0,0,0.14,0,0,0,0.14,0,At Risk
C0612,35,Female,USA,Body Transformation,Referral,Partial,78.6,Yes,Yes,1,1,1.57,1,2,2,7.57,8,Happy
C0613,26,Male,Australia,Weight Loss,Instagram,No,7.1,No,No,0,0,0.14,0,0,0,0.14,0,At Risk
C0614,27,Male,USA,Weight Loss,Referral,Yes,92.9,Yes,No,0,3,1.86,1,0,0,5.86,6,Happy
C0615,56,Female,USA,Body Transformation,Referral,Yes,92.9,Yes,No,0,3,1.86,1,0,0,5.86,6,Happy
C0616,23,Female,USA,Body Transformation,Other,Yes,85.7,Yes,No,1,3,1.71,1,0,2,7.71,8,Happy
C0617,21,Female,USA,Weight Gain,TikTok,Partial,92.9,Yes,No,0,1,1.86,1,0,0,3.86,4,Neutral
C0618,31,Male,Other,Weight Loss,Referral,Partial,92.9,Yes,No,0,1,1.86,1,0,0,3.86,4,Neutral
C0619,28,Female,Nepal,Body Transformation,TikTok,Yes,92.9,Yes,No,1,3,1.86,1,0,2,7.86,8,Happy
C0620,31,Female,USA,Body Transformation,Other,Yes,78.6,Yes,No,0,3,1.57,1,0,0,5.57,6,Happy
C0621,25,Female,Australia,Weight Loss,TikTok,Partial,78.6,Yes,No,0,1,1.57,1,0,0,3.57,4,Neutral
C0622,34,Female,Australia,Body Transformation,Instagram,Partial,92.9,No,No,0,1,1.86,0,0,0,2.86,3,At Risk
C0623,26,Female,USA,Weight Gain,TikTok,Yes,85.7,Yes,No,1,3,1.71,1,0,2,7.71,8,Happy
C0624,32,Female,Canada,Weight Loss,TikTok,Ongoing,35.7,No,No,0,0,0.71,0,0,0,0.71,1,At Risk
C0625,33,Female,Australia,Body Transformation,TikTok,Partial,78.6,Yes,No,0,1,1.57,1,0,0,3.57,4,Neutral
C0626,30,Male,Australia,Weight Loss,TikTok,Yes,92.9,Yes,No,0,3,1.86,1,0,0,5.86,6,Happy
C0627,48,Female,UAE,Weight Loss,Instagram,Yes,92.9,Yes,No,1,3,1.86,1,0,2,7.86,8,Happy
C0628,43,Male,Australia,Weight Loss,TikTok,Yes,100.0,No,No,0,3,2.0,0,0,0,5.0,5,Happy
C0629,41,Female,USA,Weight Loss,TikTok,Partial,100.0,No,No,0,1,2.0,0,0,0,3.0,3,Neutral
C0630,33,Male,USA,Weight Loss,TikTok,Yes,92.9,Yes,No,0,3,1.86,1,0,0,5.86,6,Happy
C0631,28,Female,USA,Weight Gain,Referral,Yes,100.0,Yes,Yes,0,3,2.0,1,2,0,8.0,8,Superfan
C0632,18,Female,Nepal,Weight Loss,TikTok,Yes,100.0,Yes,No,0,3,2.0,1,0,0,6.0,6,Happy
C0633,30,Female,USA,Weight Gain,TikTok,Partial,92.9,Yes,No,0,1,1.86,1,0,0,3.86,4,Neutral
C0634,29,Male,Nepal,Weight Loss,Referral,Partial,78.6,Yes,Yes,0,1,1.57,1,2,0,5.57,6,Happy
C0635,33,Female,USA,Body Transformation,TikTok,No,7.1,No,Yes,0,0,0.14,0,2,0,2.14,2,At Risk
C0636,33,Male,Australia,Body Transformation,Instagram,Yes,78.6,Yes,No,0,3,1.57,1,0,0,5.57,6,Happy
C0637,18,Male,USA,Weight Loss,TikTok,Yes,92.9,Yes,No,0,3,1.86,1,0,0,5.86,6,Happy
C0638,26,Female,Australia,Weight Loss,Instagram,Yes,78.6,Yes,No,0,3,1.57,1,0,0,5.57,6,Happy
C0639,28,Female,Nepal,Weight Loss,TikTok,No,7.1,No,Yes,1,0,0.14,0,2,2,4.14,4,Neutral
C0640,54,Female,USA,Weight Loss,TikTok,Yes,92.9,Yes,No,1,3,1.86,1,0,2,7.86,8,Happy
C0641,23,Male,UAE,Weight Gain,TikTok,No,0.0,No,No,1,0,0.0,0,0,2,2.0,2,At Risk
C0642,45,Female,Nepal,Weight Gain,TikTok,Yes,78.6,Yes,No,0,3,1.57,1,0,0,5.57,6,Happy
C0643,18,Female,USA,Weight Gain,TikTok,Partial,85.7,Yes,No,0,1,1.71,1,0,0,3.71,4,Neutral
C0644,18,Female,USA,Body Transformation,TikTok,No,0.0,No,No,0,0,0.0,0,0,0,0.0,0,At Risk
C0645,35,Female,UAE,Weight Loss,TikTok,Partial,100.0,Yes,No,0,1,2.0,1,0,0,4.0,4,Neutral
C0646,42,Female,USA,Weight Gain,TikTok,Partial,100.0,Yes,No,1,1,2.0,1,0,2,6.0,6,Happy
C0647,20,Male,Nepal,Weight Loss,Instagram,Partial,78.6,Yes,No,1,1,1.57,1,0,2,5.57,6,Happy
C0648,27,Female,Nepal,Weight Loss,TikTok,Partial,85.7,Yes,No,1,1,1.71,1,0,2,5.71,6,Happy
C0649,24,Female,Australia,Body Transformation,Referral,Partial,100.0,No,Yes,0,1,2.0,0,2,0,5.0,5,Happy
C0650,45,Female,USA,Body Transformation,TikTok,Yes,78.6,Yes,No,0,3,1.57,1,0,0,5.57,6,Happy
C0651,23,Female,Other,Weight Loss,Referral,Partial,85.7,No,Yes,0,1,1.71,0,2,0,4.71,5,Neutral
C0652,36,Female,Australia,Weight Loss,TikTok,Ongoing,21.4,No,No,0,0,0.43,0,0,0,0.43,0,At Risk
C0653,44,Male,Australia,Weight Gain,TikTok,Ongoing,28.6,No,No,0,0,0.57,0,0,0,0.57,1,At Risk
C0654,38,Male,USA,Weight Loss,Referral,Yes,85.7,No,No,0,3,1.71,0,0,0,4.71,5,Neutral
C0655,25,Female,USA,Weight Gain,Instagram,Yes,100.0,Yes,No,1,3,2.0,1,0,2,8.0,8,Superfan
C0656,29,Male,Australia,Weight Loss,TikTok,Partial,100.0,Yes,No,0,1,2.0,1,0,0,4.0,4,Neutral
C0657,47,Female,Nepal,Weight Loss,Instagram,Partial,92.9,Yes,No,1,1,1.86,1,0,2,5.86,6,Happy
C0658,49,Female,UAE,Weight Loss,Referral,Partial,100.0,Yes,No,1,1,2.0,1,0,2,6.0,6,Happy
C0659,22,Female,Nepal,Weight Gain,Referral,Yes,78.6,Yes,No,1,3,1.57,1,0,2,7.57,8,Happy
C0660,20,Female,Nepal,Weight Gain,TikTok,Yes,92.9,Yes,No,1,3,1.86,1,0,2,7.86,8,Happy
C0661,38,Female,Australia,Weight Gain,Instagram,Partial,100.0,No,No,0,1,2.0,0,0,0,3.0,3,Neutral
C0662,57,Female,UAE,Weight Loss,Referral,Yes,92.9,Yes,No,0,3,1.86,1,0,0,5.86,6,Happy
C0663,36,Female,Australia,Weight Loss,Referral,Yes,78.6,Yes,No,0,3,1.57,1,0,0,5.57,6,Happy
C0664,25,Male,Australia,Weight Loss,Referral,Yes,85.7,Yes,No,0,3,1.71,1,0,0,5.71,6,Happy
C0665,24,Male,Nepal,Weight Loss,Referral,Yes,78.6,Yes,No,0,3,1.57,1,0,0,5.57,6,Happy
C0666,37,Female,USA,Weight Loss,Referral,Yes,85.7,Yes,Yes,0,3,1.71,1,2,0,7.71,8,Happy
C0667,33,Female,Nepal,Body Transformation,TikTok,Yes,85.7,Yes,No,0,3,1.71,1,0,0,5.71,6,Happy
C0668,31,Female,Australia,Weight Loss,TikTok,Yes,92.9,Yes,No,0,3,1.86,1,0,0,5.86,6,Happy
C0669,20,Female,USA,Weight Loss,TikTok,No,7.1,Yes,Yes,0,0,0.14,1,2,0,3.14,3,Neutral
C0670,36,Male,USA,Body Transformation,Instagram,Yes,78.6,No,No,0,3,1.57,0,0,0,4.57,5,Neutral
C0671,25,Female,Canada,Weight Loss,Referral,Yes,85.7,Yes,Yes,0,3,1.71,1,2,0,7.71,8,Happy
C0672,28,Male,Australia,Weight Loss,TikTok,Yes,100.0,No,No,0,3,2.0,0,0,0,5.0,5,Happy
C0673,27,Female,Australia,Body Transformation,Instagram,Partial,100.0,Yes,No,1,1,2.0,1,0,2,6.0,6,Happy
C0674,20,Male,USA,Weight Loss,Referral,Yes,85.7,Yes,Yes,1,3,1.71,1,2,2,9.71,10,Superfan
C0675,26,Female,Nepal,Weight Loss,TikTok,Ongoing,21.4,No,No,1,0,0.43,0,0,2,2.43,2,At Risk
C0676,30,Male,USA,Body Transformation,TikTok,Partial,78.6,Yes,No,0,1,1.57,1,0,0,3.57,4,Neutral
C0677,20,Female,UAE,Weight Loss,Referral,Yes,92.9,No,No,0,3,1.86,0,0,0,4.86,5,Neutral
C0678,23,Female,Australia,Body Transformation,Instagram,Partial,78.6,No,No,0,1,1.57,0,0,0,2.57,3,At Risk
C0679,38,Female,UAE,Weight Gain,Instagram,Partial,92.9,No,No,0,1,1.86,0,0,0,2.86,3,At Risk
C0680,27,Male,Other,Body Transformation,Instagram,Yes,85.7,Yes,No,0,3,1.71,1,0,0,5.71,6,Happy
C0681,55,Female,Nepal,Weight Loss,TikTok,Yes,85.7,Yes,No,1,3,1.71,1,0,2,7.71,8,Happy
C0682,24,Male,USA,Weight Gain,TikTok,No,0.0,No,No,0,0,0.0,0,0,0,0.0,0,At Risk
C0683,30,Female,USA,Weight Gain,Referral,Yes,100.0,Yes,No,0,3,2.0,1,0,0,6.0,6,Happy
C0684,22,Female,Nepal,Weight Loss,TikTok,No,14.3,No,No,0,0,0.29,0,0,0,0.29,0,At Risk
C0685,24,Male,Australia,Weight Loss,TikTok,Partial,92.9,Yes,No,0,1,1.86,1,0,0,3.86,4,Neutral
C0686,35,Male,UAE,Weight Loss,TikTok,Ongoing,21.4,No,No,0,0,0.43,0,0,0,0.43,0,At Risk
C0687,55,Male,Nepal,Body Transformation,TikTok,Yes,92.9,Yes,No,1,3,1.86,1,0,2,7.86,8,Happy
C0688,18,Female,Australia,Weight Gain,Instagram,Yes,78.6,Yes,No,0,3,1.57,1,0,0,5.57,6,Happy
C0689,55,Female,UAE,Body Transformation,Referral,Partial,85.7,No,Yes,1,1,1.71,0,2,2,6.71,7,Happy
C0690,51,Female,Nepal,Weight Loss,TikTok,Yes,78.6,Yes,No,1,3,1.57,1,0,2,7.57,8,Happy
C0691,59,Male,USA,Weight Loss,TikTok,Yes,78.6,No,No,0,3,1.57,0,0,0,4.57,5,Neutral
C0692,29,Female,Australia,Weight Loss,TikTok,Yes,78.6,Yes,No,1,3,1.57,1,0,2,7.57,8,Happy
C0693,19,Female,Australia,Weight Loss,TikTok,Ongoing,21.4,No,No,0,0,0.43,0,0,0,0.43,0,At Risk
C0694,23,Female,USA,Weight Loss,TikTok,Yes,100.0,Yes,No,0,3,2.0,1,0,0,6.0,6,Happy
C0695,36,Female,Australia,Weight Loss,TikTok,Yes,100.0,Yes,No,0,3,2.0,1,0,0,6.0,6,Happy
C0696,28,Female,USA,Body Transformation,TikTok,Yes,85.7,Yes,No,0,3,1.71,1,0,0,5.71,6,Happy
C0697,40,Female,USA,Weight Loss,Instagram,No,0.0,No,Yes,0,0,0.0,0,2,0,2.0,2,At Risk
C0698,35,Female,USA,Weight Loss,Referral,Yes,92.9,Yes,No,0,3,1.86,1,0,0,5.86,6,Happy
C0699,24,Female,Australia,Body Transformation,Referral,Yes,78.6,Yes,Yes,1,3,1.57,1,2,2,9.57,10,Superfan
C0700,28,Female,USA,Body Transformation,Instagram,Partial,78.6,No,No,0,1,1.57,0,0,0,2.57,3,At Risk
C0701,26,Female,UAE,Weight Loss,TikTok,Yes,92.9,Yes,No,0,3,1.86,1,0,0,5.86,6,Happy
C0702,19,Female,Australia,Weight Loss,TikTok,Partial,100.0,Yes,No,0,1,2.0,1,0,0,4.0,4,Neutral
C0703,19,Female,USA,Weight Loss,TikTok,Ongoing,28.6,No,No,0,0,0.57,0,0,0,0.57,1,At Risk
C0704,24,Female,Australia,Body Transformation,TikTok,Yes,85.7,Yes,No,0,3,1.71,1,0,0,5.71,6,Happy
C0705,41,Female,Australia,Body Transformation,Referral,No,0.0,No,Yes,0,0,0.0,0,2,0,2.0,2,At Risk
C0706,38,Male,Nepal,Weight Loss,Referral,Partial,100.0,Yes,No,0,1,2.0,1,0,0,4.0,4,Neutral
C0707,34,Female,Nepal,Weight Loss,TikTok,No,7.1,Yes,Yes,0,0,0.14,1,2,0,3.14,3,Neutral
C0708,30,Male,Nepal,Body Transformation,TikTok,Partial,78.6,Yes,No,0,1,1.57,1,0,0,3.57,4,Neutral
C0709,25,Female,Canada,Weight Loss,TikTok,Partial,85.7,Yes,No,0,1,1.71,1,0,0,3.71,4,Neutral
C0710,28,Male,USA,Weight Gain,Instagram,Yes,78.6,Yes,No,0,3,1.57,1,0,0,5.57,6,Happy
C0711,20,Female,Australia,Weight Loss,TikTok,Yes,100.0,Yes,No,1,3,2.0,1,0,2,8.0,8,Superfan
C0712,23,Female,Australia,Body Transformation,TikTok,Yes,92.9,No,No,1,3,1.86,0,0,2,6.86,7,Happy
C0713,19,Female,Australia,Weight Loss,TikTok,Partial,100.0,No,No,0,1,2.0,0,0,0,3.0,3,Neutral
C0714,27,Female,Nepal,Weight Gain,TikTok,Partial,78.6,No,No,0,1,1.57,0,0,0,2.57,3,At Risk
C0715,46,Female,Australia,Weight Loss,Instagram,No,7.1,Yes,Yes,1,0,0.14,1,2,2,5.14,5,Happy
C0716,31,Female,Nepal,Weight Loss,TikTok,Ongoing,28.6,No,No,0,0,0.57,0,0,0,0.57,1,At Risk
C0717,34,Female,UAE,Weight Loss,Other,Yes,78.6,Yes,No,0,3,1.57,1,0,0,5.57,6,Happy
C0718,35,Female,Nepal,Body Transformation,TikTok,Yes,85.7,Yes,No,0,3,1.71,1,0,0,5.71,6,Happy
C0719,47,Male,Australia,Weight Loss,Referral,Yes,92.9,Yes,No,1,3,1.86,1,0,2,7.86,8,Happy
C0720,27,Male,Nepal,Weight Loss,Instagram,Yes,78.6,No,No,0,3,1.57,0,0,0,4.57,5,Neutral
C0721,18,Male,Nepal,Weight Gain,Instagram,Yes,100.0,Yes,No,1,3,2.0,1,0,2,8.0,8,Superfan
C0722,26,Female,USA,Body Transformation,TikTok,Yes,92.9,Yes,No,0,3,1.86,1,0,0,5.86,6,Happy
C0723,37,Female,UAE,Weight Loss,Referral,Partial,100.0,Yes,No,0,1,2.0,1,0,0,4.0,4,Neutral
C0724,19,Female,USA,Weight Loss,TikTok,Partial,100.0,Yes,No,0,1,2.0,1,0,0,4.0,4,Neutral
C0725,26,Female,USA,Body Transformation,TikTok,Yes,92.9,Yes,No,0,3,1.86,1,0,0,5.86,6,Happy
C0726,44,Female,Nepal,Weight Gain,TikTok,Yes,85.7,Yes,No,0,3,1.71,1,0,0,5.71,6,Happy
C0727,36,Female,UAE,Weight Gain,TikTok,Yes,100.0,Yes,No,0,3,2.0,1,0,0,6.0,6,Happy
C0728,37,Male,UAE,Weight Loss,TikTok,Yes,85.7,Yes,No,1,3,1.71,1,0,2,7.71,8,Happy
C0729,28,Male,Australia,Weight Loss,Instagram,Partial,78.6,No,No,0,1,1.57,0,0,0,2.57,3,At Risk
C0730,29,Female,Australia,Body Transformation,TikTok,Yes,100.0,Yes,No,0,3,2.0,1,0,0,6.0,6,Happy
C0731,37,Female,Australia,Body Transformation,TikTok,Yes,78.6,No,No,0,3,1.57,0,0,0,4.57,5,Neutral
C0732,56,Female,Canada,Weight Loss,TikTok,Partial,92.9,Yes,No,0,1,1.86,1,0,0,3.86,4,Neutral
C0733,28,Female,USA,Weight Gain,Referral,Partial,78.6,No,Yes,0,1,1.57,0,2,0,4.57,5,Neutral
C0734,20,Female,USA,Weight Loss,TikTok,Ongoing,14.3,No,No,0,0,0.29,0,0,0,0.29,0,At Risk
C0735,18,Female,Other,Weight Gain,TikTok,No,7.1,No,No,0,0,0.14,0,0,0,0.14,0,At Risk
C0736,25,Male,Nepal,Weight Gain,TikTok,Ongoing,14.3,No,No,1,0,0.29,0,0,2,2.29,2,At Risk
C0737,25,Male,Australia,Weight Gain,Instagram,No,7.1,Yes,No,0,0,0.14,1,0,0,1.14,1,At Risk
C0738,38,Female,UAE,Body Transformation,Referral,Yes,100.0,Yes,No,0,3,2.0,1,0,0,6.0,6,Happy
C0739,41,Male,Australia,Body Transformation,TikTok,Yes,92.9,No,No,0,3,1.86,0,0,0,4.86,5,Neutral
C0740,34,Female,USA,Weight Loss,TikTok,Yes,85.7,Yes,No,0,3,1.71,1,0,0,5.71,6,Happy
C0741,19,Female,Nepal,Body Transformation,Instagram,Yes,100.0,Yes,No,0,3,2.0,1,0,0,6.0,6,Happy
C0742,20,Female,USA,Body Transformation,TikTok,Yes,100.0,Yes,No,0,3,2.0,1,0,0,6.0,6,Happy
C0743,32,Female,Nepal,Weight Loss,Referral,No,7.1,No,No,1,0,0.14,0,0,2,2.14,2,At Risk
C0744,51,Female,Australia,Weight Loss,Referral,Yes,92.9,Yes,Yes,0,3,1.86,1,2,0,7.86,8,Happy
C0745,48,Male,USA,Weight Gain,TikTok,Yes,100.0,Yes,No,1,3,2.0,1,0,2,8.0,8,Superfan
C0746,27,Female,Australia,Body Transformation,Referral,Yes,78.6,Yes,Yes,0,3,1.57,1,2,0,7.57,8,Happy
C0747,59,Male,Australia,Body Transformation,TikTok,Partial,85.7,Yes,No,0,1,1.71,1,0,0,3.71,4,Neutral
C0748,35,Male,Canada,Weight Loss,Instagram,No,0.0,No,No,0,0,0.0,0,0,0,0.0,0,At Risk
C0749,26,Female,Australia,Body Transformation,TikTok,Partial,78.6,Yes,No,0,1,1.57,1,0,0,3.57,4,Neutral
C0750,37,Female,USA,Body Transformation,TikTok,Yes,78.6,No,No,0,3,1.57,0,0,0,4.57,5,Neutral
C0751,34,Male,Australia,Weight Gain,TikTok,Yes,100.0,Yes,No,1,3,2.0,1,0,2,8.0,8,Superfan
C0752,55,Female,Australia,Body Transformation,Referral,Yes,85.7,Yes,No,1,3,1.71,1,0,2,7.71,8,Happy
C0753,35,Male,USA,Weight Loss,Instagram,Partial,85.7,No,No,1,1,1.71,0,0,2,4.71,5,Neutral
C0754,47,Female,Canada,Weight Loss,Instagram,Ongoing,14.3,No,No,0,0,0.29,0,0,0,0.29,0,At Risk
C0755,51,Female,UAE,Body Transformation,Referral,Yes,100.0,Yes,No,0,3,2.0,1,0,0,6.0,6,Happy
C0756,19,Female,Nepal,Weight Loss,Referral,Yes,100.0,No,No,1,3,2.0,0,0,2,7.0,7,Happy
C0757,40,Female,UAE,Weight Gain,Referral,Partial,85.7,Yes,Yes,0,1,1.71,1,2,0,5.71,6,Happy
C0758,30,Female,Nepal,Body Transformation,TikTok,Partial,100.0,Yes,No,0,1,2.0,1,0,0,4.0,4,Neutral
C0759,29,Female,USA,Body Transformation,Referral,Ongoing,14.3,No,No,1,0,0.29,0,0,2,2.29,2,At Risk
C0760,45,Female,Australia,Body Transformation,TikTok,Yes,78.6,Yes,No,0,3,1.57,1,0,0,5.57,6,Happy
C0761,34,Male,Nepal,Weight Loss,Referral,Yes,78.6,Yes,No,0,3,1.57,1,0,0,5.57,6,Happy
C0762,29,Female,Australia,Weight Loss,Instagram,Yes,85.7,Yes,No,0,3,1.71,1,0,0,5.71,6,Happy
C0763,29,Male,Australia,Weight Loss,Referral,Yes,78.6,Yes,Yes,0,3,1.57,1,2,0,7.57,8,Happy
C0764,20,Female,Australia,Weight Gain,Instagram,Partial,100.0,Yes,No,0,1,2.0,1,0,0,4.0,4,Neutral
C0765,45,Female,Nepal,Weight Loss,Referral,Yes,78.6,Yes,No,1,3,1.57,1,0,2,7.57,8,Happy
C0766,33,Female,Nepal,Body Transformation,TikTok,Yes,85.7,Yes,No,0,3,1.71,1,0,0,5.71,6,Happy
C0767,27,Female,Nepal,Weight Gain,TikTok,Partial,78.6,No,No,0,1,1.57,0,0,0,2.57,3,At Risk
C0768,30,Male,Nepal,Weight Gain,TikTok,Partial,100.0,Yes,No,1,1,2.0,1,0,2,6.0,6,Happy
C0769,34,Female,Australia,Weight Loss,TikTok,Yes,85.7,Yes,No,0,3,1.71,1,0,0,5.71,6,Happy
C0770,33,Female,Australia,Weight Loss,Instagram,Yes,92.9,Yes,No,1,3,1.86,1,0,2,7.86,8,Happy
C0771,23,Male,USA,Weight Loss,Referral,Partial,85.7,Yes,Yes,0,1,1.71,1,2,0,5.71,6,Happy
C0772,47,Female,Australia,Weight Loss,Instagram,Partial,78.6,Yes,No,0,1,1.57,1,0,0,3.57,4,Neutral
C0773,32,Female,Nepal,Weight Gain,Referral,Partial,78.6,No,No,1,1,1.57,0,0,2,4.57,5,Neutral
C0774,24,Male,USA,Weight Loss,TikTok,Ongoing,21.4,No,No,0,0,0.43,0,0,0,0.43,0,At Risk
C0775,29,Female,USA,Weight Loss,TikTok,Yes,78.6,Yes,No,1,3,1.57,1,0,2,7.57,8,Happy
C0776,34,Female,Nepal,Weight Gain,Referral,No,7.1,No,No,0,0,0.14,0,0,0,0.14,0,At Risk
C0777,46,Female,Nepal,Weight Loss,Referral,Yes,92.9,Yes,No,0,3,1.86,1,0,0,5.86,6,Happy
C0778,34,Female,USA,Weight Gain,Referral,Partial,78.6,Yes,No,0,1,1.57,1,0,0,3.57,4,Neutral
C0779,32,Male,Australia,Weight Loss,TikTok,Yes,100.0,Yes,No,0,3,2.0,1,0,0,6.0,6,Happy
C0780,22,Female,Australia,Weight Loss,Referral,Partial,78.6,Yes,No,0,1,1.57,1,0,0,3.57,4,Neutral
C0781,36,Female,Nepal,Weight Loss,TikTok,Yes,92.9,No,No,0,3,1.86,0,0,0,4.86,5,Neutral
C0782,42,Female,Other,Body Transformation,TikTok,Yes,92.9,No,No,0,3,1.86,0,0,0,4.86,5,Neutral
C0783,44,Female,USA,Body Transformation,TikTok,No,7.1,No,No,1,0,0.14,0,0,2,2.14,2,At Risk
C0784,59,Female,Australia,Body Transformation,Other,No,0.0,No,No,0,0,0.0,0,0,0,0.0,0,At Risk
C0785,35,Female,Other,Body Transformation,Referral,Yes,85.7,Yes,No,0,3,1.71,1,0,0,5.71,6,Happy
C0786,34,Female,Canada,Weight Loss,Referral,No,14.3,No,Yes,1,0,0.29,0,2,2,4.29,4,Neutral
C0787,27,Female,Nepal,Weight Loss,Instagram,Yes,92.9,Yes,No,0,3,1.86,1,0,0,5.86,6,Happy
C0788,30,Female,Canada,Body Transformation,Instagram,Yes,92.9,Yes,No,0,3,1.86,1,0,0,5.86,6,Happy
C0789,48,Female,Nepal,Weight Loss,TikTok,No,0.0,No,No,0,0,0.0,0,0,0,0.0,0,At Risk
C0790,29,Male,Australia,Weight Loss,Instagram,No,7.1,Yes,Yes,0,0,0.14,1,2,0,3.14,3,Neutral
C0791,34,Female,Australia,Weight Loss,Referral,No,7.1,No,No,0,0,0.14,0,0,0,0.14,0,At Risk
C0792,54,Female,USA,Body Transformation,TikTok,Yes,100.0,Yes,No,0,3,2.0,1,0,0,6.0,6,Happy
C0793,31,Female,USA,Weight Loss,TikTok,No,0.0,Yes,Yes,0,0,0.0,1,2,0,3.0,3,Neutral
C0794,27,Female,Australia,Weight Loss,Referral,Yes,85.7,Yes,Yes,1,3,1.71,1,2,2,9.71,10,Superfan
C0795,30,Female,Australia,Weight Loss,Other,Yes,100.0,Yes,No,0,3,2.0,1,0,0,6.0,6,Happy
C0796,26,Male,Nepal,Weight Loss,TikTok,No,7.1,No,Yes,0,0,0.14,0,2,0,2.14,2,At Risk
C0797,24,Female,UAE,Weight Gain,TikTok,Yes,100.0,Yes,No,1,3,2.0,1,0,2,8.0,8,Superfan
C0798,31,Female,Nepal,Body Transformation,TikTok,Partial,78.6,Yes,No,1,1,1.57,1,0,2,5.57,6,Happy
C0799,41,Female,Australia,Weight Loss,TikTok,No,0.0,No,Yes,1,0,0.0,0,2,2,4.0,4,Neutral
C0800,21,Female,USA,Body Transformation,Referral,Yes,78.6,No,No,0,3,1.57,0,0,0,4.57,5,Neutral
C0801,20,Female,Canada,Body Transformation,Instagram,Partial,85.7,Yes,No,0,1,1.71,1,0,0,3.71,4,Neutral
C0802,22,Male,USA,Weight Loss,TikTok,Yes,100.0,Yes,No,1,3,2.0,1,0,2,8.0,8,Superfan
C0803,27,Female,USA,Body Transformation,TikTok,Yes,78.6,No,No,0,3,1.57,0,0,0,4.57,5,Neutral
C0804,37,Female,Canada,Weight Gain,Instagram,Yes,92.9,Yes,No,0,3,1.86,1,0,0,5.86,6,Happy
C0805,41,Male,Nepal,Weight Loss,Instagram,Partial,100.0,Yes,No,0,1,2.0,1,0,0,4.0,4,Neutral
C0806,24,Female,USA,Weight Loss,Instagram,Yes,92.9,Yes,No,0,3,1.86,1,0,0,5.86,6,Happy
C0807,37,Female,Other,Weight Loss,Referral,Partial,78.6,No,No,1,1,1.57,0,0,2,4.57,5,Neutral
C0808,34,Female,UAE,Weight Loss,TikTok,Yes,85.7,Yes,No,0,3,1.71,1,0,0,5.71,6,Happy
C0809,33,Female,Nepal,Body Transformation,Instagram,No,0.0,No,No,0,0,0.0,0,0,0,0.0,0,At Risk
C0810,48,Male,Australia,Weight Loss,Instagram,Yes,92.9,Yes,No,0,3,1.86,1,0,0,5.86,6,Happy
C0811,36,Female,UAE,Weight Loss,TikTok,Yes,92.9,Yes,No,0,3,1.86,1,0,0,5.86,6,Happy
C0812,26,Female,Australia,Weight Loss,TikTok,Partial,78.6,No,No,1,1,1.57,0,0,2,4.57,5,Neutral
C0813,34,Male,Other,Weight Loss,Instagram,Partial,100.0,No,No,1,1,2.0,0,0,2,5.0,5,Happy
C0814,28,Female,Australia,Body Transformation,TikTok,Yes,85.7,No,No,0,3,1.71,0,0,0,4.71,5,Neutral
C0815,35,Female,USA,Weight Loss,TikTok,Yes,92.9,Yes,No,0,3,1.86,1,0,0,5.86,6,Happy
C0816,25,Male,Australia,Weight Loss,Instagram,Yes,85.7,No,No,0,3,1.71,0,0,0,4.71,5,Neutral
C0817,46,Female,Australia,Body Transformation,Referral,Yes,78.6,Yes,No,0,3,1.57,1,0,0,5.57,6,Happy
C0818,52,Female,Australia,Weight Gain,Referral,Yes,92.9,Yes,Yes,0,3,1.86,1,2,0,7.86,8,Happy
C0819,44,Female,Australia,Body Transformation,TikTok,No,7.1,No,Yes,0,0,0.14,0,2,0,2.14,2,At Risk
C0820,55,Female,UAE,Body Transformation,Referral,Yes,92.9,Yes,No,0,3,1.86,1,0,0,5.86,6,Happy
C0821,18,Male,Australia,Weight Loss,Other,Yes,85.7,Yes,No,0,3,1.71,1,0,0,5.71,6,Happy
C0822,18,Male,Australia,Body Transformation,Instagram,Yes,78.6,Yes,No,0,3,1.57,1,0,0,5.57,6,Happy
C0823,20,Female,UAE,Weight Loss,Instagram,Partial,78.6,Yes,No,0,1,1.57,1,0,0,3.57,4,Neutral
C0824,32,Male,USA,Body Transformation,TikTok,Partial,85.7,Yes,No,0,1,1.71,1,0,0,3.71,4,Neutral
C0825,47,Female,Canada,Body Transformation,Referral,Yes,92.9,Yes,No,1,3,1.86,1,0,2,7.86,8,Happy
C0826,30,Female,Nepal,Body Transformation,Instagram,Yes,100.0,Yes,No,0,3,2.0,1,0,0,6.0,6,Happy
C0827,38,Female,Australia,Weight Loss,TikTok,Yes,92.9,Yes,No,0,3,1.86,1,0,0,5.86,6,Happy
C0828,47,Female,Other,Body Transformation,TikTok,Yes,100.0,Yes,No,0,3,2.0,1,0,0,6.0,6,Happy
C0829,19,Female,Australia,Body Transformation,TikTok,Partial,85.7,Yes,No,0,1,1.71,1,0,0,3.71,4,Neutral
C0830,41,Female,Nepal,Weight Gain,Referral,Yes,78.6,Yes,No,0,3,1.57,1,0,0,5.57,6,Happy
C0831,40,Female,USA,Body Transformation,Instagram,Partial,85.7,Yes,No,0,1,1.71,1,0,0,3.71,4,Neutral
C0832,22,Female,Australia,Body Transformation,Referral,Partial,85.7,Yes,No,0,1,1.71,1,0,0,3.71,4,Neutral
C0833,44,Female,Nepal,Body Transformation,Instagram,Partial,85.7,Yes,No,0,1,1.71,1,0,0,3.71,4,Neutral
C0834,33,Male,UAE,Body Transformation,Referral,Partial,92.9,No,Yes,0,1,1.86,0,2,0,4.86,5,Neutral
C0835,39,Male,USA,Weight Loss,TikTok,Yes,100.0,Yes,No,0,3,2.0,1,0,0,6.0,6,Happy
C0836,19,Male,UAE,Weight Loss,TikTok,Partial,100.0,Yes,No,0,1,2.0,1,0,0,4.0,4,Neutral
C0837,49,Male,Australia,Body Transformation,TikTok,Partial,85.7,Yes,No,0,1,1.71,1,0,0,3.71,4,Neutral
C0838,37,Female,Australia,Body Transformation,TikTok,Yes,100.0,Yes,No,0,3,2.0,1,0,0,6.0,6,Happy
C0839,20,Male,UAE,Weight Loss,Referral,Ongoing,35.7,No,No,0,0,0.71,0,0,0,0.71,1,At Risk
C0840,28,Male,Australia,Weight Loss,Instagram,Partial,92.9,Yes,No,0,1,1.86,1,0,0,3.86,4,Neutral
C0841,32,Female,Canada,Body Transformation,Referral,Ongoing,14.3,No,No,1,0,0.29,0,0,2,2.29,2,At Risk
C0842,30,Female,USA,Weight Loss,TikTok,Yes,92.9,Yes,No,0,3,1.86,1,0,0,5.86,6,Happy
C0843,29,Male,Australia,Weight Loss,Referral,Partial,92.9,Yes,Yes,0,1,1.86,1,2,0,5.86,6,Happy
C0844,27,Male,Australia,Weight Loss,Instagram,Yes,92.9,Yes,No,0,3,1.86,1,0,0,5.86,6,Happy
C0845,20,Female,Nepal,Weight Loss,Instagram,Yes,92.9,No,No,0,3,1.86,0,0,0,4.86,5,Neutral
C0846,34,Female,Australia,Weight Loss,TikTok,Partial,100.0,No,No,0,1,2.0,0,0,0,3.0,3,Neutral
C0847,25,Female,Australia,Weight Loss,TikTok,Yes,85.7,Yes,No,0,3,1.71,1,0,0,5.71,6,Happy
C0848,33,Male,Canada,Body Transformation,TikTok,Yes,78.6,Yes,No,0,3,1.57,1,0,0,5.57,6,Happy
C0849,24,Male,Nepal,Weight Loss,Instagram,Yes,85.7,Yes,No,0,3,1.71,1,0,0,5.71,6,Happy
C0850,27,Male,USA,Weight Gain,TikTok,Partial,85.7,Yes,No,0,1,1.71,1,0,0,3.71,4,Neutral
C0851,27,Male,Australia,Weight Loss,TikTok,Partial,100.0,Yes,No,0,1,2.0,1,0,0,4.0,4,Neutral
C0852,23,Female,UAE,Weight Loss,Referral,Partial,85.7,Yes,No,0,1,1.71,1,0,0,3.71,4,Neutral
C0853,27,Female,Nepal,Weight Loss,TikTok,No,7.1,No,Yes,0,0,0.14,0,2,0,2.14,2,At Risk
C0854,48,Female,Australia,Weight Loss,Other,Partial,85.7,Yes,No,0,1,1.71,1,0,0,3.71,4,Neutral
C0855,52,Male,Australia,Weight Loss,Other,Yes,85.7,Yes,No,0,3,1.71,1,0,0,5.71,6,Happy
C0856,47,Male,Nepal,Weight Loss,Instagram,No,7.1,No,No,0,0,0.14,0,0,0,0.14,0,At Risk
C0857,42,Female,UAE,Weight Loss,TikTok,Yes,85.7,Yes,No,0,3,1.71,1,0,0,5.71,6,Happy
C0858,26,Female,Australia,Weight Loss,TikTok,Ongoing,14.3,No,No,0,0,0.29,0,0,0,0.29,0,At Risk
C0859,33,Female,Canada,Body Transformation,TikTok,Partial,78.6,Yes,No,1,1,1.57,1,0,2,5.57,6,Happy
C0860,52,Female,Australia,Body Transformation,Instagram,Yes,100.0,Yes,No,0,3,2.0,1,0,0,6.0,6,Happy
C0861,33,Male,Australia,Weight Loss,TikTok,Yes,100.0,No,No,0,3,2.0,0,0,0,5.0,5,Happy
C0862,33,Female,Nepal,Weight Gain,TikTok,Partial,78.6,Yes,No,0,1,1.57,1,0,0,3.57,4,Neutral
C0863,33,Female,Australia,Weight Gain,Instagram,Yes,85.7,Yes,No,1,3,1.71,1,0,2,7.71,8,Happy
C0864,37,Female,USA,Body Transformation,Referral,Partial,100.0,Yes,No,0,1,2.0,1,0,0,4.0,4,Neutral
C0865,25,Male,Nepal,Weight Gain,TikTok,No,7.1,No,No,1,0,0.14,0,0,2,2.14,2,At Risk
C0866,26,Male,Australia,Weight Loss,TikTok,No,0.0,No,Yes,0,0,0.0,0,2,0,2.0,2,At Risk
C0867,56,Female,Australia,Body Transformation,Other,Yes,92.9,Yes,No,1,3,1.86,1,0,2,7.86,8,Happy
C0868,19,Female,Australia,Weight Loss,Referral,Partial,85.7,Yes,Yes,0,1,1.71,1,2,0,5.71,6,Happy
C0869,29,Female,Nepal,Weight Loss,TikTok,Yes,100.0,Yes,No,1,3,2.0,1,0,2,8.0,8,Superfan
C0870,21,Female,Australia,Body Transformation,TikTok,Partial,78.6,Yes,No,0,1,1.57,1,0,0,3.57,4,Neutral
C0871,42,Female,Nepal,Weight Gain,Instagram,Yes,78.6,Yes,No,0,3,1.57,1,0,0,5.57,6,Happy
C0872,27,Female,UAE,Body Transformation,TikTok,Ongoing,28.6,No,No,0,0,0.57,0,0,0,0.57,1,At Risk
C0873,30,Female,USA,Weight Loss,Referral,No,7.1,No,Yes,0,0,0.14,0,2,0,2.14,2,At Risk
C0874,30,Female,Other,Weight Gain,Other,Yes,92.9,Yes,No,0,3,1.86,1,0,0,5.86,6,Happy
C0875,48,Female,USA,Weight Loss,TikTok,Yes,100.0,Yes,No,1,3,2.0,1,0,2,8.0,8,Superfan
C0876,22,Female,USA,Weight Loss,Instagram,No,7.1,No,Yes,0,0,0.14,0,2,0,2.14,2,At Risk
C0877,42,Male,UAE,Body Transformation,TikTok,Yes,78.6,Yes,No,0,3,1.57,1,0,0,5.57,6,Happy
C0878,39,Male,USA,Weight Gain,Referral,Yes,85.7,Yes,No,0,3,1.71,1,0,0,5.71,6,Happy
C0879,34,Female,Other,Body Transformation,Other,Partial,85.7,Yes,No,1,1,1.71,1,0,2,5.71,6,Happy
C0880,20,Male,USA,Weight Loss,Instagram,Yes,92.9,Yes,No,0,3,1.86,1,0,0,5.86,6,Happy
C0881,34,Female,UAE,Weight Gain,TikTok,Partial,78.6,Yes,No,0,1,1.57,1,0,0,3.57,4,Neutral
C0882,32,Male,Australia,Body Transformation,Referral,Yes,92.9,No,No,0,3,1.86,0,0,0,4.86,5,Neutral
C0883,24,Female,USA,Body Transformation,TikTok,Partial,78.6,Yes,No,0,1,1.57,1,0,0,3.57,4,Neutral
C0884,24,Male,USA,Weight Loss,Referral,Partial,78.6,No,No,1,1,1.57,0,0,2,4.57,5,Neutral
C0885,19,Female,Australia,Body Transformation,TikTok,No,0.0,No,Yes,0,0,0.0,0,2,0,2.0,2,At Risk
C0886,21,Female,Nepal,Weight Loss,TikTok,Yes,78.6,Yes,No,0,3,1.57,1,0,0,5.57,6,Happy
C0887,49,Male,Nepal,Weight Gain,Referral,Ongoing,14.3,No,No,0,0,0.29,0,0,0,0.29,0,At Risk
C0888,31,Female,Nepal,Weight Loss,Referral,Partial,92.9,Yes,No,0,1,1.86,1,0,0,3.86,4,Neutral
C0889,50,Female,UAE,Weight Loss,TikTok,Ongoing,21.4,Yes,No,0,0,0.43,1,0,0,1.43,1,At Risk
C0890,47,Male,USA,Body Transformation,TikTok,Partial,85.7,Yes,No,0,1,1.71,1,0,0,3.71,4,Neutral
C0891,30,Female,Australia,Weight Loss,TikTok,Yes,92.9,Yes,No,0,3,1.86,1,0,0,5.86,6,Happy
C0892,18,Male,Canada,Weight Loss,TikTok,Yes,85.7,Yes,No,1,3,1.71,1,0,2,7.71,8,Happy
C0893,24,Male,Nepal,Weight Loss,TikTok,Partial,85.7,Yes,No,1,1,1.71,1,0,2,5.71,6,Happy
C0894,31,Female,Nepal,Body Transformation,TikTok,Yes,85.7,No,No,0,3,1.71,0,0,0,4.71,5,Neutral
C0895,25,Female,Canada,Weight Gain,Referral,Partial,85.7,Yes,No,0,1,1.71,1,0,0,3.71,4,Neutral
C0896,29,Female,Australia,Weight Loss,TikTok,Partial,92.9,Yes,No,1,1,1.86,1,0,2,5.86,6,Happy
C0897,18,Female,Nepal,Weight Loss,TikTok,Yes,100.0,Yes,No,0,3,2.0,1,0,0,6.0,6,Happy
C0898,27,Female,Canada,Weight Loss,TikTok,Yes,100.0,Yes,No,0,3,2.0,1,0,0,6.0,6,Happy
C0899,21,Female,UAE,Weight Loss,TikTok,Partial,85.7,Yes,No,0,1,1.71,1,0,0,3.71,4,Neutral
C0900,31,Male,Nepal,Body Transformation,TikTok,Yes,85.7,No,No,0,3,1.71,0,0,0,4.71,5,Neutral
C0901,20,Female,USA,Body Transformation,Instagram,Yes,92.9,Yes,No,0,3,1.86,1,0,0,5.86,6,Happy
C0902,26,Female,Australia,Weight Loss,Referral,Yes,78.6,Yes,Yes,0,3,1.57,1,2,0,7.57,8,Happy
C0903,30,Female,Australia,Body Transformation,Referral,No,7.1,No,No,0,0,0.14,0,0,0,0.14,0,At Risk
C0904,26,Female,Australia,Weight Loss,TikTok,Yes,85.7,Yes,No,1,3,1.71,1,0,2,7.71,8,Happy
C0905,37,Female,Nepal,Weight Loss,TikTok,Yes,78.6,No,No,0,3,1.57,0,0,0,4.57,5,Neutral
C0906,20,Female,UAE,Body Transformation,Instagram,Partial,78.6,No,No,0,1,1.57,0,0,0,2.57,3,At Risk
C0907,47,Female,Australia,Weight Loss,Referral,Ongoing,21.4,No,No,0,0,0.43,0,0,0,0.43,0,At Risk
C0908,49,Female,Australia,Weight Gain,Referral,Partial,100.0,Yes,Yes,0,1,2.0,1,2,0,6.0,6,Happy
C0909,19,Female,Australia,Body Transformation,TikTok,Partial,100.0,Yes,No,0,1,2.0,1,0,0,4.0,4,Neutral
C0910,33,Female,USA,Body Transformation,TikTok,Ongoing,35.7,No,No,1,0,0.71,0,0,2,2.71,3,At Risk
C0911,48,Female,Australia,Body Transformation,Instagram,Yes,78.6,No,No,0,3,1.57,0,0,0,4.57,5,Neutral
C0912,43,Female,Australia,Body Transformation,Instagram,Yes,78.6,Yes,No,0,3,1.57,1,0,0,5.57,6,Happy
C0913,33,Female,Australia,Weight Loss,TikTok,Yes,100.0,Yes,No,0,3,2.0,1,0,0,6.0,6,Happy
C0914,33,Female,Australia,Body Transformation,Instagram,Partial,100.0,Yes,No,1,1,2.0,1,0,2,6.0,6,Happy
C0915,21,Female,UAE,Weight Loss,TikTok,Yes,85.7,No,No,0,3,1.71,0,0,0,4.71,5,Neutral
C0916,27,Female,Australia,Body Transformation,Instagram,Partial,78.6,Yes,No,1,1,1.57,1,0,2,5.57,6,Happy
C0917,46,Female,Australia,Weight Loss,TikTok,Partial,78.6,Yes,No,0,1,1.57,1,0,0,3.57,4,Neutral
C0918,25,Female,USA,Body Transformation,Instagram,No,21.4,No,Yes,1,0,0.43,0,2,2,4.43,4,Neutral
C0919,29,Male,USA,Weight Loss,Referral,Ongoing,28.6,Yes,No,0,0,0.57,1,0,0,1.57,2,At Risk
C0920,30,Female,USA,Body Transformation,TikTok,No,0.0,No,No,0,0,0.0,0,0,0,0.0,0,At Risk
C0921,36,Female,Nepal,Body Transformation,TikTok,Yes,85.7,Yes,No,0,3,1.71,1,0,0,5.71,6,Happy
C0922,22,Female,Nepal,Weight Loss,Instagram,Yes,85.7,No,No,1,3,1.71,0,0,2,6.71,7,Happy
C0923,18,Male,Australia,Weight Loss,Referral,Ongoing,35.7,No,No,0,0,0.71,0,0,0,0.71,1,At Risk
C0924,34,Female,Australia,Weight Loss,TikTok,Yes,85.7,No,No,0,3,1.71,0,0,0,4.71,5,Neutral
C0925,35,Male,Australia,Body Transformation,Other,Yes,78.6,No,No,0,3,1.57,0,0,0,4.57,5,Neutral
C0926,32,Male,Canada,Body Transformation,Instagram,Partial,100.0,Yes,No,1,1,2.0,1,0,2,6.0,6,Happy
C0927,31,Female,Australia,Body Transformation,TikTok,Yes,85.7,Yes,No,0,3,1.71,1,0,0,5.71,6,Happy
C0928,48,Male,Nepal,Body Transformation,TikTok,Partial,78.6,Yes,No,0,1,1.57,1,0,0,3.57,4,Neutral
C0929,27,Female,Australia,Weight Loss,Instagram,Yes,78.6,Yes,No,0,3,1.57,1,0,0,5.57,6,Happy
C0930,46,Female,Nepal,Weight Loss,Referral,Yes,100.0,Yes,Yes,0,3,2.0,1,2,0,8.0,8,Superfan
C0931,56,Female,Australia,Weight Loss,TikTok,Partial,78.6,Yes,No,0,1,1.57,1,0,0,3.57,4,Neutral
C0932,50,Male,Australia,Weight Loss,Referral,No,0.0,No,No,1,0,0.0,0,0,2,2.0,2,At Risk
C0933,45,Male,USA,Weight Loss,Other,Partial,78.6,Yes,No,0,1,1.57,1,0,0,3.57,4,Neutral
C0934,42,Male,Nepal,Weight Gain,TikTok,Yes,78.6,No,No,0,3,1.57,0,0,0,4.57,5,Neutral
C0935,24,Female,Nepal,Weight Loss,Referral,Yes,85.7,No,No,0,3,1.71,0,0,0,4.71,5,Neutral
C0936,28,Female,Nepal,Weight Loss,TikTok,Yes,78.6,No,No,0,3,1.57,0,0,0,4.57,5,Neutral
C0937,27,Female,Nepal,Weight Gain,Referral,Partial,92.9,Yes,Yes,0,1,1.86,1,2,0,5.86,6,Happy
C0938,36,Female,USA,Body Transformation,Instagram,Yes,92.9,Yes,No,1,3,1.86,1,0,2,7.86,8,Happy
C0939,19,Female,Other,Weight Loss,Referral,Partial,78.6,Yes,No,0,1,1.57,1,0,0,3.57,4,Neutral
C0940,44,Female,USA,Body Transformation,Instagram,Partial,100.0,Yes,No,0,1,2.0,1,0,0,4.0,4,Neutral
C0941,21,Female,Australia,Body Transformation,TikTok,Yes,100.0,No,No,0,3,2.0,0,0,0,5.0,5,Happy
C0942,35,Male,Australia,Weight Loss,TikTok,Yes,100.0,Yes,No,0,3,2.0,1,0,0,6.0,6,Happy
C0943,52,Female,Other,Body Transformation,Referral,Yes,78.6,Yes,Yes,0,3,1.57,1,2,0,7.57,8,Happy
C0944,55,Female,Australia,Weight Loss,TikTok,Partial,78.6,No,No,0,1,1.57,0,0,0,2.57,3,At Risk
C0945,30,Female,USA,Weight Loss,Referral,No,0.0,No,Yes,0,0,0.0,0,2,0,2.0,2,At Risk
C0946,42,Female,Nepal,Weight Loss,Referral,Partial,85.7,Yes,Yes,0,1,1.71,1,2,0,5.71,6,Happy
C0947,26,Female,Australia,Weight Loss,TikTok,Yes,78.6,Yes,No,0,3,1.57,1,0,0,5.57,6,Happy
C0948,23,Male,USA,Body Transformation,TikTok,No,7.1,No,Yes,0,0,0.14,0,2,0,2.14,2,At Risk
C0949,21,Female,USA,Weight Loss,TikTok,Yes,100.0,Yes,No,0,3,2.0,1,0,0,6.0,6,Happy
C0950,33,Female,Australia,Weight Gain,TikTok,Yes,78.6,Yes,No,0,3,1.57,1,0,0,5.57,6,Happy
C0951,20,Male,UAE,Weight Loss,TikTok,Yes,100.0,Yes,No,1,3,2.0,1,0,2,8.0,8,Superfan
C0952,32,Female,Australia,Weight Loss,TikTok,Ongoing,21.4,No,No,1,0,0.43,0,0,2,2.43,2,At Risk
C0953,26,Female,Nepal,Weight Loss,Referral,Yes,92.9,Yes,Yes,0,3,1.86,1,2,0,7.86,8,Happy
C0954,37,Female,Australia,Body Transformation,Referral,Yes,100.0,Yes,No,1,3,2.0,1,0,2,8.0,8,Superfan
C0955,31,Female,Australia,Weight Loss,Instagram,Yes,92.9,Yes,No,0,3,1.86,1,0,0,5.86,6,Happy
C0956,34,Female,Australia,Weight Loss,Referral,Partial,78.6,No,Yes,0,1,1.57,0,2,0,4.57,5,Neutral
C0957,53,Female,Nepal,Body Transformation,Other,Yes,85.7,Yes,No,0,3,1.71,1,0,0,5.71,6,Happy
C0958,35,Female,Nepal,Body Transformation,Instagram,Yes,92.9,Yes,No,0,3,1.86,1,0,0,5.86,6,Happy
C0959,25,Male,Nepal,Weight Gain,Referral,No,0.0,No,Yes,0,0,0.0,0,2,0,2.0,2,At Risk
C0960,50,Male,Nepal,Weight Loss,TikTok,No,0.0,No,Yes,0,0,0.0,0,2,0,2.0,2,At Risk
C0961,19,Female,USA,Weight Loss,TikTok,Partial,92.9,Yes,No,0,1,1.86,1,0,0,3.86,4,Neutral
C0962,22,Female,USA,Body Transformation,Instagram,Partial,92.9,No,No,0,1,1.86,0,0,0,2.86,3,At Risk
C0963,22,Female,Canada,Weight Gain,TikTok,No,21.4,No,No,0,0,0.43,0,0,0,0.43,0,At Risk
C0964,21,Male,Nepal,Weight Gain,TikTok,Yes,78.6,No,No,1,3,1.57,0,0,2,6.57,7,Happy
C0965,19,Female,USA,Body Transformation,Instagram,No,0.0,No,No,0,0,0.0,0,0,0,0.0,0,At Risk
C0966,45,Female,UAE,Weight Loss,Referral,Yes,78.6,Yes,No,0,3,1.57,1,0,0,5.57,6,Happy
C0967,25,Female,Australia,Weight Loss,TikTok,No,0.0,No,Yes,0,0,0.0,0,2,0,2.0,2,At Risk
C0968,58,Female,USA,Weight Gain,Referral,Yes,100.0,Yes,No,0,3,2.0,1,0,0,6.0,6,Happy
C0969,26,Male,USA,Weight Loss,TikTok,Yes,92.9,Yes,No,1,3,1.86,1,0,2,7.86,8,Happy
C0970,33,Female,Australia,Weight Loss,TikTok,No,0.0,No,Yes,0,0,0.0,0,2,0,2.0,2,At Risk
C0971,28,Female,Canada,Body Transformation,TikTok,Yes,100.0,Yes,No,1,3,2.0,1,0,2,8.0,8,Superfan
C0972,50,Male,Canada,Body Transformation,TikTok,Yes,78.6,Yes,No,0,3,1.57,1,0,0,5.57,6,Happy
C0973,38,Male,Other,Weight Loss,Instagram,Partial,100.0,Yes,No,1,1,2.0,1,0,2,6.0,6,Happy
C0974,21,Female,Australia,Weight Loss,Referral,Yes,85.7,Yes,Yes,0,3,1.71,1,2,0,7.71,8,Happy
C0975,34,Female,Other,Weight Gain,Instagram,Yes,92.9,Yes,No,0,3,1.86,1,0,0,5.86,6,Happy
C0976,24,Male,UAE,Weight Loss,Instagram,Partial,78.6,Yes,No,0,1,1.57,1,0,0,3.57,4,Neutral
C0977,23,Male,Australia,Body Transformation,Referral,Partial,100.0,Yes,Yes,1,1,2.0,1,2,2,8.0,8,Superfan
C0978,20,Female,Other,Weight Loss,TikTok,Yes,100.0,Yes,No,0,3,2.0,1,0,0,6.0,6,Happy
C0979,27,Male,Australia,Weight Loss,TikTok,Yes,92.9,Yes,No,0,3,1.86,1,0,0,5.86,6,Happy
C0980,30,Female,Australia,Weight Gain,Other,Ongoing,21.4,No,No,0,0,0.43,0,0,0,0.43,0,At Risk
C0981,26,Female,USA,Weight Gain,Referral,Yes,85.7,No,No,1,3,1.71,0,0,2,6.71,7,Happy
C0982,26,Female,USA,Body Transformation,Other,No,7.1,No,Yes,0,0,0.14,0,2,0,2.14,2,At Risk
C0983,43,Female,Nepal,Body Transformation,TikTok,Yes,78.6,No,No,0,3,1.57,0,0,0,4.57,5,Neutral
C0984,24,Male,UAE,Weight Loss,Instagram,Partial,85.7,No,No,0,1,1.71,0,0,0,2.71,3,At Risk
C0985,43,Female,USA,Weight Gain,TikTok,Yes,92.9,Yes,No,1,3,1.86,1,0,2,7.86,8,Happy
C0986,38,Female,USA,Weight Gain,TikTok,Yes,78.6,No,No,0,3,1.57,0,0,0,4.57,5,Neutral
C0987,42,Female,Australia,Body Transformation,Instagram,Yes,85.7,Yes,No,0,3,1.71,1,0,0,5.71,6,Happy
C0988,27,Male,Australia,Weight Loss,TikTok,Yes,92.9,Yes,No,0,3,1.86,1,0,0,5.86,6,Happy
C0989,56,Male,Australia,Weight Loss,Referral,Yes,85.7,Yes,No,0,3,1.71,1,0,0,5.71,6,Happy
C0990,50,Female,UAE,Weight Loss,Referral,Partial,100.0,Yes,No,0,1,2.0,1,0,0,4.0,4,Neutral
C0991,57,Female,Australia,Weight Loss,Instagram,Yes,92.9,No,No,1,3,1.86,0,0,2,6.86,7,Happy
C0992,25,Female,Nepal,Weight Loss,Referral,Partial,92.9,No,No,0,1,1.86,0,0,0,2.86,3,At Risk
C0993,35,Female,Australia,Weight Gain,Referral,Yes,78.6,Yes,No,0,3,1.57,1,0,0,5.57,6,Happy
C0994,39,Female,USA,Body Transformation,Referral,No,7.1,No,Yes,0,0,0.14,0,2,0,2.14,2,At Risk
C0995,45,Female,Australia,Weight Loss,Referral,Yes,100.0,Yes,No,0,3,2.0,1,0,0,6.0,6,Happy
C0996,18,Female,Nepal,Weight Loss,Other,No,0.0,No,Yes,0,0,0.0,0,2,0,2.0,2,At Risk
C0997,20,Female,USA,Body Transformation,TikTok,Ongoing,14.3,No,No,1,0,0.29,0,0,2,2.29,2,At Risk
C0998,20,Female,USA,Weight Loss,TikTok,Partial,78.6,No,No,0,1,1.57,0,0,0,2.57,3,At Risk
C0999,21,Female,Australia,Weight Loss,TikTok,Yes,92.9,No,No,0,3,1.86,0,0,0,4.86,5,Neutral
C1000,18,Male,Australia,Body Transformation,Referral,Partial,100.0,Yes,No,1,1,2.0,1,0,2,6.0,6,Happy
C1001,21,Female,UAE,Weight Gain,TikTok,Partial,78.6,Yes,No,0,1,1.57,1,0,0,3.57,4,Neutral
C1002,33,Female,Other,Weight Loss,TikTok,Yes,92.9,Yes,No,0,3,1.86,1,0,0,5.86,6,Happy
C1003,48,Female,Nepal,Weight Loss,Instagram,Partial,78.6,No,No,0,1,1.57,0,0,0,2.57,3,At Risk
C1004,21,Female,Australia,Body Transformation,Referral,No,0.0,No,Yes,0,0,0.0,0,2,0,2.0,2,At Risk
C1005,32,Male,USA,Weight Loss,Instagram,Partial,85.7,No,No,1,1,1.71,0,0,2,4.71,5,Neutral
C1006,32,Female,UAE,Weight Gain,TikTok,Partial,85.7,No,No,0,1,1.71,0,0,0,2.71,3,At Risk
C1007,41,Female,USA,Weight Loss,TikTok,Yes,92.9,Yes,No,0,3,1.86,1,0,0,5.86,6,Happy
C1008,36,Female,USA,Weight Loss,Instagram,Yes,78.6,Yes,No,0,3,1.57,1,0,0,5.57,6,Happy
C1009,50,Female,USA,Weight Loss,TikTok,No,7.1,No,Yes,0,0,0.14,0,2,0,2.14,2,At Risk
C1010,34,Female,Australia,Weight Loss,TikTok,Yes,85.7,Yes,No,0,3,1.71,1,0,0,5.71,6,Happy
C1011,26,Female,Nepal,Weight Loss,TikTok,Yes,100.0,Yes,No,0,3,2.0,1,0,0,6.0,6,Happy
C1012,59,Female,Australia,Weight Loss,TikTok,Yes,85.7,Yes,No,0,3,1.71,1,0,0,5.71,6,Happy
C1013,48,Male,Australia,Weight Gain,Referral,Yes,92.9,Yes,Yes,0,3,1.86,1,2,0,7.86,8,Happy
C1014,21,Male,Australia,Body Transformation,TikTok,Yes,100.0,Yes,No,0,3,2.0,1,0,0,6.0,6,Happy
C1015,23,Female,USA,Weight Loss,TikTok,Yes,100.0,Yes,No,0,3,2.0,1,0,0,6.0,6,Happy
C1016,47,Male,USA,Weight Gain,Instagram,Yes,78.6,Yes,No,1,3,1.57,1,0,2,7.57,8,Happy
C1017,32,Female,USA,Body Transformation,TikTok,Partial,78.6,Yes,No,0,1,1.57,1,0,0,3.57,4,Neutral
C1018,24,Female,USA,Weight Loss,Instagram,Partial,78.6,Yes,No,0,1,1.57,1,0,0,3.57,4,Neutral
C1019,18,Female,Nepal,Weight Loss,Instagram,Yes,85.7,No,No,1,3,1.71,0,0,2,6.71,7,Happy
C1020,41,Male,Nepal,Body Transformation,TikTok,Partial,92.9,Yes,No,0,1,1.86,1,0,0,3.86,4,Neutral
C1021,32,Female,Australia,Weight Loss,TikTok,Yes,78.6,Yes,No,0,3,1.57,1,0,0,5.57,6,Happy
C1022,22,Male,Australia,Weight Loss,Instagram,Partial,100.0,Yes,No,1,1,2.0,1,0,2,6.0,6,Happy
C1023,30,Female,Canada,Body Transformation,Instagram,Yes,78.6,Yes,No,0,3,1.57,1,0,0,5.57,6,Happy
C1024,58,Male,USA,Body Transformation,TikTok,Partial,85.7,Yes,No,0,1,1.71,1,0,0,3.71,4,Neutral
C1025,44,Female,USA,Body Transformation,TikTok,Yes,85.7,No,No,0,3,1.71,0,0,0,4.71,5,Neutral
C1026,25,Male,USA,Weight Loss,Referral,Partial,78.6,Yes,Yes,0,1,1.57,1,2,0,5.57,6,Happy
C1027,32,Female,Nepal,Weight Loss,TikTok,Partial,78.6,Yes,No,0,1,1.57,1,0,0,3.57,4,Neutral
C1028,27,Female,Nepal,Body Transformation,TikTok,Yes,85.7,Yes,No,0,3,1.71,1,0,0,5.71,6,Happy
C1029,18,Female,Australia,Body Transformation,Referral,Yes,92.9,No,Yes,1,3,1.86,0,2,2,8.86,9,Superfan
C1030,56,Female,UAE,Weight Loss,TikTok,No,7.1,No,Yes,0,0,0.14,0,2,0,2.14,2,At Risk
C1031,47,Female,Australia,Weight Gain,TikTok,Yes,85.7,Yes,No,0,3,1.71,1,0,0,5.71,6,Happy
C1032,21,Female,Australia,Weight Loss,Instagram,Ongoing,14.3,No,No,0,0,0.29,0,0,0,0.29,0,At Risk
C1033,30,Female,USA,Weight Gain,Instagram,Yes,100.0,Yes,No,1,3,2.0,1,0,2,8.0,8,Superfan
C1034,25,Female,Australia,Weight Loss,TikTok,Yes,92.9,Yes,No,1,3,1.86,1,0,2,7.86,8,Happy
C1035,29,Female,Nepal,Weight Loss,Referral,Partial,92.9,Yes,No,1,1,1.86,1,0,2,5.86,6,Happy
C1036,21,Male,Australia,Weight Gain,TikTok,Partial,100.0,Yes,No,0,1,2.0,1,0,0,4.0,4,Neutral
C1037,50,Female,USA,Weight Gain,Instagram,Ongoing,21.4,No,No,1,0,0.43,0,0,2,2.43,2,At Risk
C1038,45,Female,Australia,Weight Loss,TikTok,Yes,78.6,Yes,No,0,3,1.57,1,0,0,5.57,6,Happy
C1039,55,Male,USA,Weight Loss,TikTok,Yes,78.6,Yes,No,0,3,1.57,1,0,0,5.57,6,Happy
C1040,25,Female,USA,Body Transformation,TikTok,Yes,78.6,Yes,No,0,3,1.57,1,0,0,5.57,6,Happy
C1041,49,Female,Australia,Weight Gain,TikTok,Yes,100.0,Yes,No,0,3,2.0,1,0,0,6.0,6,Happy
C1042,34,Female,UAE,Weight Loss,Other,Partial,100.0,No,No,1,1,2.0,0,0,2,5.0,5,Happy
C1043,31,Male,USA,Weight Loss,TikTok,Partial,78.6,Yes,No,1,1,1.57,1,0,2,5.57,6,Happy
C1044,20,Male,Nepal,Weight Loss,Instagram,Partial,85.7,No,No,1,1,1.71,0,0,2,4.71,5,Neutral
C1045,60,Male,Australia,Body Transformation,TikTok,Yes,85.7,Yes,No,1,3,1.71,1,0,2,7.71,8,Happy
C1046,24,Male,Australia,Weight Gain,Other,Partial,85.7,No,No,0,1,1.71,0,0,0,2.71,3,At Risk
C1047,22,Female,Australia,Weight Loss,TikTok,Yes,100.0,Yes,No,0,3,2.0,1,0,0,6.0,6,Happy
C1048,25,Female,USA,Weight Loss,TikTok,Yes,78.6,Yes,No,0,3,1.57,1,0,0,5.57,6,Happy
C1049,19,Male,Australia,Body Transformation,TikTok,No,7.1,No,Yes,0,0,0.14,0,2,0,2.14,2,At Risk
C1050,58,Male,Nepal,Weight Gain,TikTok,Yes,100.0,Yes,No,0,3,2.0,1,0,0,6.0,6,Happy
C1051,36,Female,Nepal,Weight Gain,Other,Partial,78.6,No,No,0,1,1.57,0,0,0,2.57,3,At Risk
C1052,21,Female,USA,Body Transformation,Referral,Ongoing,14.3,No,No,0,0,0.29,0,0,0,0.29,0,At Risk
C1053,38,Female,Nepal,Weight Loss,Instagram,Yes,85.7,No,No,0,3,1.71,0,0,0,4.71,5,Neutral
C1054,21,Female,UAE,Body Transformation,Referral,Partial,78.6,Yes,No,0,1,1.57,1,0,0,3.57,4,Neutral
C1055,19,Female,USA,Weight Loss,Instagram,Yes,85.7,No,No,1,3,1.71,0,0,2,6.71,7,Happy
C1056,18,Female,UAE,Weight Loss,Referral,Ongoing,28.6,No,No,1,0,0.57,0,0,2,2.57,3,At Risk
C1057,46,Female,USA,Body Transformation,TikTok,Yes,78.6,No,No,0,3,1.57,0,0,0,4.57,5,Neutral
C1058,26,Female,UAE,Body Transformation,Referral,Yes,78.6,Yes,No,0,3,1.57,1,0,0,5.57,6,Happy
C1059,18,Female,Australia,Weight Loss,TikTok,Partial,78.6,No,No,0,1,1.57,0,0,0,2.57,3,At Risk
C1060,50,Male,Canada,Weight Loss,Referral,No,0.0,No,Yes,1,0,0.0,0,2,2,4.0,4,Neutral
C1061,30,Female,USA,Weight Loss,TikTok,Ongoing,14.3,No,No,0,0,0.29,0,0,0,0.29,0,At Risk
C1062,22,Female,Australia,Weight Loss,TikTok,Ongoing,14.3,Yes,No,0,0,0.29,1,0,0,1.29,1,At Risk
C1063,59,Female,USA,Weight Loss,Referral,Yes,78.6,Yes,No,0,3,1.57,1,0,0,5.57,6,Happy
C1064,50,Female,USA,Body Transformation,Referral,Yes,100.0,Yes,Yes,0,3,2.0,1,2,0,8.0,8,Superfan
C1065,24,Male,UAE,Weight Loss,TikTok,Yes,85.7,Yes,No,0,3,1.71,1,0,0,5.71,6,Happy
C1066,31,Female,Australia,Weight Loss,TikTok,Partial,78.6,Yes,No,0,1,1.57,1,0,0,3.57,4,Neutral
C1067,32,Female,Canada,Body Transformation,Instagram,Yes,92.9,Yes,No,0,3,1.86,1,0,0,5.86,6,Happy
C1068,26,Female,Australia,Body Transformation,TikTok,Yes,92.9,Yes,No,0,3,1.86,1,0,0,5.86,6,Happy
C1069,26,Female,UAE,Weight Gain,Referral,Yes,92.9,Yes,Yes,1,3,1.86,1,2,2,9.86,10,Superfan
C1070,21,Male,Australia,Body Transformation,Referral,Yes,100.0,Yes,No,0,3,2.0,1,0,0,6.0,6,Happy
C1071,27,Male,Australia,Weight Gain,Other,Partial,92.9,Yes,No,0,1,1.86,1,0,0,3.86,4,Neutral
C1072,37,Male,USA,Weight Loss,TikTok,Ongoing,21.4,No,No,0,0,0.43,0,0,0,0.43,0,At Risk
C1073,23,Female,Australia,Weight Gain,Referral,No,21.4,No,No,0,0,0.43,0,0,0,0.43,0,At Risk
C1074,37,Female,Australia,Weight Gain,TikTok,Yes,92.9,Yes,No,0,3,1.86,1,0,0,5.86,6,Happy
C1075,41,Male,Australia,Weight Gain,Referral,Partial,85.7,Yes,No,0,1,1.71,1,0,0,3.71,4,Neutral
C1076,44,Female,Australia,Weight Loss,TikTok,Yes,78.6,Yes,No,1,3,1.57,1,0,2,7.57,8,Happy
C1077,43,Male,USA,Weight Loss,TikTok,Ongoing,28.6,No,No,0,0,0.57,0,0,0,0.57,1,At Risk
C1078,39,Male,Nepal,Body Transformation,Instagram,Partial,85.7,Yes,No,0,1,1.71,1,0,0,3.71,4,Neutral
C1079,36,Male,Canada,Body Transformation,Referral,Partial,100.0,Yes,No,0,1,2.0,1,0,0,4.0,4,Neutral
C1080,37,Female,Australia,Weight Loss,TikTok,Yes,78.6,Yes,No,0,3,1.57,1,0,0,5.57,6,Happy
C1081,28,Female,Other,Weight Loss,Referral,Yes,78.6,Yes,No,0,3,1.57,1,0,0,5.57,6,Happy
C1082,26,Female,USA,Weight Loss,TikTok,No,0.0,No,No,0,0,0.0,0,0,0,0.0,0,At Risk
C1083,22,Female,USA,Body Transformation,Instagram,Yes,85.7,Yes,No,0,3,1.71,1,0,0,5.71,6,Happy
C1084,37,Male,USA,Weight Loss,TikTok,Partial,100.0,Yes,No,0,1,2.0,1,0,0,4.0,4,Neutral
C1085,43,Female,Australia,Weight Loss,Referral,Yes,100.0,No,No,0,3,2.0,0,0,0,5.0,5,Happy
C1086,27,Male,USA,Weight Gain,TikTok,Yes,92.9,Yes,No,0,3,1.86,1,0,0,5.86,6,Happy
C1087,26,Female,Canada,Weight Loss,Referral,Partial,85.7,Yes,No,0,1,1.71,1,0,0,3.71,4,Neutral
C1088,30,Female,Nepal,Weight Loss,Instagram,Yes,78.6,No,No,0,3,1.57,0,0,0,4.57,5,Neutral
C1089,22,Female,Australia,Weight Loss,TikTok,Yes,85.7,Yes,No,0,3,1.71,1,0,0,5.71,6,Happy
C1090,30,Female,Australia,Weight Loss,Instagram,Partial,92.9,Yes,No,0,1,1.86,1,0,0,3.86,4,Neutral
C1091,27,Male,Australia,Body Transformation,Referral,No,0.0,No,No,0,0,0.0,0,0,0,0.0,0,At Risk
C1092,34,Female,Australia,Weight Gain,TikTok,Yes,100.0,Yes,No,0,3,2.0,1,0,0,6.0,6,Happy
C1093,55,Female,Australia,Weight Gain,Referral,Yes,92.9,Yes,Yes,0,3,1.86,1,2,0,7.86,8,Happy
C1094,37,Female,UAE,Body Transformation,TikTok,Yes,92.9,Yes,No,0,3,1.86,1,0,0,5.86,6,Happy
C1095,20,Female,Nepal,Weight Loss,TikTok,Yes,85.7,Yes,No,0,3,1.71,1,0,0,5.71,6,Happy
C1096,28,Female,Nepal,Weight Loss,TikTok,Partial,100.0,Yes,No,0,1,2.0,1,0,0,4.0,4,Neutral
C1097,37,Female,Nepal,Weight Loss,TikTok,Yes,78.6,Yes,No,0,3,1.57,1,0,0,5.57,6,Happy
C1098,28,Female,Australia,Weight Loss,TikTok,No,21.4,No,No,0,0,0.43,0,0,0,0.43,0,At Risk
C1099,22,Male,USA,Weight Loss,Referral,Yes,100.0,Yes,No,0,3,2.0,1,0,0,6.0,6,Happy
C1100,45,Female,Australia,Weight Gain,Referral,Yes,78.6,Yes,No,0,3,1.57,1,0,0,5.57,6,Happy
C1101,43,Female,Australia,Weight Loss,TikTok,Ongoing,21.4,No,No,0,0,0.43,0,0,0,0.43,0,At Risk
C1102,32,Male,Australia,Body Transformation,TikTok,Partial,85.7,Yes,No,1,1,1.71,1,0,2,5.71,6,Happy
C1103,51,Male,USA,Weight Loss,TikTok,Ongoing,35.7,No,No,0,0,0.71,0,0,0,0.71,1,At Risk
C1104,20,Male,Other,Body Transformation,TikTok,No,0.0,No,Yes,0,0,0.0,0,2,0,2.0,2,At Risk
C1105,22,Female,Australia,Body Transformation,Referral,Yes,92.9,Yes,No,1,3,1.86,1,0,2,7.86,8,Happy
C1106,29,Female,Australia,Weight Loss,Referral,Yes,78.6,Yes,Yes,0,3,1.57,1,2,0,7.57,8,Happy
C1107,23,Female,Australia,Body Transformation,Other,Partial,78.6,Yes,No,0,1,1.57,1,0,0,3.57,4,Neutral
C1108,31,Female,Canada,Weight Gain,Referral,Partial,92.9,No,No,0,1,1.86,0,0,0,2.86,3,At Risk
C1109,49,Female,Other,Body Transformation,TikTok,Yes,92.9,No,No,1,3,1.86,0,0,2,6.86,7,Happy
C1110,23,Female,Nepal,Body Transformation,TikTok,Partial,100.0,Yes,No,0,1,2.0,1,0,0,4.0,4,Neutral
C1111,35,Female,Nepal,Weight Gain,TikTok,No,0.0,No,Yes,0,0,0.0,0,2,0,2.0,2,At Risk
C1112,30,Female,USA,Body Transformation,Instagram,Yes,100.0,Yes,No,0,3,2.0,1,0,0,6.0,6,Happy
C1113,36,Female,Canada,Weight Loss,Instagram,Ongoing,21.4,No,No,0,0,0.43,0,0,0,0.43,0,At Risk
C1114,27,Female,Australia,Weight Loss,Instagram,Partial,100.0,Yes,No,0,1,2.0,1,0,0,4.0,4,Neutral
C1115,48,Male,Australia,Weight Loss,Instagram,Yes,85.7,Yes,No,0,3,1.71,1,0,0,5.71,6,Happy
C1116,36,Female,USA,Weight Gain,Referral,Partial,100.0,No,No,0,1,2.0,0,0,0,3.0,3,Neutral
C1117,30,Male,Nepal,Weight Loss,Instagram,Yes,100.0,Yes,No,0,3,2.0,1,0,0,6.0,6,Happy
C1118,23,Female,Nepal,Weight Loss,Referral,Yes,92.9,Yes,Yes,1,3,1.86,1,2,2,9.86,10,Superfan
C1119,19,Female,Canada,Body Transformation,TikTok,Partial,100.0,Yes,No,0,1,2.0,1,0,0,4.0,4,Neutral
C1120,25,Female,Australia,Weight Gain,TikTok,Yes,78.6,Yes,No,0,3,1.57,1,0,0,5.57,6,Happy
C1121,29,Female,USA,Weight Loss,Instagram,No,7.1,No,Yes,1,0,0.14,0,2,2,4.14,4,Neutral
C1122,20,Female,Australia,Weight Loss,TikTok,Partial,92.9,Yes,No,1,1,1.86,1,0,2,5.86,6,Happy
C1123,35,Female,Nepal,Weight Loss,TikTok,Ongoing,21.4,No,No,0,0,0.43,0,0,0,0.43,0,At Risk
C1124,30,Female,Nepal,Weight Loss,Instagram,Yes,78.6,Yes,No,1,3,1.57,1,0,2,7.57,8,Happy
C1125,45,Female,USA,Body Transformation,TikTok,Partial,92.9,No,No,0,1,1.86,0,0,0,2.86,3,At Risk
C1126,19,Female,USA,Weight Loss,Referral,No,7.1,No,Yes,0,0,0.14,0,2,0,2.14,2,At Risk
C1127,34,Female,Nepal,Weight Loss,Instagram,Yes,85.7,Yes,No,0,3,1.71,1,0,0,5.71,6,Happy
C1128,30,Female,Nepal,Weight Gain,TikTok,No,7.1,No,Yes,0,0,0.14,0,2,0,2.14,2,At Risk
C1129,39,Female,Australia,Weight Gain,TikTok,Yes,100.0,No,No,0,3,2.0,0,0,0,5.0,5,Happy
C1130,55,Female,USA,Body Transformation,Instagram,Yes,92.9,No,No,0,3,1.86,0,0,0,4.86,5,Neutral
C1131,38,Male,Australia,Weight Loss,Instagram,Yes,92.9,Yes,No,0,3,1.86,1,0,0,5.86,6,Happy
C1132,26,Female,USA,Body Transformation,TikTok,Partial,85.7,No,No,0,1,1.71,0,0,0,2.71,3,At Risk
C1133,29,Male,USA,Body Transformation,Instagram,Partial,92.9,Yes,No,1,1,1.86,1,0,2,5.86,6,Happy
C1134,38,Female,Canada,Weight Loss,TikTok,Yes,100.0,Yes,No,0,3,2.0,1,0,0,6.0,6,Happy
C1135,45,Female,Australia,Body Transformation,TikTok,Yes,100.0,Yes,No,0,3,2.0,1,0,0,6.0,6,Happy
C1136,19,Female,Australia,Weight Loss,Referral,Yes,85.7,Yes,Yes,1,3,1.71,1,2,2,9.71,10,Superfan
C1137,26,Female,Nepal,Weight Loss,TikTok,Yes,78.6,Yes,No,0,3,1.57,1,0,0,5.57,6,Happy
C1138,19,Male,Australia,Body Transformation,TikTok,Partial,92.9,Yes,No,0,1,1.86,1,0,0,3.86,4,Neutral
C1139,31,Female,Australia,Body Transformation,Other,Yes,92.9,Yes,No,1,3,1.86,1,0,2,7.86,8,Happy
C1140,20,Male,Australia,Body Transformation,Other,Yes,92.9,Yes,No,0,3,1.86,1,0,0,5.86,6,Happy
C1141,23,Male,UAE,Body Transformation,Referral,No,7.1,Yes,Yes,0,0,0.14,1,2,0,3.14,3,Neutral
C1142,30,Female,Australia,Body Transformation,Referral,Partial,78.6,Yes,No,0,1,1.57,1,0,0,3.57,4,Neutral
C1143,30,Female,USA,Weight Gain,TikTok,Yes,78.6,Yes,No,0,3,1.57,1,0,0,5.57,6,Happy
C1144,26,Female,Other,Body Transformation,Referral,No,0.0,No,Yes,1,0,0.0,0,2,2,4.0,4,Neutral
C1145,20,Female,USA,Weight Loss,TikTok,Yes,78.6,No,No,1,3,1.57,0,0,2,6.57,7,Happy
C1146,22,Female,UAE,Body Transformation,TikTok,Partial,78.6,Yes,No,1,1,1.57,1,0,2,5.57,6,Happy
C1147,18,Female,UAE,Weight Loss,TikTok,No,7.1,Yes,No,1,0,0.14,1,0,2,3.14,3,Neutral
C1148,35,Female,Australia,Body Transformation,Referral,Yes,78.6,No,Yes,0,3,1.57,0,2,0,6.57,7,Happy
C1149,23,Male,Australia,Weight Loss,TikTok,No,21.4,No,Yes,0,0,0.43,0,2,0,2.43,2,At Risk
C1150,32,Female,Australia,Body Transformation,TikTok,No,7.1,No,No,1,0,0.14,0,0,2,2.14,2,At Risk
C1151,42,Male,Australia,Body Transformation,Referral,No,0.0,No,Yes,0,0,0.0,0,2,0,2.0,2,At Risk
C1152,52,Female,Australia,Body Transformation,TikTok,Yes,92.9,Yes,No,1,3,1.86,1,0,2,7.86,8,Happy
C1153,35,Female,USA,Body Transformation,TikTok,No,0.0,No,No,0,0,0.0,0,0,0,0.0,0,At Risk
C1154,26,Female,USA,Weight Loss,Other,Ongoing,14.3,No,No,0,0,0.29,0,0,0,0.29,0,At Risk
C1155,20,Female,Canada,Weight Gain,Instagram,No,14.3,No,No,0,0,0.29,0,0,0,0.29,0,At Risk
C1156,43,Female,USA,Body Transformation,TikTok,Partial,85.7,Yes,No,1,1,1.71,1,0,2,5.71,6,Happy
C1157,54,Female,Australia,Weight Loss,Referral,Ongoing,14.3,No,No,0,0,0.29,0,0,0,0.29,0,At Risk
C1158,30,Male,Australia,Weight Loss,TikTok,Yes,78.6,Yes,No,0,3,1.57,1,0,0,5.57,6,Happy
C1159,37,Female,Nepal,Weight Loss,Instagram,Yes,85.7,Yes,No,0,3,1.71,1,0,0,5.71,6,Happy
C1160,32,Female,Other,Weight Gain,TikTok,Partial,85.7,Yes,No,1,1,1.71,1,0,2,5.71,6,Happy
C1161,36,Female,USA,Weight Gain,Instagram,Yes,85.7,Yes,No,0,3,1.71,1,0,0,5.71,6,Happy
C1162,22,Male,Nepal,Weight Loss,TikTok,Yes,100.0,Yes,No,0,3,2.0,1,0,0,6.0,6,Happy
C1163,36,Female,USA,Weight Loss,TikTok,Yes,78.6,Yes,No,0,3,1.57,1,0,0,5.57,6,Happy
C1164,38,Male,Australia,Body Transformation,TikTok,Yes,100.0,Yes,No,0,3,2.0,1,0,0,6.0,6,Happy
C1165,22,Female,Australia,Weight Loss,Instagram,Ongoing,28.6,No,No,0,0,0.57,0,0,0,0.57,1,At Risk
C1166,35,Female,USA,Weight Gain,TikTok,Yes,78.6,Yes,No,1,3,1.57,1,0,2,7.57,8,Happy
C1167,24,Female,Nepal,Weight Loss,TikTok,Ongoing,14.3,No,No,0,0,0.29,0,0,0,0.29,0,At Risk
C1168,30,Female,Nepal,Body Transformation,Referral,Partial,92.9,Yes,No,0,1,1.86,1,0,0,3.86,4,Neutral
C1169,44,Female,USA,Weight Loss,TikTok,Yes,85.7,Yes,No,0,3,1.71,1,0,0,5.71,6,Happy
C1170,42,Female,Canada,Body Transformation,TikTok,Yes,78.6,Yes,No,0,3,1.57,1,0,0,5.57,6,Happy
C1171,49,Male,USA,Weight Loss,TikTok,Partial,85.7,Yes,No,0,1,1.71,1,0,0,3.71,4,Neutral
C1172,36,Female,UAE,Body Transformation,Referral,Yes,100.0,Yes,No,0,3,2.0,1,0,0,6.0,6,Happy
C1173,28,Female,UAE,Body Transformation,Instagram,Yes,85.7,Yes,No,0,3,1.71,1,0,0,5.71,6,Happy
C1174,25,Female,Australia,Body Transformation,Referral,Yes,100.0,Yes,No,0,3,2.0,1,0,0,6.0,6,Happy
C1175,53,Male,Canada,Weight Gain,Referral,Partial,100.0,No,Yes,1,1,2.0,0,2,2,7.0,7,Happy
C1176,48,Female,USA,Weight Gain,TikTok,Ongoing,14.3,No,No,0,0,0.29,0,0,0,0.29,0,At Risk
C1177,20,Female,USA,Weight Loss,TikTok,Partial,78.6,Yes,No,0,1,1.57,1,0,0,3.57,4,Neutral
C1178,31,Female,UAE,Weight Loss,Other,No,14.3,No,No,0,0,0.29,0,0,0,0.29,0,At Risk
C1179,24,Female,UAE,Weight Loss,TikTok,Partial,100.0,Yes,No,1,1,2.0,1,0,2,6.0,6,Happy
C1180,33,Female,USA,Body Transformation,TikTok,Yes,85.7,No,No,0,3,1.71,0,0,0,4.71,5,Neutral
C1181,29,Female,USA,Weight Loss,TikTok,Yes,92.9,No,No,0,3,1.86,0,0,0,4.86,5,Neutral
C1182,25,Female,Nepal,Weight Loss,Other,Yes,100.0,Yes,No,1,3,2.0,1,0,2,8.0,8,Superfan
C1183,39,Female,Australia,Body Transformation,Referral,Partial,100.0,Yes,No,0,1,2.0,1,0,0,4.0,4,Neutral
C1184,28,Male,Australia,Weight Loss,Other,Partial,85.7,No,No,0,1,1.71,0,0,0,2.71,3,At Risk
C1185,46,Female,UAE,Weight Loss,Instagram,Partial,92.9,Yes,No,0,1,1.86,1,0,0,3.86,4,Neutral
C1186,53,Female,Australia,Weight Loss,Referral,Yes,92.9,Yes,No,0,3,1.86,1,0,0,5.86,6,Happy
C1187,46,Female,USA,Weight Loss,TikTok,Yes,85.7,Yes,No,0,3,1.71,1,0,0,5.71,6,Happy
C1188,22,Male,Nepal,Body Transformation,Referral,Yes,85.7,Yes,Yes,0,3,1.71,1,2,0,7.71,8,Happy
C1189,28,Male,Australia,Weight Gain,Instagram,Partial,78.6,Yes,No,0,1,1.57,1,0,0,3.57,4,Neutral
C1190,20,Female,USA,Weight Gain,TikTok,Ongoing,28.6,No,No,0,0,0.57,0,0,0,0.57,1,At Risk
C1191,37,Female,Australia,Body Transformation,TikTok,Partial,92.9,Yes,No,0,1,1.86,1,0,0,3.86,4,Neutral
C1192,52,Male,UAE,Weight Loss,TikTok,Yes,78.6,No,No,0,3,1.57,0,0,0,4.57,5,Neutral
C1193,24,Female,Australia,Weight Loss,TikTok,Partial,92.9,No,No,0,1,1.86,0,0,0,2.86,3,At Risk
C1194,38,Female,USA,Weight Loss,TikTok,Yes,78.6,Yes,No,0,3,1.57,1,0,0,5.57,6,Happy
C1195,38,Female,USA,Body Transformation,Instagram,Yes,85.7,Yes,No,0,3,1.71,1,0,0,5.71,6,Happy
C1196,29,Female,Nepal,Weight Loss,TikTok,Yes,100.0,Yes,No,0,3,2.0,1,0,0,6.0,6,Happy
C1197,19,Female,USA,Body Transformation,Referral,Ongoing,21.4,No,No,0,0,0.43,0,0,0,0.43,0,At Risk
C1198,47,Male,Australia,Weight Loss,Referral,Partial,78.6,Yes,No,0,1,1.57,1,0,0,3.57,4,Neutral
C1199,45,Female,USA,Weight Loss,TikTok,Ongoing,28.6,No,No,0,0,0.57,0,0,0,0.57,1,At Risk
C1200,29,Female,Australia,Weight Loss,TikTok,Yes,100.0,Yes,No,0,3,2.0,1,0,0,6.0,6,Happy
C1201,30,Male,Nepal,Weight Gain,TikTok,Partial,92.9,No,No,1,1,1.86,0,0,2,4.86,5,Neutral
C1202,28,Female,Australia,Weight Loss,TikTok,Yes,85.7,Yes,No,0,3,1.71,1,0,0,5.71,6,Happy
C1203,52,Female,USA,Weight Loss,TikTok,Partial,100.0,Yes,No,0,1,2.0,1,0,0,4.0,4,Neutral
C1204,29,Female,USA,Body Transformation,TikTok,Partial,85.7,Yes,No,0,1,1.71,1,0,0,3.71,4,Neutral
C1205,44,Male,USA,Weight Loss,Other,Partial,92.9,Yes,No,0,1,1.86,1,0,0,3.86,4,Neutral
C1206,29,Female,Australia,Weight Loss,Referral,Partial,100.0,Yes,No,1,1,2.0,1,0,2,6.0,6,Happy
C1207,28,Female,USA,Body Transformation,Referral,Partial,85.7,Yes,No,0,1,1.71,1,0,0,3.71,4,Neutral
C1208,27,Female,Nepal,Body Transformation,Referral,Partial,78.6,No,Yes,0,1,1.57,0,2,0,4.57,5,Neutral
C1209,44,Female,Australia,Body Transformation,TikTok,Partial,100.0,Yes,No,0,1,2.0,1,0,0,4.0,4,Neutral
C1210,28,Female,USA,Weight Gain,Other,Yes,100.0,No,No,0,3,2.0,0,0,0,5.0,5,Happy
C1211,36,Female,Other,Body Transformation,Referral,Yes,92.9,No,Yes,1,3,1.86,0,2,2,8.86,9,Superfan
C1212,22,Female,USA,Body Transformation,Referral,Yes,92.9,Yes,Yes,0,3,1.86,1,2,0,7.86,8,Happy
C1213,27,Female,Nepal,Weight Gain,TikTok,Yes,92.9,Yes,No,0,3,1.86,1,0,0,5.86,6,Happy
C1214,25,Male,Nepal,Body Transformation,Referral,Yes,78.6,Yes,Yes,1,3,1.57,1,2,2,9.57,10,Superfan
C1215,30,Male,Australia,Weight Loss,Referral,Yes,78.6,Yes,No,0,3,1.57,1,0,0,5.57,6,Happy
C1216,35,Female,UAE,Weight Gain,TikTok,Yes,100.0,Yes,No,0,3,2.0,1,0,0,6.0,6,Happy
C1217,30,Male,UAE,Body Transformation,Other,Yes,100.0,No,No,1,3,2.0,0,0,2,7.0,7,Happy
C1218,31,Female,Australia,Weight Gain,TikTok,Yes,92.9,Yes,No,0,3,1.86,1,0,0,5.86,6,Happy
C1219,26,Female,Australia,Weight Loss,Instagram,Yes,78.6,Yes,No,1,3,1.57,1,0,2,7.57,8,Happy
C1220,37,Female,Australia,Weight Loss,TikTok,Yes,85.7,Yes,No,1,3,1.71,1,0,2,7.71,8,Happy
C1221,19,Female,UAE,Body Transformation,TikTok,Partial,85.7,Yes,No,0,1,1.71,1,0,0,3.71,4,Neutral
C1222,27,Female,Canada,Weight Loss,Referral,Partial,85.7,Yes,No,0,1,1.71,1,0,0,3.71,4,Neutral
C1223,21,Female,USA,Body Transformation,TikTok,Partial,85.7,Yes,No,0,1,1.71,1,0,0,3.71,4,Neutral
C1224,27,Female,USA,Weight Gain,Referral,Yes,78.6,Yes,Yes,0,3,1.57,1,2,0,7.57,8,Happy
C1225,34,Female,UAE,Body Transformation,Instagram,Yes,85.7,Yes,No,0,3,1.71,1,0,0,5.71,6,Happy
C1226,33,Female,USA,Body Transformation,Instagram,Yes,78.6,Yes,No,0,3,1.57,1,0,0,5.57,6,Happy
C1227,30,Female,Australia,Weight Gain,Instagram,Yes,78.6,Yes,No,0,3,1.57,1,0,0,5.57,6,Happy
C1228,23,Female,Australia,Weight Loss,Other,Partial,92.9,Yes,No,0,1,1.86,1,0,0,3.86,4,Neutral
C1229,34,Male,Australia,Weight Gain,Instagram,No,0.0,No,No,0,0,0.0,0,0,0,0.0,0,At Risk
C1230,49,Female,Nepal,Weight Gain,TikTok,Yes,78.6,Yes,No,0,3,1.57,1,0,0,5.57,6,Happy
C1231,27,Female,USA,Body Transformation,TikTok,Partial,78.6,No,No,0,1,1.57,0,0,0,2.57,3,At Risk
C1232,48,Female,Australia,Body Transformation,Referral,Yes,92.9,Yes,No,1,3,1.86,1,0,2,7.86,8,Happy
C1233,40,Female,UAE,Weight Gain,TikTok,Yes,85.7,Yes,No,0,3,1.71,1,0,0,5.71,6,Happy
C1234,45,Male,Australia,Weight Loss,Instagram,Yes,78.6,Yes,No,0,3,1.57,1,0,0,5.57,6,Happy
C1235,48,Male,UAE,Body Transformation,Instagram,Ongoing,14.3,No,No,0,0,0.29,0,0,0,0.29,0,At Risk
C1236,26,Female,Nepal,Weight Loss,TikTok,Partial,78.6,Yes,No,0,1,1.57,1,0,0,3.57,4,Neutral
C1237,31,Female,Nepal,Weight Loss,TikTok,No,0.0,No,Yes,0,0,0.0,0,2,0,2.0,2,At Risk
C1238,38,Male,UAE,Weight Loss,TikTok,No,7.1,No,Yes,1,0,0.14,0,2,2,4.14,4,Neutral
C1239,39,Female,USA,Weight Loss,Referral,Partial,85.7,Yes,No,1,1,1.71,1,0,2,5.71,6,Happy
C1240,30,Female,USA,Weight Loss,TikTok,Yes,78.6,Yes,No,0,3,1.57,1,0,0,5.57,6,Happy
C1241,43,Male,Australia,Body Transformation,TikTok,Yes,100.0,Yes,No,0,3,2.0,1,0,0,6.0,6,Happy
C1242,44,Female,USA,Body Transformation,TikTok,Yes,92.9,Yes,No,0,3,1.86,1,0,0,5.86,6,Happy
C1243,53,Male,USA,Body Transformation,Instagram,Partial,92.9,Yes,No,0,1,1.86,1,0,0,3.86,4,Neutral
C1244,57,Female,USA,Body Transformation,TikTok,Ongoing,21.4,No,No,1,0,0.43,0,0,2,2.43,2,At Risk
C1245,35,Female,USA,Body Transformation,Referral,Partial,85.7,Yes,No,0,1,1.71,1,0,0,3.71,4,Neutral
C1246,50,Female,USA,Weight Loss,TikTok,Partial,92.9,No,No,0,1,1.86,0,0,0,2.86,3,At Risk
C1247,36,Female,Canada,Weight Loss,Other,Ongoing,14.3,No,No,1,0,0.29,0,0,2,2.29,2,At Risk
C1248,28,Female,Nepal,Weight Loss,TikTok,Yes,100.0,Yes,No,0,3,2.0,1,0,0,6.0,6,Happy
C1249,25,Male,Canada,Weight Gain,TikTok,Yes,85.7,Yes,No,0,3,1.71,1,0,0,5.71,6,Happy
C1250,33,Female,USA,Body Transformation,Referral,Partial,92.9,Yes,No,0,1,1.86,1,0,0,3.86,4,Neutral
C1251,36,Female,Australia,Weight Loss,TikTok,Yes,78.6,No,No,0,3,1.57,0,0,0,4.57,5,Neutral
C1252,27,Female,Other,Body Transformation,Referral,No,0.0,No,Yes,0,0,0.0,0,2,0,2.0,2,At Risk
C1253,36,Female,Canada,Weight Loss,TikTok,Yes,78.6,Yes,No,0,3,1.57,1,0,0,5.57,6,Happy
C1254,30,Female,Other,Weight Loss,Referral,Yes,85.7,Yes,Yes,0,3,1.71,1,2,0,7.71,8,Happy
C1255,43,Male,USA,Weight Loss,TikTok,Yes,85.7,Yes,No,0,3,1.71,1,0,0,5.71,6,Happy
C1256,51,Male,Australia,Weight Gain,Referral,Partial,100.0,Yes,No,0,1,2.0,1,0,0,4.0,4,Neutral
C1257,38,Male,Nepal,Body Transformation,TikTok,Yes,85.7,Yes,No,0,3,1.71,1,0,0,5.71,6,Happy
C1258,31,Female,Australia,Weight Loss,TikTok,No,7.1,No,Yes,0,0,0.14,0,2,0,2.14,2,At Risk
C1259,34,Female,Nepal,Weight Loss,Instagram,Partial,92.9,Yes,No,0,1,1.86,1,0,0,3.86,4,Neutral
C1260,26,Male,Australia,Weight Gain,Referral,Yes,85.7,Yes,No,0,3,1.71,1,0,0,5.71,6,Happy
C1261,37,Female,Australia,Body Transformation,TikTok,Yes,92.9,Yes,No,0,3,1.86,1,0,0,5.86,6,Happy
C1262,29,Male,Australia,Weight Loss,Instagram,Partial,100.0,No,No,0,1,2.0,0,0,0,3.0,3,Neutral
C1263,56,Female,USA,Body Transformation,Referral,Yes,92.9,Yes,Yes,0,3,1.86,1,2,0,7.86,8,Happy
C1264,37,Female,USA,Weight Gain,Referral,Yes,92.9,Yes,Yes,0,3,1.86,1,2,0,7.86,8,Happy
C1265,37,Male,Australia,Weight Gain,TikTok,Ongoing,14.3,No,No,0,0,0.29,0,0,0,0.29,0,At Risk
C1266,19,Male,Australia,Weight Loss,TikTok,Partial,85.7,Yes,No,0,1,1.71,1,0,0,3.71,4,Neutral
C1267,49,Female,Australia,Weight Loss,TikTok,Yes,92.9,Yes,No,1,3,1.86,1,0,2,7.86,8,Happy
C1268,31,Male,Australia,Weight Loss,TikTok,Partial,100.0,Yes,No,0,1,2.0,1,0,0,4.0,4,Neutral
C1269,25,Female,USA,Body Transformation,TikTok,Yes,100.0,Yes,No,0,3,2.0,1,0,0,6.0,6,Happy
C1270,30,Female,Nepal,Weight Loss,Referral,Yes,92.9,Yes,No,0,3,1.86,1,0,0,5.86,6,Happy
C1271,47,Female,Other,Weight Loss,TikTok,Yes,92.9,Yes,No,1,3,1.86,1,0,2,7.86,8,Happy
C1272,31,Male,UAE,Body Transformation,TikTok,Yes,85.7,Yes,No,0,3,1.71,1,0,0,5.71,6,Happy
C1273,36,Female,Australia,Weight Gain,Referral,No,7.1,No,No,1,0,0.14,0,0,2,2.14,2,At Risk
C1274,49,Female,Australia,Weight Loss,TikTok,No,0.0,No,No,0,0,0.0,0,0,0,0.0,0,At Risk
C1275,37,Female,USA,Weight Loss,Instagram,Yes,85.7,Yes,No,0,3,1.71,1,0,0,5.71,6,Happy
C1276,57,Female,Nepal,Weight Loss,Instagram,Yes,100.0,Yes,No,0,3,2.0,1,0,0,6.0,6,Happy
C1277,36,Female,Australia,Body Transformation,TikTok,Partial,100.0,Yes,No,1,1,2.0,1,0,2,6.0,6,Happy
C1278,41,Female,USA,Weight Gain,Instagram,Yes,100.0,No,No,0,3,2.0,0,0,0,5.0,5,Happy
C1279,60,Female,USA,Weight Loss,TikTok,Yes,92.9,Yes,No,0,3,1.86,1,0,0,5.86,6,Happy
C1280,28,Female,Nepal,Body Transformation,Instagram,Partial,100.0,Yes,No,0,1,2.0,1,0,0,4.0,4,Neutral
C1281,28,Female,Nepal,Weight Gain,Referral,Yes,85.7,No,No,1,3,1.71,0,0,2,6.71,7,Happy
C1282,35,Female,Australia,Weight Loss,Referral,Yes,92.9,No,No,0,3,1.86,0,0,0,4.86,5,Neutral
C1283,24,Female,Australia,Weight Loss,TikTok,Partial,92.9,Yes,No,1,1,1.86,1,0,2,5.86,6,Happy
C1284,27,Female,USA,Weight Loss,Other,Partial,85.7,Yes,No,1,1,1.71,1,0,2,5.71,6,Happy
C1285,29,Female,Australia,Body Transformation,TikTok,Yes,100.0,No,No,0,3,2.0,0,0,0,5.0,5,Happy
C1286,21,Female,USA,Weight Gain,TikTok,Partial,100.0,No,No,1,1,2.0,0,0,2,5.0,5,Happy
C1287,47,Female,USA,Weight Loss,Instagram,Yes,92.9,Yes,No,1,3,1.86,1,0,2,7.86,8,Happy
C1288,19,Female,Australia,Body Transformation,TikTok,Yes,78.6,Yes,No,0,3,1.57,1,0,0,5.57,6,Happy
C1289,32,Female,USA,Weight Loss,Referral,Partial,85.7,Yes,Yes,0,1,1.71,1,2,0,5.71,6,Happy
C1290,35,Male,UAE,Body Transformation,Referral,Yes,92.9,Yes,Yes,0,3,1.86,1,2,0,7.86,8,Happy
C1291,29,Male,Nepal,Weight Loss,Other,Partial,100.0,Yes,No,0,1,2.0,1,0,0,4.0,4,Neutral
C1292,43,Female,USA,Weight Loss,Instagram,Partial,92.9,Yes,No,0,1,1.86,1,0,0,3.86,4,Neutral
C1293,26,Male,Nepal,Weight Loss,Referral,Partial,92.9,Yes,No,0,1,1.86,1,0,0,3.86,4,Neutral
C1294,29,Female,Nepal,Body Transformation,TikTok,Partial,100.0,Yes,No,1,1,2.0,1,0,2,6.0,6,Happy
C1295,36,Male,Australia,Weight Gain,Instagram,Partial,85.7,Yes,No,0,1,1.71,1,0,0,3.71,4,Neutral
C1296,29,Male,Australia,Body Transformation,Referral,Yes,78.6,No,No,0,3,1.57,0,0,0,4.57,5,Neutral
C1297,50,Female,USA,Weight Loss,TikTok,No,7.1,No,No,0,0,0.14,0,0,0,0.14,0,At Risk
C1298,18,Female,Australia,Weight Loss,Referral,Yes,100.0,Yes,No,0,3,2.0,1,0,0,6.0,6,Happy
C1299,35,Male,Other,Body Transformation,TikTok,Yes,85.7,Yes,No,0,3,1.71,1,0,0,5.71,6,Happy
C1300,32,Male,Nepal,Weight Gain,TikTok,Yes,100.0,No,No,0,3,2.0,0,0,0,5.0,5,Happy
C1301,37,Female,Nepal,Body Transformation,TikTok,Yes,92.9,Yes,No,0,3,1.86,1,0,0,5.86,6,Happy
C1302,32,Female,USA,Weight Loss,TikTok,No,0.0,No,No,0,0,0.0,0,0,0,0.0,0,At Risk
C1303,23,Female,Nepal,Body Transformation,Instagram,No,7.1,No,Yes,0,0,0.14,0,2,0,2.14,2,At Risk
C1304,42,Female,Australia,Body Transformation,Referral,Partial,100.0,Yes,No,0,1,2.0,1,0,0,4.0,4,Neutral
C1305,39,Male,Australia,Weight Loss,Instagram,Ongoing,21.4,Yes,No,0,0,0.43,1,0,0,1.43,1,At Risk
C1306,25,Female,Nepal,Weight Loss,TikTok,Yes,78.6,Yes,No,0,3,1.57,1,0,0,5.57,6,Happy
C1307,22,Female,Nepal,Weight Loss,Instagram,Partial,85.7,Yes,No,0,1,1.71,1,0,0,3.71,4,Neutral
C1308,38,Male,USA,Body Transformation,TikTok,Yes,85.7,Yes,No,0,3,1.71,1,0,0,5.71,6,Happy
C1309,34,Male,Australia,Weight Gain,TikTok,Yes,100.0,Yes,No,0,3,2.0,1,0,0,6.0,6,Happy
C1310,19,Male,USA,Weight Loss,Referral,Yes,92.9,Yes,Yes,0,3,1.86,1,2,0,7.86,8,Happy
C1311,38,Female,Nepal,Body Transformation,Instagram,Yes,85.7,Yes,No,1,3,1.71,1,0,2,7.71,8,Happy
C1312,25,Female,Australia,Weight Loss,Instagram,Yes,78.6,Yes,No,1,3,1.57,1,0,2,7.57,8,Happy
C1313,30,Male,Nepal,Weight Loss,Referral,Partial,78.6,Yes,No,0,1,1.57,1,0,0,3.57,4,Neutral
C1314,19,Female,Nepal,Weight Loss,TikTok,Yes,85.7,Yes,No,1,3,1.71,1,0,2,7.71,8,Happy
C1315,44,Female,Nepal,Weight Gain,TikTok,Yes,92.9,Yes,No,0,3,1.86,1,0,0,5.86,6,Happy
C1316,25,Male,USA,Weight Loss,TikTok,Partial,78.6,Yes,No,0,1,1.57,1,0,0,3.57,4,Neutral
C1317,49,Female,Australia,Weight Loss,Referral,Partial,78.6,Yes,No,0,1,1.57,1,0,0,3.57,4,Neutral
C1318,31,Female,Australia,Weight Loss,TikTok,Yes,92.9,Yes,No,0,3,1.86,1,0,0,5.86,6,Happy
C1319,28,Male,Nepal,Weight Loss,TikTok,Yes,100.0,Yes,No,1,3,2.0,1,0,2,8.0,8,Superfan
C1320,55,Female,USA,Weight Gain,Other,Partial,100.0,Yes,No,0,1,2.0,1,0,0,4.0,4,Neutral
C1321,25,Male,UAE,Weight Loss,Instagram,Partial,92.9,Yes,No,0,1,1.86,1,0,0,3.86,4,Neutral
C1322,49,Female,USA,Weight Gain,TikTok,Yes,78.6,Yes,No,0,3,1.57,1,0,0,5.57,6,Happy
C1323,26,Male,Nepal,Body Transformation,Referral,Yes,92.9,No,Yes,0,3,1.86,0,2,0,6.86,7,Happy
C1324,18,Female,Australia,Weight Gain,TikTok,Yes,100.0,Yes,No,0,3,2.0,1,0,0,6.0,6,Happy
C1325,29,Male,Australia,Weight Loss,TikTok,Partial,85.7,No,No,0,1,1.71,0,0,0,2.71,3,At Risk
C1326,50,Male,USA,Body Transformation,Referral,Yes,100.0,Yes,No,1,3,2.0,1,0,2,8.0,8,Superfan
C1327,55,Female,Other,Body Transformation,TikTok,Partial,78.6,Yes,No,0,1,1.57,1,0,0,3.57,4,Neutral
C1328,32,Female,Australia,Weight Gain,TikTok,Partial,92.9,Yes,No,0,1,1.86,1,0,0,3.86,4,Neutral
C1329,35,Female,Australia,Body Transformation,TikTok,Partial,92.9,Yes,No,1,1,1.86,1,0,2,5.86,6,Happy
C1330,41,Female,Australia,Weight Gain,TikTok,Yes,92.9,Yes,No,0,3,1.86,1,0,0,5.86,6,Happy
C1331,30,Male,Australia,Weight Loss,Instagram,Yes,100.0,No,No,0,3,2.0,0,0,0,5.0,5,Happy
C1332,40,Female,Nepal,Weight Loss,TikTok,Partial,92.9,Yes,No,0,1,1.86,1,0,0,3.86,4,Neutral
C1333,20,Female,USA,Weight Loss,Referral,Partial,100.0,Yes,Yes,1,1,2.0,1,2,2,8.0,8,Superfan
C1334,27,Female,Other,Weight Loss,Referral,Yes,100.0,No,No,1,3,2.0,0,0,2,7.0,7,Happy
C1335,48,Female,Australia,Weight Loss,TikTok,No,0.0,Yes,Yes,0,0,0.0,1,2,0,3.0,3,Neutral
C1336,26,Female,USA,Body Transformation,Referral,Partial,100.0,Yes,No,0,1,2.0,1,0,0,4.0,4,Neutral
C1337,35,Female,Australia,Weight Loss,Referral,Partial,78.6,Yes,No,0,1,1.57,1,0,0,3.57,4,Neutral
C1338,20,Female,Australia,Body Transformation,TikTok,No,0.0,No,No,1,0,0.0,0,0,2,2.0,2,At Risk
C1339,35,Male,Canada,Weight Gain,Referral,Yes,85.7,Yes,Yes,0,3,1.71,1,2,0,7.71,8,Happy
C1340,30,Female,Nepal,Weight Gain,TikTok,Yes,100.0,Yes,No,0,3,2.0,1,0,0,6.0,6,Happy
C1341,26,Female,USA,Weight Gain,Referral,Partial,92.9,Yes,Yes,0,1,1.86,1,2,0,5.86,6,Happy
C1342,23,Female,UAE,Weight Loss,Instagram,Partial,78.6,Yes,No,0,1,1.57,1,0,0,3.57,4,Neutral
C1343,20,Male,Canada,Body Transformation,Referral,Yes,85.7,Yes,Yes,0,3,1.71,1,2,0,7.71,8,Happy
C1344,25,Female,Nepal,Weight Gain,Other,Ongoing,35.7,No,No,0,0,0.71,0,0,0,0.71,1,At Risk
C1345,59,Female,UAE,Weight Loss,TikTok,Partial,85.7,Yes,No,0,1,1.71,1,0,0,3.71,4,Neutral
C1346,24,Female,USA,Body Transformation,TikTok,Yes,92.9,Yes,No,0,3,1.86,1,0,0,5.86,6,Happy
C1347,58,Female,Australia,Weight Loss,Referral,Partial,78.6,Yes,No,0,1,1.57,1,0,0,3.57,4,Neutral
C1348,29,Female,USA,Weight Loss,Referral,Yes,92.9,Yes,No,0,3,1.86,1,0,0,5.86,6,Happy
C1349,23,Female,Australia,Body Transformation,TikTok,Yes,92.9,No,No,1,3,1.86,0,0,2,6.86,7,Happy
C1350,29,Female,Australia,Weight Loss,TikTok,Yes,78.6,No,No,0,3,1.57,0,0,0,4.57,5,Neutral
C1351,44,Female,UAE,Weight Gain,TikTok,Partial,85.7,Yes,No,0,1,1.71,1,0,0,3.71,4,Neutral
C1352,31,Female,Australia,Weight Loss,Referral,Partial,100.0,Yes,No,1,1,2.0,1,0,2,6.0,6,Happy
C1353,25,Male,USA,Weight Loss,Referral,Yes,100.0,Yes,No,0,3,2.0,1,0,0,6.0,6,Happy
C1354,38,Female,Nepal,Body Transformation,Referral,Partial,100.0,No,No,0,1,2.0,0,0,0,3.0,3,Neutral
C1355,50,Female,Nepal,Body Transformation,TikTok,Yes,92.9,Yes,No,0,3,1.86,1,0,0,5.86,6,Happy
C1356,32,Male,USA,Weight Loss,TikTok,No,7.1,No,Yes,0,0,0.14,0,2,0,2.14,2,At Risk
C1357,53,Female,Other,Weight Loss,TikTok,Yes,78.6,Yes,No,0,3,1.57,1,0,0,5.57,6,Happy
C1358,53,Male,Australia,Weight Gain,Other,Yes,85.7,Yes,No,0,3,1.71,1,0,0,5.71,6,Happy
C1359,26,Female,Australia,Weight Gain,Instagram,Ongoing,14.3,No,No,0,0,0.29,0,0,0,0.29,0,At Risk
C1360,39,Female,Nepal,Weight Loss,TikTok,Partial,100.0,Yes,No,0,1,2.0,1,0,0,4.0,4,Neutral
C1361,23,Female,Nepal,Body Transformation,TikTok,Yes,78.6,Yes,No,0,3,1.57,1,0,0,5.57,6,Happy
C1362,59,Male,Canada,Weight Loss,TikTok,No,7.1,Yes,Yes,0,0,0.14,1,2,0,3.14,3,Neutral
C1363,50,Male,Australia,Weight Loss,TikTok,Yes,100.0,Yes,No,0,3,2.0,1,0,0,6.0,6,Happy
C1364,40,Female,Australia,Weight Gain,TikTok,Yes,78.6,Yes,No,0,3,1.57,1,0,0,5.57,6,Happy
C1365,56,Female,Nepal,Body Transformation,TikTok,Yes,85.7,Yes,No,0,3,1.71,1,0,0,5.71,6,Happy
C1366,46,Female,Canada,Weight Loss,Referral,Yes,100.0,Yes,No,0,3,2.0,1,0,0,6.0,6,Happy
C1367,48,Male,UAE,Body Transformation,TikTok,Partial,85.7,Yes,No,0,1,1.71,1,0,0,3.71,4,Neutral
C1368,19,Female,Australia,Weight Loss,Referral,Partial,92.9,Yes,No,0,1,1.86,1,0,0,3.86,4,Neutral
C1369,50,Female,USA,Weight Gain,TikTok,Partial,78.6,Yes,No,0,1,1.57,1,0,0,3.57,4,Neutral
C1370,41,Female,Australia,Weight Gain,Instagram,Yes,85.7,No,No,0,3,1.71,0,0,0,4.71,5,Neutral
C1371,25,Female,USA,Body Transformation,TikTok,Partial,78.6,No,No,0,1,1.57,0,0,0,2.57,3,At Risk
C1372,33,Male,USA,Body Transformation,Referral,Partial,85.7,No,No,0,1,1.71,0,0,0,2.71,3,At Risk
C1373,25,Female,Australia,Weight Gain,Referral,No,7.1,No,No,1,0,0.14,0,0,2,2.14,2,At Risk
C1374,43,Female,USA,Weight Gain,Instagram,Ongoing,21.4,No,No,0,0,0.43,0,0,0,0.43,0,At Risk
C1375,46,Female,Australia,Body Transformation,Instagram,Partial,92.9,No,No,0,1,1.86,0,0,0,2.86,3,At Risk
C1376,27,Male,USA,Weight Gain,TikTok,Yes,85.7,Yes,No,1,3,1.71,1,0,2,7.71,8,Happy
C1377,33,Female,Australia,Weight Loss,TikTok,Yes,100.0,No,No,1,3,2.0,0,0,2,7.0,7,Happy
C1378,28,Female,USA,Weight Gain,TikTok,Yes,78.6,Yes,No,0,3,1.57,1,0,0,5.57,6,Happy
C1379,38,Male,USA,Body Transformation,Instagram,Ongoing,28.6,No,No,0,0,0.57,0,0,0,0.57,1,At Risk
C1380,31,Female,Nepal,Weight Loss,Instagram,Yes,85.7,Yes,No,1,3,1.71,1,0,2,7.71,8,Happy
C1381,24,Female,USA,Weight Loss,TikTok,Partial,92.9,Yes,No,0,1,1.86,1,0,0,3.86,4,Neutral
C1382,26,Male,USA,Body Transformation,Referral,Partial,92.9,No,No,0,1,1.86,0,0,0,2.86,3,At Risk
C1383,45,Male,USA,Weight Loss,TikTok,Partial,85.7,Yes,No,0,1,1.71,1,0,0,3.71,4,Neutral
C1384,25,Female,USA,Weight Loss,Other,Yes,85.7,Yes,No,0,3,1.71,1,0,0,5.71,6,Happy
C1385,30,Female,Nepal,Weight Loss,TikTok,Yes,92.9,Yes,No,0,3,1.86,1,0,0,5.86,6,Happy
C1386,51,Male,Australia,Weight Loss,Instagram,Yes,85.7,Yes,No,0,3,1.71,1,0,0,5.71,6,Happy
C1387,25,Female,Nepal,Weight Loss,Referral,Yes,100.0,Yes,No,0,3,2.0,1,0,0,6.0,6,Happy
C1388,43,Female,Canada,Weight Loss,TikTok,Ongoing,14.3,No,No,0,0,0.29,0,0,0,0.29,0,At Risk
C1389,27,Male,Australia,Body Transformation,TikTok,Yes,92.9,Yes,No,0,3,1.86,1,0,0,5.86,6,Happy
C1390,30,Female,Australia,Weight Loss,TikTok,Yes,85.7,Yes,No,0,3,1.71,1,0,0,5.71,6,Happy
C1391,25,Female,USA,Weight Loss,TikTok,Partial,78.6,Yes,No,0,1,1.57,1,0,0,3.57,4,Neutral
C1392,30,Female,UAE,Weight Loss,TikTok,Yes,100.0,Yes,No,0,3,2.0,1,0,0,6.0,6,Happy
C1393,31,Female,Australia,Weight Loss,TikTok,Yes,85.7,No,No,0,3,1.71,0,0,0,4.71,5,Neutral
C1394,52,Female,USA,Body Transformation,TikTok,Partial,85.7,Yes,No,0,1,1.71,1,0,0,3.71,4,Neutral
C1395,27,Female,USA,Body Transformation,TikTok,Yes,78.6,Yes,No,0,3,1.57,1,0,0,5.57,6,Happy
C1396,38,Female,USA,Weight Loss,TikTok,Yes,78.6,Yes,No,0,3,1.57,1,0,0,5.57,6,Happy
C1397,36,Female,Nepal,Body Transformation,TikTok,No,7.1,No,No,1,0,0.14,0,0,2,2.14,2,At Risk
C1398,35,Female,Australia,Weight Loss,TikTok,Partial,85.7,Yes,No,0,1,1.71,1,0,0,3.71,4,Neutral
C1399,28,Female,Australia,Body Transformation,Instagram,Yes,78.6,No,No,0,3,1.57,0,0,0,4.57,5,Neutral
C1400,28,Male,Other,Body Transformation,TikTok,Partial,100.0,No,No,0,1,2.0,0,0,0,3.0,3,Neutral
C1401,37,Female,USA,Weight Gain,Referral,Yes,78.6,Yes,No,0,3,1.57,1,0,0,5.57,6,Happy
C1402,31,Female,Australia,Body Transformation,TikTok,Ongoing,21.4,Yes,No,1,0,0.43,1,0,2,3.43,3,Neutral
C1403,18,Female,Nepal,Body Transformation,TikTok,No,7.1,No,No,0,0,0.14,0,0,0,0.14,0,At Risk
C1404,29,Male,USA,Weight Loss,TikTok,Yes,100.0,Yes,No,0,3,2.0,1,0,0,6.0,6,Happy
C1405,35,Female,UAE,Weight Loss,TikTok,Partial,92.9,Yes,No,0,1,1.86,1,0,0,3.86,4,Neutral
C1406,26,Female,USA,Weight Loss,Referral,Partial,92.9,Yes,Yes,1,1,1.86,1,2,2,7.86,8,Happy
C1407,18,Male,Nepal,Body Transformation,Other,Partial,92.9,No,No,1,1,1.86,0,0,2,4.86,5,Neutral
C1408,32,Female,Nepal,Weight Loss,TikTok,Partial,100.0,Yes,No,0,1,2.0,1,0,0,4.0,4,Neutral
C1409,24,Female,Australia,Body Transformation,TikTok,Partial,92.9,No,No,1,1,1.86,0,0,2,4.86,5,Neutral
C1410,23,Female,USA,Body Transformation,Instagram,Yes,92.9,Yes,No,0,3,1.86,1,0,0,5.86,6,Happy
C1411,33,Female,UAE,Weight Loss,TikTok,Yes,100.0,No,No,1,3,2.0,0,0,2,7.0,7,Happy
C1412,21,Female,Australia,Weight Loss,TikTok,Yes,92.9,Yes,No,0,3,1.86,1,0,0,5.86,6,Happy
C1413,46,Female,Nepal,Weight Loss,Instagram,Partial,85.7,Yes,No,0,1,1.71,1,0,0,3.71,4,Neutral
C1414,36,Female,Australia,Weight Loss,Referral,Yes,85.7,Yes,No,0,3,1.71,1,0,0,5.71,6,Happy
C1415,30,Female,Nepal,Weight Loss,TikTok,Partial,85.7,Yes,No,0,1,1.71,1,0,0,3.71,4,Neutral
C1416,20,Female,Nepal,Body Transformation,TikTok,Yes,92.9,No,No,1,3,1.86,0,0,2,6.86,7,Happy
C1417,20,Female,Australia,Weight Loss,TikTok,Partial,85.7,Yes,No,0,1,1.71,1,0,0,3.71,4,Neutral
C1418,57,Female,Australia,Weight Loss,TikTok,Ongoing,28.6,No,No,0,0,0.57,0,0,0,0.57,1,At Risk
C1419,47,Female,Australia,Weight Loss,Instagram,Partial,92.9,Yes,No,0,1,1.86,1,0,0,3.86,4,Neutral
C1420,31,Female,USA,Weight Loss,TikTok,Yes,92.9,Yes,No,0,3,1.86,1,0,0,5.86,6,Happy
C1421,44,Male,UAE,Weight Gain,TikTok,Partial,100.0,Yes,No,0,1,2.0,1,0,0,4.0,4,Neutral
C1422,27,Female,Nepal,Weight Loss,Referral,Yes,92.9,No,No,1,3,1.86,0,0,2,6.86,7,Happy
C1423,19,Male,Nepal,Weight Loss,Referral,Yes,100.0,Yes,Yes,0,3,2.0,1,2,0,8.0,8,Superfan
C1424,30,Male,Australia,Body Transformation,TikTok,Yes,85.7,Yes,No,0,3,1.71,1,0,0,5.71,6,Happy
C1425,26,Male,Australia,Weight Gain,Instagram,Yes,100.0,Yes,No,0,3,2.0,1,0,0,6.0,6,Happy
C1426,25,Female,Australia,Weight Loss,Instagram,No,7.1,No,Yes,0,0,0.14,0,2,0,2.14,2,At Risk
C1427,26,Female,Nepal,Body Transformation,Referral,Yes,92.9,Yes,Yes,1,3,1.86,1,2,2,9.86,10,Superfan
C1428,30,Female,USA,Weight Gain,TikTok,Partial,92.9,Yes,No,0,1,1.86,1,0,0,3.86,4,Neutral
C1429,48,Male,USA,Weight Loss,TikTok,Ongoing,28.6,No,No,1,0,0.57,0,0,2,2.57,3,At Risk
C1430,28,Female,USA,Weight Gain,TikTok,Yes,85.7,Yes,No,0,3,1.71,1,0,0,5.71,6,Happy
C1431,32,Female,USA,Weight Loss,TikTok,Yes,78.6,Yes,No,0,3,1.57,1,0,0,5.57,6,Happy
C1432,37,Female,Canada,Weight Loss,TikTok,Yes,85.7,Yes,No,0,3,1.71,1,0,0,5.71,6,Happy
C1433,30,Female,Australia,Body Transformation,Referral,Yes,92.9,Yes,No,1,3,1.86,1,0,2,7.86,8,Happy
C1434,31,Female,USA,Weight Loss,TikTok,Partial,78.6,Yes,No,1,1,1.57,1,0,2,5.57,6,Happy
C1435,38,Female,USA,Weight Loss,Instagram,Ongoing,28.6,No,No,1,0,0.57,0,0,2,2.57,3,At Risk
C1436,23,Female,UAE,Body Transformation,Instagram,Yes,85.7,Yes,No,1,3,1.71,1,0,2,7.71,8,Happy
C1437,24,Female,Australia,Weight Gain,TikTok,No,0.0,No,No,1,0,0.0,0,0,2,2.0,2,At Risk
C1438,35,Male,Australia,Weight Gain,Instagram,No,0.0,No,Yes,0,0,0.0,0,2,0,2.0,2,At Risk
C1439,25,Female,Australia,Weight Loss,Referral,Yes,78.6,No,Yes,0,3,1.57,0,2,0,6.57,7,Happy
C1440,53,Female,Nepal,Weight Gain,TikTok,Partial,78.6,Yes,No,0,1,1.57,1,0,0,3.57,4,Neutral
C1441,49,Male,USA,Body Transformation,Referral,Yes,100.0,Yes,No,0,3,2.0,1,0,0,6.0,6,Happy
C1442,31,Female,Australia,Weight Loss,Referral,Partial,92.9,Yes,No,1,1,1.86,1,0,2,5.86,6,Happy
C1443,30,Female,Nepal,Weight Gain,TikTok,Ongoing,14.3,No,No,0,0,0.29,0,0,0,0.29,0,At Risk
C1444,20,Male,Nepal,Weight Loss,TikTok,Partial,78.6,Yes,No,1,1,1.57,1,0,2,5.57,6,Happy
C1445,25,Female,USA,Weight Loss,TikTok,Yes,78.6,Yes,No,0,3,1.57,1,0,0,5.57,6,Happy
C1446,37,Female,USA,Body Transformation,Referral,Yes,85.7,Yes,Yes,1,3,1.71,1,2,2,9.71,10,Superfan
C1447,43,Male,USA,Weight Loss,Referral,Partial,78.6,Yes,Yes,0,1,1.57,1,2,0,5.57,6,Happy
C1448,20,Male,Australia,Weight Loss,TikTok,Yes,78.6,Yes,No,0,3,1.57,1,0,0,5.57,6,Happy
C1449,27,Male,Australia,Weight Loss,TikTok,Yes,85.7,Yes,No,0,3,1.71,1,0,0,5.71,6,Happy
C1450,31,Male,UAE,Weight Gain,Referral,Yes,78.6,Yes,No,0,3,1.57,1,0,0,5.57,6,Happy
C1451,19,Female,USA,Body Transformation,TikTok,Partial,100.0,Yes,No,0,1,2.0,1,0,0,4.0,4,Neutral
C1452,46,Female,Nepal,Body Transformation,Referral,Yes,100.0,Yes,No,1,3,2.0,1,0,2,8.0,8,Superfan
C1453,32,Female,Nepal,Body Transformation,Referral,Partial,100.0,Yes,No,0,1,2.0,1,0,0,4.0,4,Neutral
C1454,27,Male,UAE,Weight Loss,Referral,Yes,78.6,Yes,No,0,3,1.57,1,0,0,5.57,6,Happy
C1455,25,Female,Australia,Weight Loss,TikTok,Partial,85.7,No,No,0,1,1.71,0,0,0,2.71,3,At Risk
C1456,35,Female,USA,Weight Gain,TikTok,Yes,100.0,No,No,0,3,2.0,0,0,0,5.0,5,Happy
C1457,49,Male,Australia,Weight Gain,TikTok,Yes,92.9,Yes,No,0,3,1.86,1,0,0,5.86,6,Happy
C1458,23,Male,USA,Body Transformation,TikTok,Yes,85.7,Yes,No,0,3,1.71,1,0,0,5.71,6,Happy
C1459,21,Male,USA,Weight Gain,Referral,Yes,100.0,No,No,0,3,2.0,0,0,0,5.0,5,Happy
C1460,32,Female,Australia,Body Transformation,TikTok,Yes,100.0,Yes,No,0,3,2.0,1,0,0,6.0,6,Happy
C1461,18,Male,USA,Weight Loss,Referral,Yes,100.0,Yes,No,0,3,2.0,1,0,0,6.0,6,Happy
C1462,33,Male,Nepal,Body Transformation,TikTok,Yes,85.7,No,No,0,3,1.71,0,0,0,4.71,5,Neutral
C1463,22,Female,UAE,Weight Loss,Instagram,Ongoing,35.7,No,No,1,0,0.71,0,0,2,2.71,3,At Risk
C1464,42,Female,USA,Weight Loss,TikTok,Yes,100.0,No,No,1,3,2.0,0,0,2,7.0,7,Happy
C1465,36,Female,Australia,Weight Gain,TikTok,No,7.1,No,No,0,0,0.14,0,0,0,0.14,0,At Risk
C1466,25,Female,USA,Weight Loss,TikTok,Partial,92.9,Yes,No,0,1,1.86,1,0,0,3.86,4,Neutral
C1467,33,Female,Australia,Weight Gain,TikTok,Yes,92.9,No,No,1,3,1.86,0,0,2,6.86,7,Happy
C1468,30,Female,USA,Body Transformation,Instagram,Yes,85.7,Yes,No,0,3,1.71,1,0,0,5.71,6,Happy
C1469,18,Female,USA,Body Transformation,Instagram,Partial,85.7,Yes,No,0,1,1.71,1,0,0,3.71,4,Neutral
C1470,36,Female,Nepal,Body Transformation,Instagram,Yes,100.0,Yes,No,0,3,2.0,1,0,0,6.0,6,Happy
C1471,21,Female,Australia,Weight Loss,Referral,Yes,78.6,Yes,No,0,3,1.57,1,0,0,5.57,6,Happy
C1472,44,Female,Canada,Body Transformation,TikTok,Yes,100.0,Yes,No,0,3,2.0,1,0,0,6.0,6,Happy
C1473,29,Female,Australia,Weight Gain,TikTok,Yes,78.6,Yes,No,0,3,1.57,1,0,0,5.57,6,Happy
C1474,23,Female,Australia,Body Transformation,TikTok,Yes,85.7,Yes,No,0,3,1.71,1,0,0,5.71,6,Happy
C1475,39,Female,Nepal,Body Transformation,Referral,Yes,92.9,Yes,No,0,3,1.86,1,0,0,5.86,6,Happy
C1476,28,Male,Australia,Weight Gain,TikTok,Yes,92.9,Yes,No,0,3,1.86,1,0,0,5.86,6,Happy
C1477,21,Male,Nepal,Weight Loss,TikTok,No,0.0,No,Yes,0,0,0.0,0,2,0,2.0,2,At Risk
C1478,48,Male,USA,Body Transformation,TikTok,Yes,92.9,Yes,No,1,3,1.86,1,0,2,7.86,8,Happy
C1479,40,Male,Nepal,Body Transformation,TikTok,Partial,85.7,Yes,No,0,1,1.71,1,0,0,3.71,4,Neutral
C1480,26,Female,Australia,Body Transformation,TikTok,Yes,78.6,Yes,No,1,3,1.57,1,0,2,7.57,8,Happy
C1481,28,Female,Australia,Weight Loss,Referral,Yes,78.6,Yes,Yes,0,3,1.57,1,2,0,7.57,8,Happy
C1482,24,Female,Nepal,Body Transformation,TikTok,No,0.0,No,No,0,0,0.0,0,0,0,0.0,0,At Risk
C1483,30,Female,Australia,Body Transformation,Other,No,21.4,No,No,0,0,0.43,0,0,0,0.43,0,At Risk
C1484,35,Male,USA,Weight Loss,Referral,Partial,92.9,Yes,No,1,1,1.86,1,0,2,5.86,6,Happy
C1485,31,Female,USA,Weight Loss,Instagram,Ongoing,21.4,No,No,0,0,0.43,0,0,0,0.43,0,At Risk
C1486,41,Female,Australia,Weight Loss,Other,Yes,78.6,No,No,0,3,1.57,0,0,0,4.57,5,Neutral
C1487,27,Female,Other,Weight Loss,TikTok,Ongoing,14.3,No,No,1,0,0.29,0,0,2,2.29,2,At Risk
C1488,38,Female,Australia,Weight Gain,Instagram,Yes,85.7,Yes,No,0,3,1.71,1,0,0,5.71,6,Happy
C1489,30,Female,USA,Weight Gain,TikTok,Partial,92.9,Yes,No,0,1,1.86,1,0,0,3.86,4,Neutral
C1490,38,Female,Australia,Weight Gain,Referral,Ongoing,14.3,Yes,No,0,0,0.29,1,0,0,1.29,1,At Risk
C1491,38,Female,Australia,Weight Loss,TikTok,No,21.4,No,Yes,1,0,0.43,0,2,2,4.43,4,Neutral
C1492,27,Male,Australia,Weight Loss,Referral,Yes,78.6,Yes,Yes,0,3,1.57,1,2,0,7.57,8,Happy
C1493,23,Male,Nepal,Body Transformation,Instagram,Partial,85.7,No,No,0,1,1.71,0,0,0,2.71,3,At Risk
C1494,32,Male,Australia,Weight Loss,Instagram,Yes,92.9,Yes,No,1,3,1.86,1,0,2,7.86,8,Happy
C1495,35,Male,Australia,Weight Gain,TikTok,Partial,85.7,Yes,No,0,1,1.71,1,0,0,3.71,4,Neutral
C1496,57,Female,USA,Weight Gain,Referral,Partial,85.7,Yes,No,1,1,1.71,1,0,2,5.71,6,Happy
C1497,27,Male,Australia,Weight Loss,Referral,Partial,78.6,No,Yes,0,1,1.57,0,2,0,4.57,5,Neutral
C1498,27,Female,USA,Weight Loss,TikTok,Ongoing,28.6,Yes,No,0,0,0.57,1,0,0,1.57,2,At Risk
C1499,26,Female,Australia,Body Transformation,TikTok,Yes,85.7,Yes,No,1,3,1.71,1,0,2,7.71,8,Happy
C1500,27,Female,Nepal,Body Transformation,TikTok,Yes,100.0,No,No,0,3,2.0,0,0,0,5.0,5,Happy
C1501,36,Female,USA,Weight Loss,TikTok,Yes,92.9,Yes,No,0,3,1.86,1,0,0,5.86,6,Happy
C1502,36,Female,USA,Weight Gain,Instagram,Yes,85.7,No,No,0,3,1.71,0,0,0,4.71,5,Neutral
C1503,33,Female,Australia,Weight Loss,Referral,Partial,85.7,Yes,Yes,0,1,1.71,1,2,0,5.71,6,Happy
C1504,43,Female,Nepal,Body Transformation,TikTok,Yes,85.7,Yes,No,1,3,1.71,1,0,2,7.71,8,Happy
C1505,38,Male,USA,Weight Gain,TikTok,Partial,100.0,Yes,No,1,1,2.0,1,0,2,6.0,6,Happy
C1506,37,Male,Australia,Weight Gain,TikTok,Ongoing,35.7,No,No,1,0,0.71,0,0,2,2.71,3,At Risk
C1507,25,Male,Nepal,Body Transformation,Referral,Partial,85.7,Yes,No,1,1,1.71,1,0,2,5.71,6,Happy
C1508,29,Female,Canada,Weight Loss,Referral,Yes,100.0,No,No,0,3,2.0,0,0,0,5.0,5,Happy
C1509,31,Female,Nepal,Weight Loss,TikTok,No,14.3,No,No,0,0,0.29,0,0,0,0.29,0,At Risk
C1510,40,Female,Australia,Weight Gain,Instagram,Yes,92.9,Yes,No,0,3,1.86,1,0,0,5.86,6,Happy
C1511,30,Female,Nepal,Body Transformation,Referral,Yes,78.6,Yes,Yes,0,3,1.57,1,2,0,7.57,8,Happy
C1512,30,Female,Nepal,Weight Loss,Referral,Yes,100.0,Yes,No,1,3,2.0,1,0,2,8.0,8,Superfan
C1513,47,Female,Nepal,Body Transformation,TikTok,Yes,85.7,Yes,No,0,3,1.71,1,0,0,5.71,6,Happy
C1514,26,Female,USA,Weight Gain,Referral,Yes,85.7,Yes,No,0,3,1.71,1,0,0,5.71,6,Happy
C1515,21,Female,Australia,Weight Gain,Other,Partial,100.0,Yes,No,0,1,2.0,1,0,0,4.0,4,Neutral
C1516,35,Female,USA,Weight Loss,Referral,Yes,78.6,Yes,No,0,3,1.57,1,0,0,5.57,6,Happy
C1517,23,Female,USA,Weight Loss,Instagram,Yes,78.6,Yes,No,1,3,1.57,1,0,2,7.57,8,Happy
C1518,33,Male,Australia,Body Transformation,TikTok,Partial,92.9,Yes,No,1,1,1.86,1,0,2,5.86,6,Happy
C1519,37,Female,USA,Weight Loss,TikTok,Yes,78.6,Yes,No,1,3,1.57,1,0,2,7.57,8,Happy
C1520,45,Female,UAE,Body Transformation,Referral,Partial,100.0,Yes,Yes,0,1,2.0,1,2,0,6.0,6,Happy
C1521,22,Female,Nepal,Weight Gain,TikTok,Yes,92.9,Yes,No,0,3,1.86,1,0,0,5.86,6,Happy
C1522,26,Female,USA,Body Transformation,TikTok,Ongoing,28.6,No,No,0,0,0.57,0,0,0,0.57,1,At Risk
C1523,48,Female,USA,Weight Loss,Referral,Yes,85.7,Yes,Yes,0,3,1.71,1,2,0,7.71,8,Happy
C1524,37,Male,Nepal,Weight Gain,TikTok,Yes,78.6,Yes,No,0,3,1.57,1,0,0,5.57,6,Happy
C1525,56,Female,USA,Weight Loss,TikTok,Partial,85.7,Yes,No,0,1,1.71,1,0,0,3.71,4,Neutral
C1526,23,Male,UAE,Weight Loss,TikTok,Ongoing,35.7,No,No,0,0,0.71,0,0,0,0.71,1,At Risk
C1527,30,Female,Australia,Weight Gain,TikTok,Ongoing,21.4,No,No,0,0,0.43,0,0,0,0.43,0,At Risk
C1528,25,Female,Australia,Weight Loss,Instagram,No,7.1,No,Yes,0,0,0.14,0,2,0,2.14,2,At Risk
C1529,56,Male,Australia,Weight Gain,TikTok,Partial,92.9,Yes,No,1,1,1.86,1,0,2,5.86,6,Happy
C1530,29,Female,Australia,Body Transformation,TikTok,Yes,85.7,No,No,0,3,1.71,0,0,0,4.71,5,Neutral
C1531,42,Female,Nepal,Body Transformation,TikTok,No,7.1,No,Yes,1,0,0.14,0,2,2,4.14,4,Neutral
C1532,37,Male,Australia,Weight Loss,Referral,Yes,78.6,Yes,No,0,3,1.57,1,0,0,5.57,6,Happy
C1533,26,Male,Other,Body Transformation,Referral,Partial,78.6,Yes,Yes,0,1,1.57,1,2,0,5.57,6,Happy
C1534,28,Male,Australia,Weight Loss,Instagram,Ongoing,21.4,No,No,0,0,0.43,0,0,0,0.43,0,At Risk
C1535,18,Female,Australia,Weight Gain,Referral,Ongoing,28.6,Yes,No,1,0,0.57,1,0,2,3.57,4,Neutral
C1536,38,Female,Australia,Weight Loss,Referral,Yes,85.7,Yes,No,0,3,1.71,1,0,0,5.71,6,Happy
C1537,19,Male,Nepal,Weight Loss,Referral,Yes,92.9,No,No,0,3,1.86,0,0,0,4.86,5,Neutral
C1538,46,Female,USA,Weight Loss,Other,Yes,100.0,Yes,No,1,3,2.0,1,0,2,8.0,8,Superfan
C1539,20,Female,USA,Body Transformation,TikTok,Yes,85.7,Yes,No,0,3,1.71,1,0,0,5.71,6,Happy
C1540,25,Female,Australia,Weight Gain,TikTok,Ongoing,21.4,No,No,1,0,0.43,0,0,2,2.43,2,At Risk
C1541,23,Female,Australia,Body Transformation,TikTok,Yes,78.6,Yes,No,0,3,1.57,1,0,0,5.57,6,Happy
C1542,39,Female,USA,Weight Loss,Referral,Partial,78.6,Yes,Yes,0,1,1.57,1,2,0,5.57,6,Happy
C1543,27,Female,Australia,Weight Loss,TikTok,Partial,92.9,Yes,No,0,1,1.86,1,0,0,3.86,4,Neutral
C1544,37,Female,USA,Weight Loss,Instagram,No,0.0,Yes,No,0,0,0.0,1,0,0,1.0,1,At Risk
C1545,30,Female,Nepal,Body Transformation,TikTok,Partial,78.6,No,No,1,1,1.57,0,0,2,4.57,5,Neutral
C1546,30,Female,USA,Weight Loss,TikTok,Partial,92.9,Yes,No,0,1,1.86,1,0,0,3.86,4,Neutral
C1547,26,Female,Nepal,Body Transformation,TikTok,Yes,100.0,Yes,No,0,3,2.0,1,0,0,6.0,6,Happy
C1548,34,Female,Nepal,Weight Gain,TikTok,No,7.1,No,No,1,0,0.14,0,0,2,2.14,2,At Risk
C1549,37,Female,Australia,Body Transformation,Instagram,No,7.1,No,No,0,0,0.14,0,0,0,0.14,0,At Risk
C1550,48,Female,USA,Body Transformation,TikTok,Ongoing,28.6,No,No,0,0,0.57,0,0,0,0.57,1,At Risk
C1551,26,Male,USA,Weight Loss,TikTok,No,14.3,No,Yes,0,0,0.29,0,2,0,2.29,2,At Risk
C1552,30,Female,Australia,Weight Gain,Referral,Yes,78.6,No,Yes,1,3,1.57,0,2,2,8.57,9,Superfan
C1553,33,Female,Australia,Body Transformation,TikTok,Yes,78.6,Yes,No,0,3,1.57,1,0,0,5.57,6,Happy
C1554,48,Female,USA,Weight Loss,Instagram,Yes,78.6,No,No,0,3,1.57,0,0,0,4.57,5,Neutral
C1555,31,Female,Nepal,Weight Loss,Instagram,Yes,85.7,Yes,No,1,3,1.71,1,0,2,7.71,8,Happy
C1556,38,Female,Australia,Weight Gain,Instagram,Partial,85.7,Yes,No,0,1,1.71,1,0,0,3.71,4,Neutral
C1557,22,Female,UAE,Body Transformation,Referral,Partial,85.7,Yes,Yes,0,1,1.71,1,2,0,5.71,6,Happy
C1558,59,Female,USA,Body Transformation,Referral,Yes,78.6,No,No,1,3,1.57,0,0,2,6.57,7,Happy
C1559,42,Female,Canada,Weight Loss,Referral,Partial,85.7,No,No,0,1,1.71,0,0,0,2.71,3,At Risk
C1560,46,Female,Australia,Body Transformation,Referral,No,0.0,No,No,0,0,0.0,0,0,0,0.0,0,At Risk
C1561,31,Male,Australia,Body Transformation,TikTok,Partial,85.7,Yes,No,1,1,1.71,1,0,2,5.71,6,Happy
C1562,38,Female,Nepal,Weight Loss,TikTok,Ongoing,28.6,No,No,0,0,0.57,0,0,0,0.57,1,At Risk
C1563,52,Female,USA,Weight Loss,Referral,Ongoing,35.7,No,No,0,0,0.71,0,0,0,0.71,1,At Risk
C1564,37,Female,Australia,Weight Gain,TikTok,Partial,92.9,Yes,No,0,1,1.86,1,0,0,3.86,4,Neutral
C1565,59,Female,Australia,Weight Loss,TikTok,Yes,92.9,Yes,No,0,3,1.86,1,0,0,5.86,6,Happy
C1566,28,Female,Australia,Body Transformation,TikTok,Yes,85.7,Yes,No,0,3,1.71,1,0,0,5.71,6,Happy
C1567,35,Female,USA,Body Transformation,TikTok,Ongoing,21.4,No,No,0,0,0.43,0,0,0,0.43,0,At Risk
C1568,25,Female,Australia,Weight Gain,TikTok,Partial,85.7,Yes,No,0,1,1.71,1,0,0,3.71,4,Neutral
C1569,37,Female,USA,Body Transformation,Instagram,Yes,85.7,Yes,No,0,3,1.71,1,0,0,5.71,6,Happy
C1570,23,Male,Australia,Weight Gain,TikTok,No,7.1,Yes,Yes,1,0,0.14,1,2,2,5.14,5,Happy
C1571,58,Female,USA,Weight Gain,Instagram,Partial,78.6,Yes,No,0,1,1.57,1,0,0,3.57,4,Neutral
C1572,30,Female,USA,Body Transformation,Referral,Yes,78.6,Yes,Yes,0,3,1.57,1,2,0,7.57,8,Happy
C1573,43,Female,Nepal,Weight Loss,Instagram,Yes,78.6,Yes,No,0,3,1.57,1,0,0,5.57,6,Happy
C1574,32,Female,Australia,Weight Loss,Instagram,Yes,92.9,Yes,No,0,3,1.86,1,0,0,5.86,6,Happy
C1575,19,Female,Other,Body Transformation,Referral,Yes,78.6,Yes,No,1,3,1.57,1,0,2,7.57,8,Happy
C1576,38,Female,Nepal,Body Transformation,Instagram,Partial,92.9,Yes,No,0,1,1.86,1,0,0,3.86,4,Neutral
C1577,29,Female,USA,Weight Loss,Referral,Ongoing,28.6,No,No,0,0,0.57,0,0,0,0.57,1,At Risk
C1578,36,Female,Australia,Body Transformation,Referral,Yes,78.6,Yes,No,0,3,1.57,1,0,0,5.57,6,Happy
C1579,40,Female,Australia,Body Transformation,TikTok,Yes,78.6,Yes,No,0,3,1.57,1,0,0,5.57,6,Happy
C1580,25,Female,Australia,Weight Loss,TikTok,Partial,85.7,Yes,No,0,1,1.71,1,0,0,3.71,4,Neutral
C1581,35,Female,Australia,Weight Loss,Referral,No,21.4,No,Yes,1,0,0.43,0,2,2,4.43,4,Neutral
C1582,43,Female,Australia,Weight Gain,TikTok,Yes,78.6,No,No,0,3,1.57,0,0,0,4.57,5,Neutral
C1583,24,Male,Australia,Weight Loss,Instagram,Partial,85.7,Yes,No,0,1,1.71,1,0,0,3.71,4,Neutral
C1584,45,Female,USA,Weight Loss,TikTok,Yes,78.6,Yes,No,1,3,1.57,1,0,2,7.57,8,Happy
C1585,20,Female,Canada,Weight Gain,Referral,Yes,100.0,Yes,No,0,3,2.0,1,0,0,6.0,6,Happy
C1586,37,Female,Australia,Weight Gain,Referral,Partial,85.7,Yes,No,0,1,1.71,1,0,0,3.71,4,Neutral
C1587,19,Female,Australia,Weight Loss,TikTok,Partial,100.0,Yes,No,0,1,2.0,1,0,0,4.0,4,Neutral
C1588,52,Male,Australia,Weight Loss,TikTok,Partial,85.7,No,No,0,1,1.71,0,0,0,2.71,3,At Risk
C1589,56,Male,Australia,Weight Loss,TikTok,Partial,85.7,No,No,0,1,1.71,0,0,0,2.71,3,At Risk
C1590,45,Male,Australia,Weight Loss,TikTok,Yes,92.9,No,No,0,3,1.86,0,0,0,4.86,5,Neutral
C1591,26,Male,USA,Body Transformation,TikTok,Yes,100.0,No,No,0,3,2.0,0,0,0,5.0,5,Happy
C1592,20,Male,USA,Weight Loss,TikTok,Partial,100.0,Yes,No,1,1,2.0,1,0,2,6.0,6,Happy
C1593,50,Male,Australia,Weight Gain,TikTok,Partial,100.0,No,No,0,1,2.0,0,0,0,3.0,3,Neutral
C1594,38,Female,USA,Weight Loss,TikTok,No,7.1,No,No,0,0,0.14,0,0,0,0.14,0,At Risk
C1595,37,Female,Australia,Weight Gain,TikTok,Partial,92.9,Yes,No,0,1,1.86,1,0,0,3.86,4,Neutral
C1596,37,Female,Australia,Body Transformation,Instagram,Partial,78.6,Yes,No,1,1,1.57,1,0,2,5.57,6,Happy
C1597,48,Female,Australia,Weight Loss,TikTok,Ongoing,28.6,No,No,0,0,0.57,0,0,0,0.57,1,At Risk
C1598,51,Female,Nepal,Weight Loss,Instagram,Yes,100.0,Yes,No,1,3,2.0,1,0,2,8.0,8,Superfan
C1599,37,Male,Canada,Body Transformation,TikTok,Yes,100.0,No,No,0,3,2.0,0,0,0,5.0,5,Happy
C1600,26,Female,USA,Weight Gain,TikTok,Yes,85.7,Yes,No,1,3,1.71,1,0,2,7.71,8,Happy
C1601,25,Female,USA,Weight Gain,Referral,Yes,78.6,No,Yes,0,3,1.57,0,2,0,6.57,7,Happy
C1602,24,Female,Australia,Weight Loss,TikTok,Yes,92.9,No,No,0,3,1.86,0,0,0,4.86,5,Neutral
C1603,33,Female,UAE,Body Transformation,TikTok,Ongoing,14.3,No,No,0,0,0.29,0,0,0,0.29,0,At Risk
C1604,34,Female,Australia,Weight Loss,Instagram,Yes,92.9,Yes,No,1,3,1.86,1,0,2,7.86,8,Happy
C1605,25,Female,USA,Weight Loss,Referral,Yes,78.6,Yes,No,1,3,1.57,1,0,2,7.57,8,Happy
C1606,26,Female,Other,Weight Loss,TikTok,Partial,85.7,Yes,No,0,1,1.71,1,0,0,3.71,4,Neutral
C1607,47,Female,USA,Weight Loss,Referral,Yes,85.7,Yes,No,0,3,1.71,1,0,0,5.71,6,Happy
C1608,38,Female,USA,Weight Gain,TikTok,Yes,92.9,Yes,No,0,3,1.86,1,0,0,5.86,6,Happy
C1609,21,Female,USA,Body Transformation,TikTok,Yes,85.7,Yes,No,0,3,1.71,1,0,0,5.71,6,Happy
C1610,38,Male,Australia,Body Transformation,TikTok,Yes,100.0,Yes,No,0,3,2.0,1,0,0,6.0,6,Happy
C1611,21,Female,Australia,Weight Loss,TikTok,Partial,85.7,Yes,No,0,1,1.71,1,0,0,3.71,4,Neutral
C1612,47,Male,Australia,Body Transformation,Referral,Yes,85.7,Yes,No,1,3,1.71,1,0,2,7.71,8,Happy
C1613,34,Female,Australia,Weight Loss,Referral,Yes,92.9,Yes,No,0,3,1.86,1,0,0,5.86,6,Happy
C1614,33,Male,USA,Weight Loss,TikTok,Partial,85.7,No,No,1,1,1.71,0,0,2,4.71,5,Neutral
C1615,29,Female,Australia,Weight Loss,Referral,Yes,85.7,Yes,No,0,3,1.71,1,0,0,5.71,6,Happy
C1616,33,Male,Nepal,Weight Gain,TikTok,Yes,78.6,Yes,No,1,3,1.57,1,0,2,7.57,8,Happy
C1617,41,Female,Australia,Weight Loss,Referral,Yes,92.9,Yes,No,0,3,1.86,1,0,0,5.86,6,Happy
C1618,21,Female,Nepal,Body Transformation,TikTok,Yes,92.9,No,No,1,3,1.86,0,0,2,6.86,7,Happy
C1619,21,Male,Canada,Weight Loss,TikTok,Yes,78.6,Yes,No,0,3,1.57,1,0,0,5.57,6,Happy
C1620,50,Female,USA,Body Transformation,TikTok,Partial,85.7,Yes,No,0,1,1.71,1,0,0,3.71,4,Neutral
C1621,32,Female,Australia,Weight Loss,TikTok,Yes,78.6,No,No,0,3,1.57,0,0,0,4.57,5,Neutral
C1622,46,Male,Australia,Weight Gain,TikTok,Yes,78.6,Yes,No,0,3,1.57,1,0,0,5.57,6,Happy
C1623,18,Female,USA,Weight Loss,TikTok,No,7.1,No,No,0,0,0.14,0,0,0,0.14,0,At Risk
C1624,36,Female,Canada,Body Transformation,Referral,Yes,85.7,Yes,Yes,0,3,1.71,1,2,0,7.71,8,Happy
C1625,32,Male,UAE,Body Transformation,TikTok,Yes,85.7,Yes,No,0,3,1.71,1,0,0,5.71,6,Happy
C1626,59,Female,USA,Body Transformation,TikTok,Yes,92.9,Yes,No,0,3,1.86,1,0,0,5.86,6,Happy
C1627,44,Female,Australia,Weight Loss,TikTok,Yes,85.7,Yes,No,0,3,1.71,1,0,0,5.71,6,Happy
C1628,34,Male,Australia,Weight Gain,Referral,Ongoing,35.7,No,No,0,0,0.71,0,0,0,0.71,1,At Risk
C1629,27,Male,USA,Weight Gain,Referral,Yes,85.7,Yes,Yes,0,3,1.71,1,2,0,7.71,8,Happy
C1630,33,Female,Australia,Body Transformation,Referral,Partial,92.9,Yes,Yes,1,1,1.86,1,2,2,7.86,8,Happy
C1631,42,Female,Canada,Weight Loss,TikTok,Yes,85.7,Yes,No,0,3,1.71,1,0,0,5.71,6,Happy
C1632,42,Male,UAE,Weight Loss,TikTok,Yes,85.7,No,No,1,3,1.71,0,0,2,6.71,7,Happy
C1633,25,Female,Australia,Weight Gain,TikTok,No,7.1,No,Yes,0,0,0.14,0,2,0,2.14,2,At Risk
C1634,26,Female,Other,Weight Gain,Referral,Yes,85.7,No,No,1,3,1.71,0,0,2,6.71,7,Happy
C1635,42,Female,USA,Weight Loss,TikTok,Yes,92.9,No,No,1,3,1.86,0,0,2,6.86,7,Happy
C1636,35,Male,USA,Weight Loss,Referral,Yes,85.7,Yes,No,0,3,1.71,1,0,0,5.71,6,Happy
C1637,50,Female,Australia,Body Transformation,TikTok,Partial,85.7,Yes,No,0,1,1.71,1,0,0,3.71,4,Neutral
C1638,58,Female,Australia,Body Transformation,TikTok,Yes,100.0,Yes,No,1,3,2.0,1,0,2,8.0,8,Superfan
C1639,27,Male,Australia,Weight Loss,TikTok,Yes,100.0,Yes,No,0,3,2.0,1,0,0,6.0,6,Happy
C1640,48,Female,USA,Weight Loss,Referral,Yes,78.6,Yes,No,0,3,1.57,1,0,0,5.57,6,Happy
C1641,26,Female,Nepal,Weight Loss,Referral,Partial,92.9,Yes,Yes,1,1,1.86,1,2,2,7.86,8,Happy
C1642,24,Female,USA,Weight Loss,TikTok,Partial,78.6,No,No,0,1,1.57,0,0,0,2.57,3,At Risk
C1643,28,Female,Canada,Weight Gain,TikTok,Yes,100.0,Yes,No,0,3,2.0,1,0,0,6.0,6,Happy
C1644,19,Female,Australia,Weight Gain,Referral,Yes,85.7,Yes,Yes,1,3,1.71,1,2,2,9.71,10,Superfan
C1645,20,Female,Nepal,Weight Loss,TikTok,Partial,100.0,Yes,No,0,1,2.0,1,0,0,4.0,4,Neutral
C1646,20,Female,Australia,Weight Gain,Instagram,Yes,92.9,Yes,No,1,3,1.86,1,0,2,7.86,8,Happy
C1647,35,Male,Nepal,Weight Loss,Referral,Yes,85.7,Yes,Yes,0,3,1.71,1,2,0,7.71,8,Happy
C1648,22,Female,USA,Body Transformation,Instagram,Ongoing,14.3,No,No,0,0,0.29,0,0,0,0.29,0,At Risk
C1649,52,Female,USA,Weight Loss,TikTok,Yes,78.6,Yes,No,0,3,1.57,1,0,0,5.57,6,Happy
C1650,27,Female,Australia,Weight Loss,TikTok,Partial,100.0,Yes,No,0,1,2.0,1,0,0,4.0,4,Neutral
C1651,20,Male,USA,Weight Loss,Referral,Partial,100.0,Yes,Yes,1,1,2.0,1,2,2,8.0,8,Superfan
C1652,24,Male,Australia,Weight Loss,TikTok,Partial,92.9,No,No,0,1,1.86,0,0,0,2.86,3,At Risk
C1653,25,Female,USA,Body Transformation,Instagram,No,0.0,No,Yes,0,0,0.0,0,2,0,2.0,2,At Risk
C1654,28,Male,USA,Body Transformation,TikTok,Yes,100.0,Yes,No,0,3,2.0,1,0,0,6.0,6,Happy
C1655,49,Female,Nepal,Weight Gain,Referral,Ongoing,28.6,No,No,0,0,0.57,0,0,0,0.57,1,At Risk
C1656,30,Female,Nepal,Body Transformation,Instagram,Yes,78.6,Yes,No,0,3,1.57,1,0,0,5.57,6,Happy
C1657,37,Female,USA,Weight Loss,TikTok,Yes,78.6,Yes,No,0,3,1.57,1,0,0,5.57,6,Happy
C1658,23,Female,Australia,Weight Loss,Instagram,Yes,100.0,Yes,No,1,3,2.0,1,0,2,8.0,8,Superfan
C1659,58,Female,Australia,Weight Gain,Referral,Yes,92.9,Yes,No,0,3,1.86,1,0,0,5.86,6,Happy
C1660,25,Male,Nepal,Body Transformation,TikTok,Yes,78.6,No,No,0,3,1.57,0,0,0,4.57,5,Neutral
C1661,29,Female,Nepal,Weight Gain,TikTok,Yes,100.0,Yes,No,0,3,2.0,1,0,0,6.0,6,Happy
C1662,34,Female,Australia,Weight Gain,TikTok,Partial,78.6,Yes,No,1,1,1.57,1,0,2,5.57,6,Happy
C1663,39,Female,USA,Body Transformation,TikTok,Yes,92.9,No,No,0,3,1.86,0,0,0,4.86,5,Neutral
C1664,31,Male,Australia,Weight Loss,TikTok,Partial,85.7,No,No,0,1,1.71,0,0,0,2.71,3,At Risk
C1665,42,Female,Australia,Weight Gain,TikTok,Yes,85.7,Yes,No,1,3,1.71,1,0,2,7.71,8,Happy
C1666,33,Female,Australia,Weight Gain,TikTok,Yes,85.7,Yes,No,0,3,1.71,1,0,0,5.71,6,Happy
C1667,25,Female,Australia,Weight Gain,TikTok,Yes,92.9,Yes,No,0,3,1.86,1,0,0,5.86,6,Happy
C1668,50,Female,Australia,Weight Loss,TikTok,Partial,78.6,Yes,No,0,1,1.57,1,0,0,3.57,4,Neutral
C1669,38,Female,Canada,Weight Loss,Referral,Yes,100.0,Yes,No,0,3,2.0,1,0,0,6.0,6,Happy
C1670,28,Male,Nepal,Weight Loss,TikTok,Yes,78.6,Yes,No,0,3,1.57,1,0,0,5.57,6,Happy
C1671,34,Female,USA,Weight Loss,Instagram,Partial,100.0,No,No,0,1,2.0,0,0,0,3.0,3,Neutral
C1672,51,Female,Nepal,Weight Loss,Referral,Yes,78.6,Yes,No,0,3,1.57,1,0,0,5.57,6,Happy
C1673,27,Female,USA,Weight Loss,Instagram,Yes,92.9,Yes,No,1,3,1.86,1,0,2,7.86,8,Happy
C1674,39,Female,Australia,Weight Gain,TikTok,No,0.0,No,Yes,0,0,0.0,0,2,0,2.0,2,At Risk
C1675,23,Female,USA,Body Transformation,Instagram,Ongoing,35.7,No,No,0,0,0.71,0,0,0,0.71,1,At Risk
C1676,25,Male,USA,Weight Loss,Instagram,Yes,92.9,Yes,No,0,3,1.86,1,0,0,5.86,6,Happy
C1677,30,Female,USA,Weight Loss,Referral,Yes,85.7,Yes,No,0,3,1.71,1,0,0,5.71,6,Happy
C1678,56,Male,Nepal,Weight Loss,Referral,Partial,78.6,Yes,No,0,1,1.57,1,0,0,3.57,4,Neutral
C1679,24,Female,Australia,Weight Loss,Referral,Partial,92.9,No,No,1,1,1.86,0,0,2,4.86,5,Neutral
C1680,18,Male,Nepal,Weight Loss,TikTok,Yes,78.6,No,No,1,3,1.57,0,0,2,6.57,7,Happy
C1681,37,Female,USA,Weight Gain,TikTok,Yes,85.7,Yes,No,0,3,1.71,1,0,0,5.71,6,Happy
C1682,35,Female,USA,Weight Loss,Referral,Partial,92.9,Yes,Yes,0,1,1.86,1,2,0,5.86,6,Happy
C1683,44,Female,Australia,Weight Gain,TikTok,Yes,100.0,Yes,No,1,3,2.0,1,0,2,8.0,8,Superfan
C1684,58,Female,USA,Weight Gain,Instagram,Ongoing,14.3,Yes,No,0,0,0.29,1,0,0,1.29,1,At Risk
C1685,48,Male,USA,Weight Loss,Other,Yes,78.6,Yes,No,1,3,1.57,1,0,2,7.57,8,Happy
C1686,39,Male,USA,Weight Loss,TikTok,Yes,85.7,Yes,No,1,3,1.71,1,0,2,7.71,8,Happy
C1687,29,Male,Australia,Weight Loss,TikTok,Yes,78.6,Yes,No,0,3,1.57,1,0,0,5.57,6,Happy
C1688,23,Female,Nepal,Weight Gain,Referral,Yes,100.0,Yes,No,0,3,2.0,1,0,0,6.0,6,Happy
C1689,25,Female,Nepal,Weight Loss,Referral,Partial,100.0,Yes,Yes,0,1,2.0,1,2,0,6.0,6,Happy
C1690,21,Male,Australia,Weight Loss,Referral,Partial,92.9,Yes,No,0,1,1.86,1,0,0,3.86,4,Neutral
C1691,25,Female,USA,Weight Loss,Instagram,Yes,92.9,No,No,0,3,1.86,0,0,0,4.86,5,Neutral
C1692,41,Male,Nepal,Weight Loss,Other,Yes,92.9,Yes,No,0,3,1.86,1,0,0,5.86,6,Happy
C1693,19,Male,USA,Weight Loss,TikTok,Partial,100.0,Yes,No,0,1,2.0,1,0,0,4.0,4,Neutral
C1694,18,Female,Nepal,Weight Gain,Referral,Yes,92.9,No,Yes,1,3,1.86,0,2,2,8.86,9,Superfan
C1695,30,Female,USA,Weight Gain,TikTok,Ongoing,14.3,No,No,0,0,0.29,0,0,0,0.29,0,At Risk
C1696,26,Female,USA,Body Transformation,Instagram,Partial,85.7,Yes,No,0,1,1.71,1,0,0,3.71,4,Neutral
C1697,27,Male,Canada,Body Transformation,Referral,Yes,92.9,Yes,Yes,1,3,1.86,1,2,2,9.86,10,Superfan
C1698,24,Male,UAE,Weight Loss,Referral,Yes,78.6,Yes,Yes,0,3,1.57,1,2,0,7.57,8,Happy
C1699,25,Male,Australia,Weight Loss,Referral,Yes,92.9,Yes,No,1,3,1.86,1,0,2,7.86,8,Happy
C1700,22,Male,USA,Body Transformation,TikTok,Yes,78.6,No,No,0,3,1.57,0,0,0,4.57,5,Neutral
C1701,41,Female,Nepal,Body Transformation,TikTok,Partial,92.9,Yes,No,0,1,1.86,1,0,0,3.86,4,Neutral
C1702,44,Female,Australia,Body Transformation,TikTok,Yes,85.7,Yes,No,0,3,1.71,1,0,0,5.71,6,Happy
C1703,18,Male,USA,Weight Gain,Other,Ongoing,21.4,No,No,0,0,0.43,0,0,0,0.43,0,At Risk
C1704,34,Female,Australia,Weight Loss,TikTok,Yes,85.7,No,No,0,3,1.71,0,0,0,4.71,5,Neutral
C1705,46,Male,Nepal,Weight Loss,Referral,Yes,92.9,Yes,Yes,0,3,1.86,1,2,0,7.86,8,Happy
C1706,23,Female,USA,Weight Loss,TikTok,Ongoing,14.3,No,No,0,0,0.29,0,0,0,0.29,0,At Risk
C1707,32,Female,Australia,Weight Loss,TikTok,Partial,85.7,No,No,1,1,1.71,0,0,2,4.71,5,Neutral
C1708,34,Male,Australia,Weight Loss,Referral,No,0.0,No,No,0,0,0.0,0,0,0,0.0,0,At Risk
C1709,20,Female,USA,Weight Loss,Instagram,Yes,78.6,Yes,No,0,3,1.57,1,0,0,5.57,6,Happy
C1710,43,Female,Australia,Weight Loss,Referral,Partial,85.7,No,Yes,0,1,1.71,0,2,0,4.71,5,Neutral
C1711,27,Male,USA,Weight Gain,TikTok,Yes,85.7,Yes,No,0,3,1.71,1,0,0,5.71,6,Happy
C1712,33,Male,USA,Body Transformation,TikTok,Yes,100.0,Yes,No,0,3,2.0,1,0,0,6.0,6,Happy
C1713,29,Female,UAE,Weight Loss,Referral,Yes,78.6,No,No,0,3,1.57,0,0,0,4.57,5,Neutral
C1714,34,Male,UAE,Weight Loss,Instagram,Yes,92.9,Yes,No,0,3,1.86,1,0,0,5.86,6,Happy
C1715,45,Female,USA,Weight Loss,TikTok,Yes,78.6,Yes,No,1,3,1.57,1,0,2,7.57,8,Happy
C1716,20,Female,UAE,Weight Loss,TikTok,Yes,85.7,Yes,No,1,3,1.71,1,0,2,7.71,8,Happy
C1717,37,Male,Australia,Body Transformation,TikTok,Yes,78.6,Yes,No,0,3,1.57,1,0,0,5.57,6,Happy
C1718,38,Female,Canada,Weight Gain,TikTok,Partial,92.9,Yes,No,1,1,1.86,1,0,2,5.86,6,Happy
C1719,18,Female,Canada,Weight Loss,Referral,Yes,92.9,No,No,0,3,1.86,0,0,0,4.86,5,Neutral
C1720,47,Female,Australia,Weight Loss,Referral,Yes,85.7,Yes,No,0,3,1.71,1,0,0,5.71,6,Happy
C1721,43,Female,Australia,Weight Loss,TikTok,Partial,92.9,Yes,No,0,1,1.86,1,0,0,3.86,4,Neutral
C1722,45,Female,Australia,Weight Loss,Instagram,Yes,78.6,No,No,1,3,1.57,0,0,2,6.57,7,Happy
C1723,19,Female,USA,Weight Loss,TikTok,Yes,100.0,Yes,No,0,3,2.0,1,0,0,6.0,6,Happy
C1724,27,Female,UAE,Weight Loss,TikTok,Partial,85.7,Yes,No,0,1,1.71,1,0,0,3.71,4,Neutral
C1725,21,Male,Nepal,Weight Loss,Other,Partial,78.6,Yes,No,0,1,1.57,1,0,0,3.57,4,Neutral
C1726,22,Male,UAE,Body Transformation,Referral,Yes,100.0,No,Yes,0,3,2.0,0,2,0,7.0,7,Happy
C1727,28,Male,USA,Body Transformation,Referral,Yes,78.6,No,No,0,3,1.57,0,0,0,4.57,5,Neutral
C1728,30,Female,USA,Body Transformation,TikTok,Yes,85.7,Yes,No,1,3,1.71,1,0,2,7.71,8,Happy
C1729,36,Male,Australia,Weight Gain,TikTok,No,7.1,No,Yes,0,0,0.14,0,2,0,2.14,2,At Risk
C1730,33,Female,USA,Weight Loss,Other,Partial,92.9,Yes,No,0,1,1.86,1,0,0,3.86,4,Neutral
C1731,31,Male,USA,Weight Loss,Instagram,No,7.1,No,Yes,0,0,0.14,0,2,0,2.14,2,At Risk
C1732,25,Female,Canada,Body Transformation,TikTok,Yes,92.9,Yes,No,0,3,1.86,1,0,0,5.86,6,Happy
C1733,53,Female,Australia,Body Transformation,Referral,No,21.4,No,Yes,1,0,0.43,0,2,2,4.43,4,Neutral
C1734,29,Female,USA,Weight Loss,Referral,Yes,100.0,Yes,No,0,3,2.0,1,0,0,6.0,6,Happy
C1735,25,Female,USA,Weight Loss,Referral,Yes,92.9,No,No,0,3,1.86,0,0,0,4.86,5,Neutral
C1736,23,Female,USA,Weight Loss,Other,Partial,100.0,Yes,No,0,1,2.0,1,0,0,4.0,4,Neutral
C1737,32,Female,Australia,Weight Loss,TikTok,No,21.4,Yes,Yes,0,0,0.43,1,2,0,3.43,3,Neutral
C1738,31,Female,USA,Weight Gain,Instagram,Yes,92.9,Yes,No,0,3,1.86,1,0,0,5.86,6,Happy
C1739,25,Male,USA,Body Transformation,TikTok,Ongoing,21.4,No,No,0,0,0.43,0,0,0,0.43,0,At Risk
C1740,22,Male,Nepal,Weight Loss,Instagram,No,21.4,No,Yes,0,0,0.43,0,2,0,2.43,2,At Risk
C1741,30,Male,Canada,Weight Loss,TikTok,Yes,92.9,Yes,No,1,3,1.86,1,0,2,7.86,8,Happy
C1742,38,Female,Australia,Weight Loss,Other,Ongoing,35.7,No,No,0,0,0.71,0,0,0,0.71,1,At Risk
C1743,30,Male,USA,Weight Loss,TikTok,Partial,85.7,Yes,No,0,1,1.71,1,0,0,3.71,4,Neutral
C1744,24,Female,Nepal,Weight Loss,TikTok,Partial,85.7,Yes,No,1,1,1.71,1,0,2,5.71,6,Happy
C1745,36,Female,Other,Body Transformation,TikTok,Partial,100.0,Yes,No,0,1,2.0,1,0,0,4.0,4,Neutral
C1746,58,Male,USA,Body Transformation,Referral,Partial,78.6,Yes,No,1,1,1.57,1,0,2,5.57,6,Happy
C1747,39,Female,Nepal,Weight Gain,Other,Ongoing,28.6,No,No,1,0,0.57,0,0,2,2.57,3,At Risk
C1748,29,Female,Nepal,Body Transformation,TikTok,Partial,100.0,No,No,0,1,2.0,0,0,0,3.0,3,Neutral
C1749,39,Female,USA,Body Transformation,Other,Yes,78.6,Yes,No,1,3,1.57,1,0,2,7.57,8,Happy
C1750,27,Female,Australia,Weight Gain,Instagram,No,7.1,No,No,0,0,0.14,0,0,0,0.14,0,At Risk
C1751,26,Female,Nepal,Body Transformation,TikTok,Partial,78.6,No,No,0,1,1.57,0,0,0,2.57,3,At Risk
C1752,36,Male,Other,Body Transformation,TikTok,Yes,92.9,Yes,No,0,3,1.86,1,0,0,5.86,6,Happy
C1753,19,Female,USA,Weight Loss,TikTok,Yes,78.6,No,No,0,3,1.57,0,0,0,4.57,5,Neutral
C1754,60,Female,Australia,Weight Loss,TikTok,Yes,100.0,Yes,No,0,3,2.0,1,0,0,6.0,6,Happy
C1755,23,Male,Nepal,Weight Loss,TikTok,Yes,78.6,No,No,0,3,1.57,0,0,0,4.57,5,Neutral
C1756,25,Male,Australia,Weight Gain,Referral,Partial,85.7,Yes,No,0,1,1.71,1,0,0,3.71,4,Neutral
C1757,37,Female,Australia,Weight Loss,Referral,Partial,78.6,No,Yes,0,1,1.57,0,2,0,4.57,5,Neutral
C1758,22,Female,Australia,Weight Loss,TikTok,Ongoing,21.4,Yes,No,0,0,0.43,1,0,0,1.43,1,At Risk
C1759,31,Male,Australia,Body Transformation,TikTok,Yes,85.7,Yes,No,1,3,1.71,1,0,2,7.71,8,Happy
C1760,37,Female,Australia,Weight Loss,TikTok,Ongoing,21.4,No,No,0,0,0.43,0,0,0,0.43,0,At Risk
C1761,48,Female,Australia,Body Transformation,TikTok,Yes,85.7,Yes,No,1,3,1.71,1,0,2,7.71,8,Happy
C1762,26,Female,Canada,Body Transformation,TikTok,Ongoing,28.6,No,No,0,0,0.57,0,0,0,0.57,1,At Risk
C1763,29,Female,Nepal,Weight Gain,TikTok,Yes,78.6,Yes,No,0,3,1.57,1,0,0,5.57,6,Happy
C1764,33,Female,Canada,Body Transformation,Instagram,Ongoing,35.7,No,No,1,0,0.71,0,0,2,2.71,3,At Risk
C1765,27,Male,USA,Weight Gain,TikTok,Yes,92.9,Yes,No,0,3,1.86,1,0,0,5.86,6,Happy
C1766,44,Female,Other,Body Transformation,TikTok,Partial,78.6,No,No,1,1,1.57,0,0,2,4.57,5,Neutral
C1767,32,Female,USA,Body Transformation,TikTok,Partial,85.7,Yes,No,0,1,1.71,1,0,0,3.71,4,Neutral
C1768,25,Female,Australia,Weight Loss,TikTok,Yes,92.9,Yes,No,0,3,1.86,1,0,0,5.86,6,Happy
C1769,18,Female,Canada,Body Transformation,TikTok,Yes,78.6,No,No,0,3,1.57,0,0,0,4.57,5,Neutral
C1770,25,Female,Australia,Body Transformation,TikTok,Yes,78.6,Yes,No,0,3,1.57,1,0,0,5.57,6,Happy
C1771,26,Female,UAE,Weight Gain,Referral,Yes,85.7,Yes,No,0,3,1.71,1,0,0,5.71,6,Happy
C1772,42,Male,Australia,Weight Loss,TikTok,Yes,78.6,Yes,No,0,3,1.57,1,0,0,5.57,6,Happy
C1773,31,Female,Nepal,Weight Loss,Instagram,Yes,92.9,Yes,No,0,3,1.86,1,0,0,5.86,6,Happy
C1774,29,Female,Nepal,Weight Loss,Instagram,No,0.0,No,Yes,0,0,0.0,0,2,0,2.0,2,At Risk
C1775,23,Female,Australia,Weight Loss,TikTok,Ongoing,35.7,No,No,1,0,0.71,0,0,2,2.71,3,At Risk
C1776,25,Male,USA,Body Transformation,TikTok,Partial,92.9,Yes,No,0,1,1.86,1,0,0,3.86,4,Neutral
C1777,45,Female,Australia,Weight Loss,TikTok,Partial,92.9,Yes,No,0,1,1.86,1,0,0,3.86,4,Neutral
C1778,49,Male,Australia,Body Transformation,Referral,Yes,78.6,Yes,No,0,3,1.57,1,0,0,5.57,6,Happy
C1779,35,Male,USA,Body Transformation,TikTok,Yes,92.9,Yes,No,1,3,1.86,1,0,2,7.86,8,Happy
C1780,26,Female,Australia,Weight Loss,TikTok,Yes,85.7,Yes,No,0,3,1.71,1,0,0,5.71,6,Happy
C1781,38,Male,USA,Weight Loss,Instagram,Yes,78.6,Yes,No,0,3,1.57,1,0,0,5.57,6,Happy
C1782,26,Female,USA,Body Transformation,Other,Yes,85.7,Yes,No,0,3,1.71,1,0,0,5.71,6,Happy
C1783,42,Female,USA,Weight Gain,Other,No,7.1,No,Yes,1,0,0.14,0,2,2,4.14,4,Neutral
C1784,29,Female,Australia,Body Transformation,Instagram,Partial,85.7,Yes,No,0,1,1.71,1,0,0,3.71,4,Neutral
C1785,34,Female,USA,Body Transformation,Referral,Partial,85.7,Yes,Yes,0,1,1.71,1,2,0,5.71,6,Happy
C1786,43,Female,Australia,Weight Loss,Referral,Yes,85.7,Yes,Yes,0,3,1.71,1,2,0,7.71,8,Happy
C1787,44,Female,USA,Weight Loss,Referral,Yes,85.7,No,Yes,0,3,1.71,0,2,0,6.71,7,Happy
C1788,27,Female,Australia,Weight Loss,TikTok,Yes,78.6,Yes,No,1,3,1.57,1,0,2,7.57,8,Happy
C1789,28,Female,Australia,Weight Loss,TikTok,Ongoing,21.4,No,No,0,0,0.43,0,0,0,0.43,0,At Risk
C1790,34,Female,Australia,Weight Gain,Instagram,Yes,100.0,Yes,No,1,3,2.0,1,0,2,8.0,8,Superfan
C1791,27,Male,Other,Weight Gain,Referral,Partial,92.9,Yes,No,1,1,1.86,1,0,2,5.86,6,Happy
C1792,32,Male,Australia,Weight Loss,Instagram,Partial,78.6,Yes,No,0,1,1.57,1,0,0,3.57,4,Neutral
C1793,20,Male,Australia,Weight Loss,TikTok,Ongoing,28.6,No,No,0,0,0.57,0,0,0,0.57,1,At Risk
C1794,34,Female,UAE,Body Transformation,Referral,Yes,100.0,Yes,Yes,0,3,2.0,1,2,0,8.0,8,Superfan
C1795,34,Male,UAE,Body Transformation,Instagram,Yes,85.7,Yes,No,0,3,1.71,1,0,0,5.71,6,Happy
C1796,38,Female,USA,Body Transformation,Instagram,Yes,100.0,Yes,No,1,3,2.0,1,0,2,8.0,8,Superfan
C1797,37,Female,USA,Weight Gain,Referral,Yes,100.0,No,No,0,3,2.0,0,0,0,5.0,5,Happy
C1798,28,Female,Australia,Weight Loss,Instagram,Yes,78.6,No,No,0,3,1.57,0,0,0,4.57,5,Neutral
C1799,18,Female,USA,Weight Loss,TikTok,Yes,78.6,Yes,No,0,3,1.57,1,0,0,5.57,6,Happy
C1800,18,Female,Nepal,Weight Loss,Referral,Partial,78.6,Yes,Yes,0,1,1.57,1,2,0,5.57,6,Happy
C1801,29,Female,Nepal,Weight Loss,Other,Yes,85.7,Yes,No,1,3,1.71,1,0,2,7.71,8,Happy
C1802,45,Male,USA,Body Transformation,TikTok,Yes,100.0,Yes,No,0,3,2.0,1,0,0,6.0,6,Happy
C1803,27,Female,USA,Body Transformation,Instagram,No,7.1,No,No,0,0,0.14,0,0,0,0.14,0,At Risk
C1804,31,Female,Australia,Weight Loss,TikTok,Yes,78.6,No,No,0,3,1.57,0,0,0,4.57,5,Neutral
C1805,48,Female,UAE,Weight Gain,Referral,Yes,78.6,Yes,No,0,3,1.57,1,0,0,5.57,6,Happy
C1806,32,Female,Nepal,Body Transformation,TikTok,Partial,78.6,Yes,No,0,1,1.57,1,0,0,3.57,4,Neutral
C1807,36,Male,USA,Weight Loss,TikTok,Partial,78.6,Yes,No,0,1,1.57,1,0,0,3.57,4,Neutral
C1808,38,Female,USA,Body Transformation,TikTok,Yes,100.0,Yes,No,0,3,2.0,1,0,0,6.0,6,Happy
C1809,57,Male,Australia,Weight Loss,TikTok,Partial,92.9,Yes,No,1,1,1.86,1,0,2,5.86,6,Happy
C1810,19,Female,USA,Weight Gain,Referral,Ongoing,14.3,No,No,0,0,0.29,0,0,0,0.29,0,At Risk
C1811,36,Male,Australia,Weight Loss,Instagram,Yes,92.9,Yes,No,0,3,1.86,1,0,0,5.86,6,Happy
C1812,35,Female,USA,Weight Loss,Referral,Ongoing,35.7,No,No,0,0,0.71,0,0,0,0.71,1,At Risk
C1813,20,Female,Australia,Weight Loss,Referral,No,0.0,No,Yes,0,0,0.0,0,2,0,2.0,2,At Risk
C1814,30,Female,Australia,Body Transformation,TikTok,Yes,85.7,Yes,No,1,3,1.71,1,0,2,7.71,8,Happy
C1815,33,Female,Australia,Weight Loss,Instagram,Yes,92.9,Yes,No,1,3,1.86,1,0,2,7.86,8,Happy
C1816,34,Female,Australia,Body Transformation,TikTok,Yes,100.0,Yes,No,0,3,2.0,1,0,0,6.0,6,Happy
C1817,25,Female,USA,Body Transformation,Referral,Yes,92.9,Yes,No,0,3,1.86,1,0,0,5.86,6,Happy
C1818,28,Male,Nepal,Weight Loss,Referral,Yes,85.7,Yes,Yes,0,3,1.71,1,2,0,7.71,8,Happy
C1819,52,Female,Australia,Weight Loss,TikTok,Yes,78.6,Yes,No,1,3,1.57,1,0,2,7.57,8,Happy
C1820,45,Female,Canada,Weight Loss,TikTok,Ongoing,28.6,No,No,1,0,0.57,0,0,2,2.57,3,At Risk
C1821,38,Female,USA,Weight Gain,TikTok,Yes,78.6,Yes,No,0,3,1.57,1,0,0,5.57,6,Happy
C1822,56,Male,Australia,Weight Loss,Instagram,No,0.0,No,Yes,0,0,0.0,0,2,0,2.0,2,At Risk
C1823,38,Male,Nepal,Body Transformation,Referral,Partial,92.9,Yes,No,0,1,1.86,1,0,0,3.86,4,Neutral
C1824,29,Female,Australia,Weight Loss,Instagram,Yes,100.0,Yes,No,0,3,2.0,1,0,0,6.0,6,Happy
C1825,22,Female,Nepal,Weight Gain,TikTok,Yes,92.9,Yes,No,0,3,1.86,1,0,0,5.86,6,Happy
C1826,57,Female,USA,Weight Loss,TikTok,Yes,85.7,Yes,No,1,3,1.71,1,0,2,7.71,8,Happy
C1827,38,Female,Australia,Body Transformation,Referral,Yes,85.7,Yes,No,0,3,1.71,1,0,0,5.71,6,Happy
C1828,43,Female,Nepal,Weight Loss,Instagram,Partial,78.6,Yes,No,0,1,1.57,1,0,0,3.57,4,Neutral
C1829,36,Female,Australia,Weight Gain,TikTok,No,7.1,No,Yes,0,0,0.14,0,2,0,2.14,2,At Risk
C1830,52,Female,Nepal,Body Transformation,TikTok,No,7.1,No,Yes,1,0,0.14,0,2,2,4.14,4,Neutral
C1831,27,Female,Australia,Weight Gain,TikTok,Partial,92.9,Yes,No,0,1,1.86,1,0,0,3.86,4,Neutral
C1832,35,Female,USA,Weight Loss,Referral,No,7.1,No,Yes,0,0,0.14,0,2,0,2.14,2,At Risk
C1833,27,Female,Nepal,Weight Gain,TikTok,No,7.1,No,No,0,0,0.14,0,0,0,0.14,0,At Risk
C1834,53,Female,Nepal,Weight Loss,TikTok,Yes,85.7,Yes,No,0,3,1.71,1,0,0,5.71,6,Happy
C1835,55,Female,Nepal,Body Transformation,TikTok,Partial,78.6,No,No,0,1,1.57,0,0,0,2.57,3,At Risk
C1836,49,Female,USA,Weight Loss,Instagram,Yes,92.9,Yes,No,0,3,1.86,1,0,0,5.86,6,Happy
C1837,47,Female,USA,Weight Gain,Instagram,No,7.1,No,Yes,0,0,0.14,0,2,0,2.14,2,At Risk
C1838,34,Female,USA,Body Transformation,Referral,Yes,85.7,Yes,No,1,3,1.71,1,0,2,7.71,8,Happy
C1839,60,Male,Australia,Body Transformation,TikTok,Partial,85.7,Yes,No,0,1,1.71,1,0,0,3.71,4,Neutral
C1840,34,Female,USA,Body Transformation,TikTok,Partial,100.0,Yes,No,0,1,2.0,1,0,0,4.0,4,Neutral
C1841,24,Female,UAE,Body Transformation,TikTok,Partial,92.9,No,No,1,1,1.86,0,0,2,4.86,5,Neutral
C1842,25,Male,Nepal,Weight Loss,Instagram,Ongoing,28.6,No,No,0,0,0.57,0,0,0,0.57,1,At Risk
C1843,55,Female,Australia,Weight Gain,TikTok,Partial,100.0,Yes,No,0,1,2.0,1,0,0,4.0,4,Neutral
C1844,36,Male,Nepal,Weight Loss,TikTok,Partial,100.0,Yes,No,0,1,2.0,1,0,0,4.0,4,Neutral
C1845,34,Female,USA,Weight Loss,TikTok,Yes,85.7,Yes,No,0,3,1.71,1,0,0,5.71,6,Happy
C1846,26,Female,USA,Body Transformation,TikTok,Partial,78.6,Yes,No,0,1,1.57,1,0,0,3.57,4,Neutral
C1847,20,Female,Australia,Weight Loss,TikTok,Yes,100.0,Yes,No,0,3,2.0,1,0,0,6.0,6,Happy
C1848,18,Female,Australia,Weight Loss,TikTok,Yes,78.6,Yes,No,1,3,1.57,1,0,2,7.57,8,Happy
C1849,21,Male,Nepal,Weight Loss,TikTok,Partial,78.6,Yes,No,1,1,1.57,1,0,2,5.57,6,Happy
C1850,18,Female,Nepal,Weight Loss,Instagram,No,21.4,Yes,No,0,0,0.43,1,0,0,1.43,1,At Risk
C1851,48,Female,Australia,Weight Loss,TikTok,Yes,85.7,Yes,No,0,3,1.71,1,0,0,5.71,6,Happy
C1852,40,Female,Nepal,Weight Loss,TikTok,Yes,92.9,Yes,No,0,3,1.86,1,0,0,5.86,6,Happy
C1853,56,Female,Other,Weight Gain,TikTok,Partial,92.9,No,No,0,1,1.86,0,0,0,2.86,3,At Risk
C1854,33,Female,Australia,Body Transformation,Referral,Partial,100.0,Yes,No,0,1,2.0,1,0,0,4.0,4,Neutral
C1855,28,Female,Australia,Weight Loss,TikTok,Partial,92.9,Yes,No,1,1,1.86,1,0,2,5.86,6,Happy
C1856,35,Female,Australia,Weight Gain,Instagram,Yes,92.9,No,No,0,3,1.86,0,0,0,4.86,5,Neutral
C1857,25,Female,USA,Body Transformation,Referral,Partial,78.6,Yes,No,0,1,1.57,1,0,0,3.57,4,Neutral
C1858,36,Female,Nepal,Weight Loss,Referral,Partial,92.9,Yes,No,0,1,1.86,1,0,0,3.86,4,Neutral
C1859,40,Female,Nepal,Weight Gain,Referral,Yes,78.6,Yes,Yes,0,3,1.57,1,2,0,7.57,8,Happy
C1860,30,Male,USA,Weight Loss,Instagram,Partial,92.9,No,No,0,1,1.86,0,0,0,2.86,3,At Risk
C1861,24,Female,USA,Weight Loss,TikTok,Partial,78.6,Yes,No,0,1,1.57,1,0,0,3.57,4,Neutral
C1862,23,Female,Nepal,Weight Loss,Instagram,Partial,85.7,No,No,0,1,1.71,0,0,0,2.71,3,At Risk
C1863,26,Male,UAE,Weight Loss,TikTok,Yes,85.7,Yes,No,0,3,1.71,1,0,0,5.71,6,Happy
C1864,52,Male,UAE,Weight Loss,Referral,Yes,85.7,Yes,No,0,3,1.71,1,0,0,5.71,6,Happy
C1865,45,Female,Australia,Body Transformation,Referral,Partial,92.9,Yes,No,0,1,1.86,1,0,0,3.86,4,Neutral
C1866,58,Female,Australia,Weight Loss,Other,Partial,78.6,Yes,No,0,1,1.57,1,0,0,3.57,4,Neutral
C1867,25,Male,UAE,Body Transformation,Referral,Partial,78.6,Yes,No,0,1,1.57,1,0,0,3.57,4,Neutral
C1868,26,Female,Nepal,Weight Loss,Referral,Yes,78.6,Yes,Yes,0,3,1.57,1,2,0,7.57,8,Happy
C1869,39,Female,Nepal,Weight Gain,TikTok,Yes,78.6,No,No,0,3,1.57,0,0,0,4.57,5,Neutral
C1870,40,Female,Australia,Weight Gain,Referral,Yes,85.7,Yes,No,0,3,1.71,1,0,0,5.71,6,Happy
C1871,46,Female,USA,Weight Gain,Other,Yes,92.9,Yes,No,0,3,1.86,1,0,0,5.86,6,Happy
C1872,30,Male,USA,Weight Loss,TikTok,Yes,92.9,Yes,No,0,3,1.86,1,0,0,5.86,6,Happy
C1873,48,Female,Nepal,Body Transformation,TikTok,Yes,85.7,Yes,No,0,3,1.71,1,0,0,5.71,6,Happy
C1874,28,Male,Australia,Weight Loss,TikTok,Yes,78.6,Yes,No,0,3,1.57,1,0,0,5.57,6,Happy
C1875,26,Female,Other,Weight Loss,TikTok,Yes,92.9,Yes,No,0,3,1.86,1,0,0,5.86,6,Happy
C1876,32,Female,Australia,Body Transformation,TikTok,Yes,85.7,Yes,No,0,3,1.71,1,0,0,5.71,6,Happy
C1877,25,Female,Nepal,Body Transformation,TikTok,Yes,85.7,Yes,No,1,3,1.71,1,0,2,7.71,8,Happy
C1878,28,Male,Australia,Weight Gain,TikTok,Yes,78.6,Yes,No,0,3,1.57,1,0,0,5.57,6,Happy
C1879,43,Female,Australia,Weight Loss,Referral,No,7.1,No,Yes,0,0,0.14,0,2,0,2.14,2,At Risk
C1880,30,Female,Australia,Weight Loss,Referral,Yes,100.0,Yes,Yes,0,3,2.0,1,2,0,8.0,8,Superfan
C1881,37,Male,USA,Body Transformation,Other,No,0.0,No,No,0,0,0.0,0,0,0,0.0,0,At Risk
C1882,45,Male,Nepal,Body Transformation,TikTok,Yes,85.7,Yes,No,0,3,1.71,1,0,0,5.71,6,Happy
C1883,30,Female,Australia,Weight Gain,TikTok,No,14.3,No,No,0,0,0.29,0,0,0,0.29,0,At Risk
C1884,28,Female,Canada,Body Transformation,Other,Partial,100.0,Yes,No,0,1,2.0,1,0,0,4.0,4,Neutral
C1885,49,Male,Australia,Body Transformation,Instagram,Yes,78.6,No,No,0,3,1.57,0,0,0,4.57,5,Neutral
C1886,32,Male,USA,Weight Loss,TikTok,No,7.1,No,Yes,0,0,0.14,0,2,0,2.14,2,At Risk
C1887,26,Female,USA,Body Transformation,TikTok,No,0.0,No,No,0,0,0.0,0,0,0,0.0,0,At Risk
C1888,26,Male,Australia,Weight Loss,Instagram,Yes,78.6,Yes,No,0,3,1.57,1,0,0,5.57,6,Happy
C1889,60,Female,Australia,Weight Loss,Referral,Ongoing,35.7,No,No,0,0,0.71,0,0,0,0.71,1,At Risk
C1890,25,Female,Nepal,Weight Loss,TikTok,Yes,78.6,No,No,0,3,1.57,0,0,0,4.57,5,Neutral
C1891,21,Female,Australia,Weight Gain,Instagram,Yes,92.9,Yes,No,1,3,1.86,1,0,2,7.86,8,Happy
C1892,30,Female,Canada,Weight Loss,TikTok,Yes,100.0,Yes,No,0,3,2.0,1,0,0,6.0,6,Happy
C1893,24,Female,USA,Body Transformation,TikTok,No,7.1,No,Yes,1,0,0.14,0,2,2,4.14,4,Neutral
C1894,56,Male,Australia,Body Transformation,Referral,Yes,78.6,Yes,Yes,0,3,1.57,1,2,0,7.57,8,Happy
C1895,23,Female,Australia,Weight Loss,Referral,Partial,78.6,No,Yes,0,1,1.57,0,2,0,4.57,5,Neutral
C1896,45,Male,USA,Body Transformation,TikTok,Partial,100.0,Yes,No,0,1,2.0,1,0,0,4.0,4,Neutral
C1897,25,Female,Nepal,Body Transformation,TikTok,Partial,78.6,Yes,No,1,1,1.57,1,0,2,5.57,6,Happy
C1898,26,Female,Australia,Weight Loss,TikTok,Partial,85.7,Yes,No,0,1,1.71,1,0,0,3.71,4,Neutral
C1899,29,Male,Nepal,Body Transformation,TikTok,Yes,100.0,Yes,No,0,3,2.0,1,0,0,6.0,6,Happy
C1900,20,Female,USA,Weight Loss,Referral,Partial,100.0,Yes,Yes,0,1,2.0,1,2,0,6.0,6,Happy
C1901,20,Female,Australia,Body Transformation,Instagram,Yes,92.9,Yes,No,0,3,1.86,1,0,0,5.86,6,Happy
C1902,57,Female,UAE,Weight Gain,TikTok,Yes,100.0,Yes,No,1,3,2.0,1,0,2,8.0,8,Superfan
C1903,26,Female,Nepal,Weight Loss,Referral,Yes,100.0,Yes,Yes,0,3,2.0,1,2,0,8.0,8,Superfan
C1904,31,Female,Australia,Weight Loss,TikTok,Yes,92.9,Yes,No,0,3,1.86,1,0,0,5.86,6,Happy
C1905,42,Male,Australia,Body Transformation,TikTok,Yes,100.0,No,No,0,3,2.0,0,0,0,5.0,5,Happy
C1906,28,Female,USA,Weight Gain,Instagram,No,7.1,No,No,0,0,0.14,0,0,0,0.14,0,At Risk
C1907,33,Female,Australia,Weight Loss,TikTok,Yes,92.9,Yes,No,0,3,1.86,1,0,0,5.86,6,Happy
C1908,55,Female,USA,Body Transformation,Instagram,Partial,100.0,Yes,No,1,1,2.0,1,0,2,6.0,6,Happy
C1909,48,Female,Australia,Weight Gain,TikTok,Partial,85.7,No,No,1,1,1.71,0,0,2,4.71,5,Neutral
C1910,38,Female,Australia,Body Transformation,TikTok,Yes,85.7,Yes,No,0,3,1.71,1,0,0,5.71,6,Happy
C1911,19,Female,USA,Body Transformation,Instagram,Yes,85.7,Yes,No,0,3,1.71,1,0,0,5.71,6,Happy
C1912,29,Female,UAE,Weight Gain,Instagram,Yes,85.7,Yes,No,0,3,1.71,1,0,0,5.71,6,Happy
C1913,25,Female,USA,Body Transformation,TikTok,Yes,78.6,Yes,No,0,3,1.57,1,0,0,5.57,6,Happy
C1914,36,Male,Australia,Weight Loss,TikTok,Yes,78.6,Yes,No,0,3,1.57,1,0,0,5.57,6,Happy
C1915,23,Female,Nepal,Weight Gain,TikTok,Yes,100.0,Yes,No,0,3,2.0,1,0,0,6.0,6,Happy
C1916,23,Female,Nepal,Weight Gain,Referral,No,14.3,No,Yes,0,0,0.29,0,2,0,2.29,2,At Risk
C1917,29,Female,Australia,Weight Loss,TikTok,Yes,85.7,Yes,No,0,3,1.71,1,0,0,5.71,6,Happy
C1918,53,Female,Australia,Weight Gain,Instagram,No,14.3,Yes,Yes,0,0,0.29,1,2,0,3.29,3,Neutral
C1919,38,Male,USA,Body Transformation,Referral,Partial,85.7,Yes,Yes,0,1,1.71,1,2,0,5.71,6,Happy
C1920,31,Female,USA,Weight Loss,TikTok,Partial,85.7,Yes,No,0,1,1.71,1,0,0,3.71,4,Neutral
C1921,32,Male,Australia,Body Transformation,TikTok,Yes,92.9,Yes,No,0,3,1.86,1,0,0,5.86,6,Happy
C1922,28,Male,Australia,Weight Gain,TikTok,Ongoing,28.6,No,No,0,0,0.57,0,0,0,0.57,1,At Risk
C1923,38,Female,Australia,Weight Gain,TikTok,Partial,100.0,Yes,No,1,1,2.0,1,0,2,6.0,6,Happy
C1924,33,Female,USA,Weight Loss,Instagram,Ongoing,28.6,No,No,0,0,0.57,0,0,0,0.57,1,At Risk
C1925,36,Female,Australia,Weight Gain,TikTok,Partial,78.6,Yes,No,0,1,1.57,1,0,0,3.57,4,Neutral
C1926,32,Female,Australia,Body Transformation,TikTok,Yes,92.9,No,No,0,3,1.86,0,0,0,4.86,5,Neutral
C1927,29,Female,Australia,Weight Loss,TikTok,Ongoing,35.7,No,No,1,0,0.71,0,0,2,2.71,3,At Risk
C1928,35,Female,Australia,Weight Loss,TikTok,Partial,92.9,Yes,No,0,1,1.86,1,0,0,3.86,4,Neutral
C1929,19,Male,Nepal,Weight Loss,TikTok,No,7.1,No,Yes,1,0,0.14,0,2,2,4.14,4,Neutral
C1930,25,Female,Australia,Weight Gain,TikTok,Yes,100.0,Yes,No,1,3,2.0,1,0,2,8.0,8,Superfan
C1931,38,Male,Australia,Body Transformation,Instagram,Partial,85.7,Yes,No,1,1,1.71,1,0,2,5.71,6,Happy
C1932,37,Female,USA,Weight Gain,Referral,Partial,78.6,Yes,Yes,0,1,1.57,1,2,0,5.57,6,Happy
C1933,41,Male,USA,Body Transformation,Referral,Yes,92.9,Yes,No,0,3,1.86,1,0,0,5.86,6,Happy
C1934,25,Female,USA,Body Transformation,TikTok,Partial,85.7,Yes,No,0,1,1.71,1,0,0,3.71,4,Neutral
C1935,23,Female,Australia,Body Transformation,Referral,Partial,92.9,Yes,Yes,1,1,1.86,1,2,2,7.86,8,Happy
C1936,28,Female,Nepal,Weight Gain,TikTok,Partial,92.9,Yes,No,0,1,1.86,1,0,0,3.86,4,Neutral
C1937,26,Female,Australia,Weight Loss,Referral,Partial,100.0,Yes,Yes,0,1,2.0,1,2,0,6.0,6,Happy
C1938,29,Female,Nepal,Weight Gain,TikTok,Yes,92.9,Yes,No,0,3,1.86,1,0,0,5.86,6,Happy
C1939,41,Female,Australia,Body Transformation,Other,No,0.0,Yes,Yes,0,0,0.0,1,2,0,3.0,3,Neutral
C1940,28,Male,USA,Body Transformation,TikTok,Yes,100.0,Yes,No,1,3,2.0,1,0,2,8.0,8,Superfan
C1941,56,Female,USA,Body Transformation,TikTok,Yes,100.0,Yes,No,0,3,2.0,1,0,0,6.0,6,Happy
C1942,28,Female,UAE,Weight Loss,Instagram,Yes,85.7,Yes,No,0,3,1.71,1,0,0,5.71,6,Happy
C1943,39,Female,Canada,Weight Gain,TikTok,Yes,92.9,Yes,No,0,3,1.86,1,0,0,5.86,6,Happy
C1944,37,Male,USA,Body Transformation,TikTok,Yes,100.0,No,No,0,3,2.0,0,0,0,5.0,5,Happy
C1945,60,Female,Australia,Body Transformation,TikTok,Yes,85.7,Yes,No,0,3,1.71,1,0,0,5.71,6,Happy
C1946,28,Male,USA,Weight Loss,Referral,Yes,85.7,Yes,No,0,3,1.71,1,0,0,5.71,6,Happy
C1947,31,Male,USA,Weight Loss,TikTok,Yes,78.6,Yes,No,0,3,1.57,1,0,0,5.57,6,Happy
C1948,20,Female,USA,Body Transformation,Referral,Yes,92.9,Yes,Yes,0,3,1.86,1,2,0,7.86,8,Happy
C1949,30,Male,Nepal,Weight Loss,TikTok,Partial,78.6,Yes,No,1,1,1.57,1,0,2,5.57,6,Happy
C1950,59,Male,USA,Body Transformation,Instagram,Partial,92.9,Yes,No,0,1,1.86,1,0,0,3.86,4,Neutral
C1951,33,Female,Canada,Weight Loss,Instagram,Ongoing,35.7,No,No,0,0,0.71,0,0,0,0.71,1,At Risk
C1952,29,Male,Australia,Body Transformation,TikTok,Partial,100.0,No,No,0,1,2.0,0,0,0,3.0,3,Neutral
C1953,37,Female,USA,Weight Loss,Referral,Yes,85.7,Yes,No,0,3,1.71,1,0,0,5.71,6,Happy
C1954,22,Female,Australia,Weight Loss,TikTok,Yes,78.6,Yes,No,0,3,1.57,1,0,0,5.57,6,Happy
C1955,28,Male,USA,Weight Gain,TikTok,Partial,85.7,Yes,No,1,1,1.71,1,0,2,5.71,6,Happy
C1956,47,Female,USA,Weight Loss,Referral,Partial,100.0,Yes,Yes,0,1,2.0,1,2,0,6.0,6,Happy
C1957,27,Female,Australia,Weight Loss,Referral,Yes,92.9,Yes,No,0,3,1.86,1,0,0,5.86,6,Happy
C1958,32,Male,Nepal,Weight Gain,TikTok,Yes,78.6,Yes,No,0,3,1.57,1,0,0,5.57,6,Happy
C1959,49,Male,Australia,Body Transformation,TikTok,Yes,92.9,Yes,No,0,3,1.86,1,0,0,5.86,6,Happy
C1960,19,Male,Nepal,Weight Gain,TikTok,No,7.1,No,Yes,0,0,0.14,0,2,0,2.14,2,At Risk
C1961,21,Female,UAE,Weight Loss,TikTok,Yes,100.0,No,No,0,3,2.0,0,0,0,5.0,5,Happy
C1962,18,Female,Australia,Weight Loss,Instagram,Yes,78.6,Yes,No,0,3,1.57,1,0,0,5.57,6,Happy
C1963,21,Female,Australia,Weight Gain,TikTok,Yes,100.0,Yes,No,0,3,2.0,1,0,0,6.0,6,Happy
C1964,19,Female,Canada,Weight Loss,Instagram,Partial,78.6,No,No,1,1,1.57,0,0,2,4.57,5,Neutral
C1965,26,Female,USA,Body Transformation,Referral,Partial,92.9,Yes,Yes,0,1,1.86,1,2,0,5.86,6,Happy
C1966,26,Female,Australia,Weight Gain,TikTok,Yes,85.7,Yes,No,0,3,1.71,1,0,0,5.71,6,Happy
C1967,38,Female,Nepal,Body Transformation,TikTok,Yes,92.9,Yes,No,0,3,1.86,1,0,0,5.86,6,Happy
C1968,29,Female,Australia,Weight Loss,TikTok,Partial,92.9,Yes,No,0,1,1.86,1,0,0,3.86,4,Neutral
C1969,33,Female,USA,Body Transformation,TikTok,Yes,78.6,Yes,No,0,3,1.57,1,0,0,5.57,6,Happy
C1970,43,Female,Australia,Weight Loss,TikTok,Partial,85.7,Yes,No,0,1,1.71,1,0,0,3.71,4,Neutral
C1971,20,Male,USA,Body Transformation,Referral,Yes,100.0,No,No,0,3,2.0,0,0,0,5.0,5,Happy
C1972,37,Male,USA,Weight Gain,TikTok,Partial,100.0,Yes,No,0,1,2.0,1,0,0,4.0,4,Neutral
C1973,30,Female,Nepal,Body Transformation,TikTok,Yes,100.0,Yes,No,0,3,2.0,1,0,0,6.0,6,Happy
C1974,53,Female,Nepal,Weight Gain,TikTok,Partial,92.9,No,No,0,1,1.86,0,0,0,2.86,3,At Risk
C1975,46,Female,USA,Weight Loss,Instagram,Yes,85.7,Yes,No,0,3,1.71,1,0,0,5.71,6,Happy
C1976,56,Male,Nepal,Body Transformation,TikTok,Yes,85.7,Yes,No,0,3,1.71,1,0,0,5.71,6,Happy
C1977,19,Female,USA,Weight Loss,TikTok,Partial,85.7,No,No,0,1,1.71,0,0,0,2.71,3,At Risk
C1978,27,Male,UAE,Weight Gain,Referral,Partial,85.7,Yes,No,0,1,1.71,1,0,0,3.71,4,Neutral
C1979,25,Female,USA,Weight Loss,Instagram,Yes,85.7,Yes,No,0,3,1.71,1,0,0,5.71,6,Happy
C1980,33,Female,Australia,Weight Gain,Referral,No,7.1,No,No,0,0,0.14,0,0,0,0.14,0,At Risk
C1981,47,Female,Nepal,Weight Loss,TikTok,Ongoing,21.4,No,No,0,0,0.43,0,0,0,0.43,0,At Risk
C1982,22,Female,Australia,Weight Loss,TikTok,Ongoing,21.4,No,No,0,0,0.43,0,0,0,0.43,0,At Risk
C1983,30,Female,Australia,Body Transformation,TikTok,No,0.0,No,Yes,0,0,0.0,0,2,0,2.0,2,At Risk
C1984,25,Female,UAE,Body Transformation,TikTok,Partial,85.7,No,No,0,1,1.71,0,0,0,2.71,3,At Risk
C1985,50,Female,USA,Weight Loss,TikTok,Partial,92.9,Yes,No,1,1,1.86,1,0,2,5.86,6,Happy
C1986,21,Female,Australia,Body Transformation,TikTok,Ongoing,21.4,No,No,0,0,0.43,0,0,0,0.43,0,At Risk
C1987,41,Female,Nepal,Body Transformation,Instagram,No,14.3,No,Yes,1,0,0.29,0,2,2,4.29,4,Neutral
C1988,27,Female,Australia,Weight Gain,TikTok,Partial,92.9,Yes,No,0,1,1.86,1,0,0,3.86,4,Neutral
C1989,28,Male,USA,Weight Loss,TikTok,Yes,78.6,Yes,No,0,3,1.57,1,0,0,5.57,6,Happy
C1990,48,Female,USA,Weight Loss,TikTok,Yes,85.7,No,No,0,3,1.71,0,0,0,4.71,5,Neutral
C1991,34,Male,USA,Weight Gain,TikTok,Yes,100.0,No,No,0,3,2.0,0,0,0,5.0,5,Happy
C1992,20,Female,USA,Body Transformation,TikTok,Yes,85.7,Yes,No,0,3,1.71,1,0,0,5.71,6,Happy
C1993,42,Female,Australia,Body Transformation,Instagram,Partial,85.7,Yes,No,1,1,1.71,1,0,2,5.71,6,Happy
C1994,27,Female,Canada,Body Transformation,TikTok,Yes,92.9,No,No,0,3,1.86,0,0,0,4.86,5,Neutral
C1995,53,Female,Australia,Weight Loss,TikTok,Yes,78.6,Yes,No,1,3,1.57,1,0,2,7.57,8,Happy
C1996,49,Female,Canada,Body Transformation,TikTok,Yes,85.7,Yes,No,0,3,1.71,1,0,0,5.71,6,Happy
C1997,28,Male,Australia,Weight Gain,TikTok,Partial,100.0,Yes,No,0,1,2.0,1,0,0,4.0,4,Neutral
C1998,21,Female,USA,Weight Loss,TikTok,Partial,92.9,Yes,No,0,1,1.86,1,0,0,3.86,4,Neutral
C1999,30,Female,UAE,Weight Loss,TikTok,Yes,78.6,Yes,No,0,3,1.57,1,0,0,5.57,6,Happy
C2000,40,Female,Nepal,Weight Loss,Referral,Partial,92.9,Yes,No,0,1,1.86,1,0,0,3.86,4,Neutral
C2001,35,Female,USA,Weight Gain,TikTok,Partial,100.0,Yes,No,0,1,2.0,1,0,0,4.0,4,Neutral
C2002,32,Female,Australia,Body Transformation,TikTok,Yes,100.0,Yes,No,1,3,2.0,1,0,2,8.0,8,Superfan
C2003,26,Male,Australia,Body Transformation,Instagram,Yes,92.9,Yes,No,0,3,1.86,1,0,0,5.86,6,Happy
C2004,26,Male,Nepal,Body Transformation,Instagram,Yes,100.0,Yes,No,0,3,2.0,1,0,0,6.0,6,Happy
C2005,36,Male,Australia,Body Transformation,Referral,Yes,85.7,Yes,No,0,3,1.71,1,0,0,5.71,6,Happy
C2006,29,Male,UAE,Weight Gain,Instagram,Ongoing,35.7,No,No,0,0,0.71,0,0,0,0.71,1,At Risk
C2007,21,Female,Canada,Weight Loss,TikTok,Yes,78.6,No,No,1,3,1.57,0,0,2,6.57,7,Happy
C2008,19,Male,Australia,Body Transformation,TikTok,Partial,100.0,Yes,No,0,1,2.0,1,0,0,4.0,4,Neutral
C2009,25,Female,Australia,Weight Gain,Referral,Yes,100.0,Yes,Yes,0,3,2.0,1,2,0,8.0,8,Superfan
C2010,25,Male,USA,Weight Loss,TikTok,Partial,92.9,Yes,No,1,1,1.86,1,0,2,5.86,6,Happy
C2011,26,Female,Australia,Body Transformation,TikTok,Yes,92.9,Yes,No,0,3,1.86,1,0,0,5.86,6,Happy
C2012,41,Female,Nepal,Body Transformation,Referral,Yes,85.7,Yes,No,0,3,1.71,1,0,0,5.71,6,Happy
C2013,21,Female,Nepal,Weight Loss,TikTok,Ongoing,21.4,No,No,0,0,0.43,0,0,0,0.43,0,At Risk
C2014,47,Male,Australia,Body Transformation,Referral,Partial,100.0,No,No,1,1,2.0,0,0,2,5.0,5,Happy
C2015,22,Female,Australia,Weight Gain,TikTok,Yes,92.9,Yes,No,0,3,1.86,1,0,0,5.86,6,Happy
C2016,36,Male,Australia,Body Transformation,TikTok,No,7.1,No,Yes,1,0,0.14,0,2,2,4.14,4,Neutral
C2017,18,Female,Canada,Body Transformation,Instagram,Partial,78.6,No,No,0,1,1.57,0,0,0,2.57,3,At Risk
C2018,19,Female,Australia,Body Transformation,TikTok,Yes,100.0,No,No,0,3,2.0,0,0,0,5.0,5,Happy
C2019,23,Male,USA,Weight Loss,Instagram,No,0.0,No,Yes,1,0,0.0,0,2,2,4.0,4,Neutral
C2020,29,Female,Australia,Body Transformation,TikTok,Ongoing,14.3,No,No,0,0,0.29,0,0,0,0.29,0,At Risk
C2021,21,Female,Australia,Body Transformation,Instagram,Yes,100.0,Yes,No,1,3,2.0,1,0,2,8.0,8,Superfan
C2022,41,Female,Australia,Body Transformation,Instagram,Yes,85.7,Yes,No,0,3,1.71,1,0,0,5.71,6,Happy
C2023,33,Female,Other,Body Transformation,Instagram,Partial,85.7,Yes,No,0,1,1.71,1,0,0,3.71,4,Neutral
C2024,29,Male,Australia,Body Transformation,Referral,No,0.0,No,Yes,0,0,0.0,0,2,0,2.0,2,At Risk
C2025,27,Female,USA,Weight Loss,Referral,Yes,100.0,No,No,0,3,2.0,0,0,0,5.0,5,Happy
C2026,23,Female,UAE,Body Transformation,Instagram,Yes,100.0,Yes,No,0,3,2.0,1,0,0,6.0,6,Happy
C2027,32,Female,USA,Weight Loss,Instagram,No,0.0,No,Yes,0,0,0.0,0,2,0,2.0,2,At Risk
C2028,23,Male,USA,Body Transformation,TikTok,Yes,85.7,No,No,1,3,1.71,0,0,2,6.71,7,Happy
C2029,48,Female,USA,Body Transformation,TikTok,Partial,100.0,No,No,0,1,2.0,0,0,0,3.0,3,Neutral
C2030,39,Female,Australia,Weight Loss,TikTok,Partial,85.7,Yes,No,1,1,1.71,1,0,2,5.71,6,Happy
C2031,26,Female,USA,Weight Loss,Referral,Partial,100.0,Yes,No,0,1,2.0,1,0,0,4.0,4,Neutral
C2032,37,Female,USA,Body Transformation,TikTok,Partial,85.7,Yes,No,0,1,1.71,1,0,0,3.71,4,Neutral
C2033,47,Female,Australia,Body Transformation,Referral,Yes,85.7,Yes,Yes,0,3,1.71,1,2,0,7.71,8,Happy
C2034,42,Male,Australia,Weight Loss,Instagram,Yes,92.9,Yes,No,0,3,1.86,1,0,0,5.86,6,Happy
C2035,47,Female,Nepal,Weight Loss,TikTok,Yes,100.0,Yes,No,1,3,2.0,1,0,2,8.0,8,Superfan
C2036,48,Female,Australia,Weight Gain,Instagram,Yes,85.7,Yes,No,0,3,1.71,1,0,0,5.71,6,Happy
C2037,32,Male,USA,Weight Loss,TikTok,Yes,78.6,Yes,No,0,3,1.57,1,0,0,5.57,6,Happy
C2038,26,Female,Australia,Weight Loss,Instagram,Yes,85.7,No,No,0,3,1.71,0,0,0,4.71,5,Neutral
C2039,55,Female,Nepal,Weight Gain,TikTok,Yes,85.7,No,No,1,3,1.71,0,0,2,6.71,7,Happy
C2040,46,Female,Australia,Weight Loss,TikTok,No,0.0,No,No,0,0,0.0,0,0,0,0.0,0,At Risk
C2041,22,Female,Australia,Weight Gain,Referral,Ongoing,14.3,No,No,0,0,0.29,0,0,0,0.29,0,At Risk
C2042,30,Female,Nepal,Body Transformation,TikTok,Partial,100.0,Yes,No,1,1,2.0,1,0,2,6.0,6,Happy
C2043,18,Female,Australia,Body Transformation,TikTok,Yes,100.0,Yes,No,1,3,2.0,1,0,2,8.0,8,Superfan
C2044,40,Female,USA,Body Transformation,Other,No,7.1,Yes,No,1,0,0.14,1,0,2,3.14,3,Neutral
C2045,19,Female,Australia,Weight Gain,Other,Partial,85.7,Yes,No,0,1,1.71,1,0,0,3.71,4,Neutral
C2046,37,Male,Australia,Weight Loss,TikTok,Ongoing,21.4,No,No,1,0,0.43,0,0,2,2.43,2,At Risk
C2047,51,Female,USA,Body Transformation,Instagram,Ongoing,14.3,No,No,0,0,0.29,0,0,0,0.29,0,At Risk
C2048,33,Female,Australia,Body Transformation,Referral,No,7.1,No,Yes,0,0,0.14,0,2,0,2.14,2,At Risk
C2049,26,Female,USA,Weight Loss,TikTok,No,7.1,No,Yes,0,0,0.14,0,2,0,2.14,2,At Risk
C2050,24,Female,Australia,Weight Gain,Other,Partial,78.6,No,No,1,1,1.57,0,0,2,4.57,5,Neutral
C2051,43,Female,Canada,Body Transformation,Instagram,Yes,100.0,Yes,No,1,3,2.0,1,0,2,8.0,8,Superfan
C2052,39,Male,USA,Weight Gain,TikTok,Yes,78.6,Yes,No,0,3,1.57,1,0,0,5.57,6,Happy
C2053,24,Male,Australia,Weight Gain,Referral,Yes,92.9,Yes,No,0,3,1.86,1,0,0,5.86,6,Happy
C2054,19,Male,UAE,Weight Loss,Referral,Yes,92.9,No,No,0,3,1.86,0,0,0,4.86,5,Neutral
C2055,18,Female,USA,Body Transformation,Referral,Partial,85.7,Yes,No,0,1,1.71,1,0,0,3.71,4,Neutral
C2056,37,Female,Australia,Weight Loss,TikTok,Yes,85.7,No,No,0,3,1.71,0,0,0,4.71,5,Neutral
C2057,50,Male,USA,Body Transformation,TikTok,Partial,92.9,Yes,No,0,1,1.86,1,0,0,3.86,4,Neutral
C2058,22,Female,USA,Body Transformation,TikTok,Yes,100.0,Yes,No,1,3,2.0,1,0,2,8.0,8,Superfan
C2059,18,Female,USA,Body Transformation,Referral,No,0.0,No,Yes,0,0,0.0,0,2,0,2.0,2,At Risk
C2060,39,Female,Australia,Body Transformation,Instagram,Yes,85.7,Yes,No,0,3,1.71,1,0,0,5.71,6,Happy
C2061,37,Female,USA,Weight Loss,Referral,No,0.0,No,Yes,0,0,0.0,0,2,0,2.0,2,At Risk
C2062,39,Female,Australia,Weight Gain,Referral,No,0.0,No,Yes,1,0,0.0,0,2,2,4.0,4,Neutral
C2063,20,Female,Nepal,Weight Loss,Referral,Yes,78.6,Yes,No,0,3,1.57,1,0,0,5.57,6,Happy
C2064,49,Female,Nepal,Body Transformation,Referral,Ongoing,21.4,No,No,1,0,0.43,0,0,2,2.43,2,At Risk
C2065,26,Female,Australia,Weight Gain,TikTok,Ongoing,21.4,No,No,1,0,0.43,0,0,2,2.43,2,At Risk
C2066,36,Female,USA,Body Transformation,TikTok,Yes,92.9,Yes,No,0,3,1.86,1,0,0,5.86,6,Happy
C2067,20,Female,UAE,Body Transformation,Instagram,Yes,100.0,Yes,No,0,3,2.0,1,0,0,6.0,6,Happy
C2068,40,Female,USA,Body Transformation,TikTok,No,0.0,No,Yes,0,0,0.0,0,2,0,2.0,2,At Risk
C2069,18,Male,UAE,Weight Loss,Instagram,Yes,85.7,No,No,0,3,1.71,0,0,0,4.71,5,Neutral
C2070,20,Male,Australia,Body Transformation,TikTok,No,21.4,No,No,0,0,0.43,0,0,0,0.43,0,At Risk
C2071,32,Female,Australia,Weight Loss,TikTok,Yes,85.7,Yes,No,1,3,1.71,1,0,2,7.71,8,Happy
C2072,21,Female,Nepal,Weight Loss,TikTok,Ongoing,28.6,No,No,0,0,0.57,0,0,0,0.57,1,At Risk
C2073,25,Female,USA,Weight Loss,TikTok,Yes,78.6,Yes,No,0,3,1.57,1,0,0,5.57,6,Happy
C2074,26,Female,Other,Body Transformation,Instagram,Yes,92.9,Yes,No,0,3,1.86,1,0,0,5.86,6,Happy
C2075,37,Female,Nepal,Weight Loss,Referral,No,21.4,No,No,0,0,0.43,0,0,0,0.43,0,At Risk
C2076,34,Female,Australia,Body Transformation,TikTok,Partial,92.9,Yes,No,0,1,1.86,1,0,0,3.86,4,Neutral
C2077,53,Female,Nepal,Weight Gain,TikTok,Partial,85.7,No,No,1,1,1.71,0,0,2,4.71,5,Neutral
C2078,58,Female,Australia,Weight Loss,Instagram,Yes,85.7,Yes,No,0,3,1.71,1,0,0,5.71,6,Happy
C2079,37,Female,USA,Weight Loss,Referral,No,7.1,No,No,0,0,0.14,0,0,0,0.14,0,At Risk
C2080,36,Female,Nepal,Weight Loss,Referral,No,7.1,No,No,0,0,0.14,0,0,0,0.14,0,At Risk
C2081,30,Female,UAE,Weight Loss,TikTok,Yes,78.6,Yes,No,0,3,1.57,1,0,0,5.57,6,Happy
C2082,57,Female,USA,Body Transformation,TikTok,Yes,85.7,Yes,No,0,3,1.71,1,0,0,5.71,6,Happy
C2083,21,Female,Australia,Body Transformation,Instagram,Partial,92.9,No,No,0,1,1.86,0,0,0,2.86,3,At Risk
C2084,44,Female,Australia,Weight Loss,TikTok,Yes,100.0,Yes,No,0,3,2.0,1,0,0,6.0,6,Happy
C2085,60,Male,Australia,Weight Loss,TikTok,Ongoing,21.4,No,No,0,0,0.43,0,0,0,0.43,0,At Risk
C2086,26,Female,Australia,Weight Loss,TikTok,Partial,78.6,No,No,0,1,1.57,0,0,0,2.57,3,At Risk
C2087,28,Male,Nepal,Weight Gain,Instagram,Yes,78.6,No,No,0,3,1.57,0,0,0,4.57,5,Neutral
C2088,18,Male,UAE,Body Transformation,Referral,Yes,92.9,Yes,Yes,0,3,1.86,1,2,0,7.86,8,Happy
C2089,44,Female,Australia,Weight Loss,TikTok,Yes,92.9,No,No,1,3,1.86,0,0,2,6.86,7,Happy
C2090,26,Male,Australia,Body Transformation,TikTok,Yes,85.7,No,No,0,3,1.71,0,0,0,4.71,5,Neutral
C2091,38,Male,USA,Weight Gain,TikTok,No,0.0,No,Yes,0,0,0.0,0,2,0,2.0,2,At Risk
C2092,26,Female,USA,Weight Gain,TikTok,Yes,100.0,Yes,No,0,3,2.0,1,0,0,6.0,6,Happy
C2093,31,Female,Nepal,Weight Gain,Referral,Partial,85.7,Yes,No,1,1,1.71,1,0,2,5.71,6,Happy
C2094,26,Male,USA,Body Transformation,Referral,Yes,85.7,Yes,No,0,3,1.71,1,0,0,5.71,6,Happy
C2095,29,Female,Nepal,Weight Loss,TikTok,Yes,100.0,Yes,No,1,3,2.0,1,0,2,8.0,8,Superfan
C2096,20,Male,Nepal,Weight Loss,TikTok,Ongoing,14.3,Yes,No,1,0,0.29,1,0,2,3.29,3,Neutral
C2097,28,Male,USA,Weight Gain,TikTok,Yes,100.0,No,No,0,3,2.0,0,0,0,5.0,5,Happy
C2098,30,Female,USA,Body Transformation,TikTok,No,7.1,Yes,Yes,0,0,0.14,1,2,0,3.14,3,Neutral
C2099,19,Female,Nepal,Body Transformation,TikTok,Yes,92.9,Yes,No,0,3,1.86,1,0,0,5.86,6,Happy
C2100,22,Female,Nepal,Body Transformation,Referral,Partial,78.6,Yes,Yes,0,1,1.57,1,2,0,5.57,6,Happy
C2101,29,Female,Nepal,Body Transformation,TikTok,Yes,78.6,Yes,No,0,3,1.57,1,0,0,5.57,6,Happy
C2102,32,Female,UAE,Body Transformation,TikTok,Yes,78.6,No,No,1,3,1.57,0,0,2,6.57,7,Happy
C2103,60,Female,Nepal,Weight Loss,Referral,Yes,85.7,No,Yes,0,3,1.71,0,2,0,6.71,7,Happy
C2104,26,Female,Nepal,Weight Gain,Referral,Yes,100.0,Yes,No,1,3,2.0,1,0,2,8.0,8,Superfan
C2105,25,Male,Nepal,Weight Loss,Referral,Yes,92.9,Yes,No,1,3,1.86,1,0,2,7.86,8,Happy
C2106,40,Female,Other,Weight Loss,TikTok,No,0.0,No,Yes,1,0,0.0,0,2,2,4.0,4,Neutral
C2107,35,Male,Nepal,Weight Gain,TikTok,Yes,92.9,Yes,No,0,3,1.86,1,0,0,5.86,6,Happy
C2108,38,Female,Nepal,Weight Loss,Referral,Yes,100.0,Yes,Yes,1,3,2.0,1,2,2,10.0,10,Superfan
C2109,42,Female,Nepal,Weight Gain,TikTok,Yes,85.7,Yes,No,1,3,1.71,1,0,2,7.71,8,Happy
C2110,30,Male,Australia,Weight Loss,TikTok,Yes,78.6,No,No,1,3,1.57,0,0,2,6.57,7,Happy
C2111,21,Female,Canada,Weight Loss,Instagram,Yes,100.0,Yes,No,1,3,2.0,1,0,2,8.0,8,Superfan
C2112,37,Female,Nepal,Body Transformation,TikTok,Yes,78.6,Yes,No,1,3,1.57,1,0,2,7.57,8,Happy
C2113,23,Female,USA,Body Transformation,TikTok,Ongoing,21.4,No,No,0,0,0.43,0,0,0,0.43,0,At Risk
C2114,25,Female,USA,Weight Loss,TikTok,Partial,78.6,Yes,No,1,1,1.57,1,0,2,5.57,6,Happy
C2115,29,Female,Nepal,Weight Loss,Instagram,Yes,85.7,No,No,0,3,1.71,0,0,0,4.71,5,Neutral
C2116,36,Male,Nepal,Body Transformation,Referral,Yes,92.9,Yes,Yes,1,3,1.86,1,2,2,9.86,10,Superfan
C2117,48,Female,Australia,Weight Loss,TikTok,Yes,92.9,Yes,No,0,3,1.86,1,0,0,5.86,6,Happy
C2118,32,Female,Nepal,Weight Loss,TikTok,Yes,92.9,Yes,No,0,3,1.86,1,0,0,5.86,6,Happy
C2119,30,Female,Nepal,Weight Loss,Instagram,Ongoing,28.6,No,No,0,0,0.57,0,0,0,0.57,1,At Risk
C2120,29,Female,USA,Weight Loss,TikTok,Ongoing,35.7,No,No,0,0,0.71,0,0,0,0.71,1,At Risk
C2121,26,Female,Australia,Weight Loss,Other,No,0.0,No,No,0,0,0.0,0,0,0,0.0,0,At Risk
C2122,27,Female,Canada,Weight Gain,Instagram,Partial,92.9,Yes,No,0,1,1.86,1,0,0,3.86,4,Neutral
C2123,19,Female,Other,Body Transformation,Referral,Yes,100.0,Yes,Yes,1,3,2.0,1,2,2,10.0,10,Superfan
C2124,25,Male,Australia,Weight Loss,Referral,Yes,78.6,Yes,Yes,1,3,1.57,1,2,2,9.57,10,Superfan
C2125,28,Male,USA,Weight Gain,TikTok,Yes,100.0,Yes,No,0,3,2.0,1,0,0,6.0,6,Happy
C2126,24,Female,Nepal,Weight Loss,Referral,Partial,92.9,Yes,No,0,1,1.86,1,0,0,3.86,4,Neutral
C2127,48,Female,Nepal,Weight Gain,Referral,Yes,92.9,Yes,Yes,1,3,1.86,1,2,2,9.86,10,Superfan
C2128,23,Female,Nepal,Body Transformation,TikTok,Yes,92.9,Yes,No,0,3,1.86,1,0,0,5.86,6,Happy
C2129,37,Male,USA,Weight Loss,TikTok,Partial,92.9,Yes,No,0,1,1.86,1,0,0,3.86,4,Neutral
C2130,28,Female,Nepal,Weight Loss,TikTok,Yes,85.7,Yes,No,0,3,1.71,1,0,0,5.71,6,Happy
C2131,25,Female,Australia,Body Transformation,Instagram,Yes,85.7,No,No,0,3,1.71,0,0,0,4.71,5,Neutral
C2132,26,Female,Other,Weight Loss,TikTok,Yes,78.6,Yes,No,0,3,1.57,1,0,0,5.57,6,Happy
C2133,42,Male,Australia,Weight Gain,TikTok,Yes,85.7,No,No,0,3,1.71,0,0,0,4.71,5,Neutral
C2134,27,Male,USA,Weight Loss,Instagram,Yes,85.7,Yes,No,1,3,1.71,1,0,2,7.71,8,Happy
C2135,26,Female,USA,Weight Loss,TikTok,No,0.0,Yes,No,1,0,0.0,1,0,2,3.0,3,Neutral
C2136,27,Female,USA,Weight Loss,Instagram,Yes,78.6,Yes,No,0,3,1.57,1,0,0,5.57,6,Happy
C2137,18,Male,USA,Weight Loss,TikTok,No,7.1,No,Yes,0,0,0.14,0,2,0,2.14,2,At Risk
C2138,38,Female,Australia,Weight Loss,Referral,Yes,85.7,Yes,No,0,3,1.71,1,0,0,5.71,6,Happy
C2139,32,Male,Australia,Weight Gain,Referral,Yes,85.7,No,No,0,3,1.71,0,0,0,4.71,5,Neutral
C2140,32,Female,Australia,Body Transformation,TikTok,Yes,92.9,No,No,0,3,1.86,0,0,0,4.86,5,Neutral
C2141,24,Male,USA,Body Transformation,TikTok,Yes,78.6,Yes,No,0,3,1.57,1,0,0,5.57,6,Happy
C2142,32,Female,Australia,Weight Loss,Referral,Yes,100.0,Yes,Yes,0,3,2.0,1,2,0,8.0,8,Superfan
C2143,30,Male,Australia,Body Transformation,Referral,Yes,100.0,Yes,No,0,3,2.0,1,0,0,6.0,6,Happy
C2144,24,Female,USA,Weight Loss,TikTok,Partial,78.6,Yes,No,0,1,1.57,1,0,0,3.57,4,Neutral
C2145,59,Female,Australia,Body Transformation,TikTok,No,0.0,No,Yes,0,0,0.0,0,2,0,2.0,2,At Risk
C2146,31,Male,UAE,Weight Loss,Referral,Partial,78.6,Yes,No,1,1,1.57,1,0,2,5.57,6,Happy
C2147,27,Female,USA,Weight Loss,Referral,Partial,92.9,Yes,Yes,0,1,1.86,1,2,0,5.86,6,Happy
C2148,37,Female,Other,Weight Gain,Referral,Yes,100.0,No,No,0,3,2.0,0,0,0,5.0,5,Happy
C2149,36,Male,Australia,Weight Loss,TikTok,Yes,92.9,Yes,No,0,3,1.86,1,0,0,5.86,6,Happy
C2150,27,Female,Australia,Weight Loss,Referral,Yes,100.0,Yes,No,0,3,2.0,1,0,0,6.0,6,Happy
C2151,31,Male,Australia,Weight Loss,Referral,Yes,100.0,Yes,No,1,3,2.0,1,0,2,8.0,8,Superfan
C2152,43,Male,USA,Weight Loss,Referral,Yes,78.6,Yes,No,0,3,1.57,1,0,0,5.57,6,Happy
C2153,30,Female,Australia,Body Transformation,TikTok,Partial,92.9,Yes,No,0,1,1.86,1,0,0,3.86,4,Neutral
C2154,35,Female,Australia,Weight Loss,Instagram,Partial,92.9,Yes,No,0,1,1.86,1,0,0,3.86,4,Neutral
C2155,28,Female,Australia,Body Transformation,TikTok,Yes,78.6,Yes,No,0,3,1.57,1,0,0,5.57,6,Happy
C2156,52,Female,Nepal,Body Transformation,TikTok,Yes,85.7,No,No,0,3,1.71,0,0,0,4.71,5,Neutral
C2157,23,Male,Nepal,Body Transformation,TikTok,Yes,85.7,Yes,No,0,3,1.71,1,0,0,5.71,6,Happy
C2158,26,Female,USA,Body Transformation,Instagram,No,14.3,No,No,1,0,0.29,0,0,2,2.29,2,At Risk
C2159,58,Female,Nepal,Body Transformation,TikTok,Yes,92.9,Yes,No,0,3,1.86,1,0,0,5.86,6,Happy
C2160,39,Female,Nepal,Weight Loss,TikTok,Yes,85.7,No,No,0,3,1.71,0,0,0,4.71,5,Neutral
C2161,42,Female,Australia,Body Transformation,TikTok,Yes,78.6,Yes,No,0,3,1.57,1,0,0,5.57,6,Happy
C2162,30,Female,Nepal,Weight Loss,Referral,Partial,92.9,Yes,No,0,1,1.86,1,0,0,3.86,4,Neutral
C2163,36,Female,Canada,Weight Loss,TikTok,Yes,78.6,Yes,No,0,3,1.57,1,0,0,5.57,6,Happy
C2164,39,Male,Nepal,Weight Loss,Referral,Yes,85.7,Yes,Yes,1,3,1.71,1,2,2,9.71,10,Superfan
C2165,29,Female,Australia,Weight Gain,TikTok,No,7.1,No,Yes,1,0,0.14,0,2,2,4.14,4,Neutral
C2166,30,Female,USA,Weight Loss,Referral,Yes,78.6,Yes,No,0,3,1.57,1,0,0,5.57,6,Happy
C2167,26,Male,UAE,Weight Loss,Instagram,Partial,92.9,Yes,No,0,1,1.86,1,0,0,3.86,4,Neutral
C2168,32,Female,Australia,Body Transformation,TikTok,Yes,92.9,Yes,No,0,3,1.86,1,0,0,5.86,6,Happy
C2169,26,Male,USA,Body Transformation,TikTok,Yes,100.0,Yes,No,0,3,2.0,1,0,0,6.0,6,Happy
C2170,37,Female,Australia,Body Transformation,TikTok,Yes,100.0,No,No,0,3,2.0,0,0,0,5.0,5,Happy
C2171,32,Female,USA,Body Transformation,TikTok,Yes,85.7,Yes,No,0,3,1.71,1,0,0,5.71,6,Happy
C2172,20,Female,USA,Weight Loss,TikTok,Yes,92.9,Yes,No,0,3,1.86,1,0,0,5.86,6,Happy
C2173,57,Female,USA,Body Transformation,Referral,Yes,100.0,Yes,No,0,3,2.0,1,0,0,6.0,6,Happy
C2174,26,Female,USA,Weight Loss,TikTok,Partial,100.0,Yes,No,0,1,2.0,1,0,0,4.0,4,Neutral
C2175,46,Female,Nepal,Weight Gain,TikTok,Yes,100.0,No,No,0,3,2.0,0,0,0,5.0,5,Happy
C2176,37,Female,UAE,Weight Loss,Referral,Partial,78.6,Yes,Yes,0,1,1.57,1,2,0,5.57,6,Happy
C2177,19,Female,USA,Weight Loss,TikTok,Partial,78.6,Yes,No,0,1,1.57,1,0,0,3.57,4,Neutral
C2178,28,Female,USA,Body Transformation,Referral,Partial,78.6,Yes,No,0,1,1.57,1,0,0,3.57,4,Neutral
C2179,23,Female,Canada,Weight Loss,Referral,Yes,78.6,Yes,Yes,0,3,1.57,1,2,0,7.57,8,Happy
C2180,32,Female,Australia,Weight Loss,TikTok,Yes,100.0,Yes,No,0,3,2.0,1,0,0,6.0,6,Happy
C2181,33,Female,USA,Weight Loss,Referral,Partial,100.0,Yes,No,0,1,2.0,1,0,0,4.0,4,Neutral
C2182,30,Male,USA,Weight Gain,TikTok,Ongoing,14.3,No,No,1,0,0.29,0,0,2,2.29,2,At Risk
C2183,27,Female,USA,Weight Loss,TikTok,Partial,92.9,Yes,No,0,1,1.86,1,0,0,3.86,4,Neutral
C2184,55,Female,Australia,Weight Loss,TikTok,Partial,85.7,Yes,No,0,1,1.71,1,0,0,3.71,4,Neutral
C2185,24,Female,USA,Body Transformation,TikTok,Yes,78.6,Yes,No,0,3,1.57,1,0,0,5.57,6,Happy
C2186,38,Female,Nepal,Weight Loss,TikTok,No,7.1,No,Yes,0,0,0.14,0,2,0,2.14,2,At Risk
C2187,28,Male,UAE,Weight Loss,TikTok,Yes,92.9,Yes,No,0,3,1.86,1,0,0,5.86,6,Happy
C2188,22,Male,Nepal,Weight Gain,Instagram,Ongoing,28.6,No,No,0,0,0.57,0,0,0,0.57,1,At Risk
C2189,30,Male,Nepal,Weight Gain,TikTok,Yes,100.0,Yes,No,0,3,2.0,1,0,0,6.0,6,Happy
C2190,29,Female,Australia,Weight Loss,TikTok,Yes,100.0,Yes,No,0,3,2.0,1,0,0,6.0,6,Happy
C2191,37,Male,Australia,Body Transformation,Instagram,Partial,100.0,Yes,No,0,1,2.0,1,0,0,4.0,4,Neutral
C2192,27,Female,USA,Weight Loss,TikTok,Partial,78.6,Yes,No,0,1,1.57,1,0,0,3.57,4,Neutral
C2193,28,Male,UAE,Weight Loss,Referral,Yes,85.7,Yes,Yes,0,3,1.71,1,2,0,7.71,8,Happy
C2194,53,Female,USA,Body Transformation,Instagram,No,7.1,No,No,1,0,0.14,0,0,2,2.14,2,At Risk
C2195,45,Female,Nepal,Body Transformation,TikTok,Partial,85.7,Yes,No,0,1,1.71,1,0,0,3.71,4,Neutral
C2196,19,Female,Nepal,Body Transformation,Referral,Yes,85.7,Yes,No,0,3,1.71,1,0,0,5.71,6,Happy
C2197,31,Male,Nepal,Body Transformation,Referral,Yes,78.6,Yes,No,0,3,1.57,1,0,0,5.57,6,Happy
C2198,33,Female,Other,Weight Gain,Instagram,No,14.3,No,Yes,0,0,0.29,0,2,0,2.29,2,At Risk
C2199,34,Female,Australia,Weight Loss,TikTok,Yes,100.0,Yes,No,1,3,2.0,1,0,2,8.0,8,Superfan
C2200,29,Male,Nepal,Weight Gain,TikTok,Yes,85.7,Yes,No,1,3,1.71,1,0,2,7.71,8,Happy
C2201,22,Female,Other,Weight Loss,Referral,Partial,78.6,Yes,No,1,1,1.57,1,0,2,5.57,6,Happy
C2202,22,Male,Australia,Weight Loss,TikTok,Yes,100.0,Yes,No,0,3,2.0,1,0,0,6.0,6,Happy
C2203,54,Female,Australia,Weight Loss,TikTok,Partial,100.0,Yes,No,0,1,2.0,1,0,0,4.0,4,Neutral
C2204,27,Female,USA,Body Transformation,TikTok,Yes,78.6,Yes,No,0,3,1.57,1,0,0,5.57,6,Happy
C2205,32,Male,Australia,Body Transformation,Referral,No,0.0,No,Yes,1,0,0.0,0,2,2,4.0,4,Neutral
C2206,29,Female,Nepal,Weight Loss,Referral,Yes,85.7,Yes,Yes,0,3,1.71,1,2,0,7.71,8,Happy
C2207,42,Female,Nepal,Body Transformation,Instagram,Partial,100.0,Yes,No,0,1,2.0,1,0,0,4.0,4,Neutral
C2208,19,Female,Nepal,Weight Loss,TikTok,No,21.4,No,Yes,1,0,0.43,0,2,2,4.43,4,Neutral
C2209,19,Female,Australia,Body Transformation,TikTok,Ongoing,14.3,No,No,0,0,0.29,0,0,0,0.29,0,At Risk
C2210,34,Female,USA,Body Transformation,TikTok,Partial,100.0,No,No,0,1,2.0,0,0,0,3.0,3,Neutral
C2211,33,Female,Other,Weight Loss,TikTok,Ongoing,14.3,No,No,1,0,0.29,0,0,2,2.29,2,At Risk
C2212,60,Female,Nepal,Weight Loss,TikTok,No,7.1,No,No,0,0,0.14,0,0,0,0.14,0,At Risk
C2213,25,Female,Canada,Weight Loss,TikTok,Partial,100.0,Yes,No,0,1,2.0,1,0,0,4.0,4,Neutral
C2214,27,Female,USA,Weight Loss,TikTok,Partial,100.0,Yes,No,1,1,2.0,1,0,2,6.0,6,Happy
C2215,22,Male,Australia,Weight Loss,Referral,Yes,78.6,Yes,No,0,3,1.57,1,0,0,5.57,6,Happy
C2216,30,Female,Australia,Weight Loss,TikTok,Yes,92.9,No,No,0,3,1.86,0,0,0,4.86,5,Neutral
C2217,25,Female,Nepal,Weight Loss,TikTok,Yes,100.0,Yes,No,0,3,2.0,1,0,0,6.0,6,Happy
C2218,30,Female,USA,Weight Gain,Referral,Partial,92.9,Yes,No,0,1,1.86,1,0,0,3.86,4,Neutral
C2219,28,Female,Nepal,Weight Loss,TikTok,Ongoing,35.7,Yes,No,0,0,0.71,1,0,0,1.71,2,At Risk
C2220,42,Male,Nepal,Weight Loss,Other,Ongoing,28.6,No,No,0,0,0.57,0,0,0,0.57,1,At Risk
C2221,29,Female,Australia,Weight Loss,Instagram,Partial,92.9,Yes,No,1,1,1.86,1,0,2,5.86,6,Happy
C2222,37,Male,Nepal,Weight Loss,Referral,Yes,85.7,Yes,No,0,3,1.71,1,0,0,5.71,6,Happy
C2223,23,Male,Nepal,Body Transformation,TikTok,No,7.1,No,No,0,0,0.14,0,0,0,0.14,0,At Risk
C2224,33,Female,Australia,Body Transformation,TikTok,Ongoing,35.7,No,No,1,0,0.71,0,0,2,2.71,3,At Risk
C2225,32,Female,UAE,Weight Gain,TikTok,Partial,92.9,No,No,0,1,1.86,0,0,0,2.86,3,At Risk
C2226,39,Male,Australia,Weight Loss,Referral,Yes,78.6,No,Yes,0,3,1.57,0,2,0,6.57,7,Happy
C2227,26,Female,Australia,Weight Loss,TikTok,Yes,78.6,Yes,No,0,3,1.57,1,0,0,5.57,6,Happy
C2228,30,Female,UAE,Weight Loss,Instagram,No,7.1,No,Yes,1,0,0.14,0,2,2,4.14,4,Neutral
C2229,52,Male,USA,Weight Loss,Referral,Yes,85.7,Yes,No,0,3,1.71,1,0,0,5.71,6,Happy
C2230,49,Female,USA,Weight Loss,Referral,Partial,85.7,Yes,No,1,1,1.71,1,0,2,5.71,6,Happy
C2231,56,Female,Australia,Weight Loss,Referral,Yes,100.0,Yes,Yes,1,3,2.0,1,2,2,10.0,10,Superfan
C2232,36,Female,USA,Weight Loss,Referral,Yes,85.7,No,No,0,3,1.71,0,0,0,4.71,5,Neutral
C2233,41,Male,Australia,Weight Loss,Referral,Yes,85.7,No,No,1,3,1.71,0,0,2,6.71,7,Happy
C2234,22,Female,Nepal,Weight Gain,Other,Partial,100.0,Yes,No,0,1,2.0,1,0,0,4.0,4,Neutral
C2235,22,Female,Canada,Weight Loss,TikTok,Partial,78.6,Yes,No,0,1,1.57,1,0,0,3.57,4,Neutral
C2236,50,Female,Australia,Body Transformation,Referral,Yes,92.9,Yes,No,0,3,1.86,1,0,0,5.86,6,Happy
C2237,21,Male,USA,Weight Loss,TikTok,Ongoing,14.3,No,No,0,0,0.29,0,0,0,0.29,0,At Risk
C2238,25,Female,Australia,Body Transformation,TikTok,Partial,100.0,Yes,No,1,1,2.0,1,0,2,6.0,6,Happy
C2239,46,Female,Australia,Body Transformation,TikTok,Yes,92.9,Yes,No,0,3,1.86,1,0,0,5.86,6,Happy
C2240,40,Female,Nepal,Body Transformation,TikTok,Partial,100.0,Yes,No,1,1,2.0,1,0,2,6.0,6,Happy
C2241,27,Female,UAE,Weight Loss,Referral,Partial,85.7,Yes,No,0,1,1.71,1,0,0,3.71,4,Neutral
C2242,19,Female,USA,Weight Gain,Referral,No,0.0,No,No,0,0,0.0,0,0,0,0.0,0,At Risk
C2243,37,Female,Nepal,Body Transformation,TikTok,Partial,92.9,Yes,No,0,1,1.86,1,0,0,3.86,4,Neutral
C2244,28,Female,Australia,Body Transformation,TikTok,Yes,78.6,Yes,No,0,3,1.57,1,0,0,5.57,6,Happy
C2245,36,Female,Nepal,Weight Loss,TikTok,Ongoing,21.4,No,No,1,0,0.43,0,0,2,2.43,2,At Risk
C2246,37,Male,Nepal,Weight Loss,Referral,Yes,85.7,Yes,Yes,0,3,1.71,1,2,0,7.71,8,Happy
C2247,59,Female,Australia,Weight Gain,TikTok,No,21.4,No,Yes,0,0,0.43,0,2,0,2.43,2,At Risk
C2248,42,Female,Australia,Weight Loss,TikTok,Yes,78.6,Yes,No,0,3,1.57,1,0,0,5.57,6,Happy
C2249,34,Male,Australia,Weight Gain,TikTok,Yes,100.0,Yes,No,0,3,2.0,1,0,0,6.0,6,Happy
C2250,25,Female,Nepal,Body Transformation,TikTok,Yes,92.9,Yes,No,0,3,1.86,1,0,0,5.86,6,Happy
C2251,40,Female,Australia,Body Transformation,Referral,Partial,78.6,No,No,0,1,1.57,0,0,0,2.57,3,At Risk
C2252,30,Male,Canada,Weight Loss,TikTok,Partial,85.7,Yes,No,0,1,1.71,1,0,0,3.71,4,Neutral
C2253,25,Male,Nepal,Weight Loss,Referral,Yes,78.6,No,No,1,3,1.57,0,0,2,6.57,7,Happy
C2254,18,Male,Australia,Body Transformation,TikTok,Yes,100.0,Yes,No,1,3,2.0,1,0,2,8.0,8,Superfan
C2255,18,Male,Nepal,Weight Gain,TikTok,Yes,78.6,Yes,No,1,3,1.57,1,0,2,7.57,8,Happy
C2256,20,Female,UAE,Weight Loss,TikTok,Yes,85.7,Yes,No,0,3,1.71,1,0,0,5.71,6,Happy
C2257,23,Female,USA,Body Transformation,TikTok,Yes,78.6,No,No,0,3,1.57,0,0,0,4.57,5,Neutral
C2258,25,Male,Australia,Weight Loss,Other,No,7.1,No,No,0,0,0.14,0,0,0,0.14,0,At Risk
C2259,34,Female,Australia,Body Transformation,TikTok,Partial,85.7,Yes,No,0,1,1.71,1,0,0,3.71,4,Neutral
C2260,46,Female,Australia,Weight Loss,Instagram,Yes,92.9,Yes,No,0,3,1.86,1,0,0,5.86,6,Happy
C2261,37,Female,Australia,Weight Loss,Referral,Ongoing,21.4,No,No,0,0,0.43,0,0,0,0.43,0,At Risk
C2262,31,Female,Australia,Weight Loss,Instagram,Yes,100.0,No,No,0,3,2.0,0,0,0,5.0,5,Happy
C2263,37,Female,USA,Weight Loss,Instagram,Yes,100.0,Yes,No,0,3,2.0,1,0,0,6.0,6,Happy
C2264,33,Female,UAE,Weight Gain,Referral,Yes,85.7,Yes,No,0,3,1.71,1,0,0,5.71,6,Happy
C2265,34,Female,Australia,Weight Loss,Referral,Yes,85.7,No,Yes,1,3,1.71,0,2,2,8.71,9,Superfan
C2266,36,Female,USA,Weight Loss,TikTok,Yes,100.0,Yes,No,0,3,2.0,1,0,0,6.0,6,Happy
C2267,28,Female,Australia,Weight Loss,TikTok,Partial,92.9,Yes,No,0,1,1.86,1,0,0,3.86,4,Neutral
C2268,34,Male,Australia,Weight Loss,TikTok,Partial,92.9,Yes,No,1,1,1.86,1,0,2,5.86,6,Happy
C2269,19,Male,Australia,Weight Loss,TikTok,Partial,85.7,Yes,No,0,1,1.71,1,0,0,3.71,4,Neutral
C2270,25,Male,UAE,Body Transformation,TikTok,Yes,92.9,Yes,No,1,3,1.86,1,0,2,7.86,8,Happy
C2271,35,Male,USA,Body Transformation,Other,Partial,92.9,Yes,No,1,1,1.86,1,0,2,5.86,6,Happy
C2272,36,Female,USA,Weight Gain,Referral,Yes,78.6,Yes,No,1,3,1.57,1,0,2,7.57,8,Happy
C2273,26,Female,USA,Weight Gain,TikTok,Partial,85.7,Yes,No,0,1,1.71,1,0,0,3.71,4,Neutral
C2274,24,Female,UAE,Weight Loss,TikTok,Yes,78.6,Yes,No,0,3,1.57,1,0,0,5.57,6,Happy
C2275,23,Female,USA,Weight Gain,Referral,Partial,92.9,No,No,0,1,1.86,0,0,0,2.86,3,At Risk
C2276,46,Male,Nepal,Weight Loss,TikTok,Partial,85.7,Yes,No,0,1,1.71,1,0,0,3.71,4,Neutral
C2277,36,Female,UAE,Body Transformation,TikTok,Yes,100.0,No,No,0,3,2.0,0,0,0,5.0,5,Happy
C2278,26,Female,Australia,Body Transformation,Referral,Yes,78.6,Yes,Yes,0,3,1.57,1,2,0,7.57,8,Happy
C2279,53,Female,USA,Weight Gain,TikTok,Ongoing,21.4,No,No,1,0,0.43,0,0,2,2.43,2,At Risk
C2280,27,Female,Australia,Weight Gain,Referral,Yes,85.7,Yes,No,0,3,1.71,1,0,0,5.71,6,Happy
C2281,27,Female,USA,Weight Gain,Instagram,Partial,78.6,Yes,No,0,1,1.57,1,0,0,3.57,4,Neutral
C2282,24,Female,USA,Body Transformation,TikTok,Yes,100.0,Yes,No,0,3,2.0,1,0,0,6.0,6,Happy
C2283,29,Female,Australia,Weight Loss,TikTok,Yes,92.9,Yes,No,0,3,1.86,1,0,0,5.86,6,Happy
C2284,29,Male,USA,Weight Loss,Referral,Yes,78.6,Yes,Yes,1,3,1.57,1,2,2,9.57,10,Superfan
C2285,33,Male,UAE,Weight Loss,Instagram,Yes,92.9,Yes,No,0,3,1.86,1,0,0,5.86,6,Happy
C2286,23,Male,Nepal,Weight Gain,Referral,Partial,78.6,No,No,0,1,1.57,0,0,0,2.57,3,At Risk
C2287,39,Male,Australia,Weight Loss,Instagram,Partial,100.0,Yes,No,0,1,2.0,1,0,0,4.0,4,Neutral
C2288,47,Female,Nepal,Body Transformation,Instagram,Yes,92.9,Yes,No,0,3,1.86,1,0,0,5.86,6,Happy
C2289,26,Female,Australia,Weight Gain,TikTok,Yes,92.9,Yes,No,0,3,1.86,1,0,0,5.86,6,Happy
C2290,31,Male,USA,Weight Loss,TikTok,No,0.0,No,Yes,0,0,0.0,0,2,0,2.0,2,At Risk
C2291,21,Female,USA,Weight Loss,TikTok,Partial,92.9,Yes,No,0,1,1.86,1,0,0,3.86,4,Neutral
C2292,44,Male,USA,Weight Gain,TikTok,Partial,78.6,Yes,No,0,1,1.57,1,0,0,3.57,4,Neutral
C2293,31,Female,Australia,Body Transformation,Instagram,Yes,78.6,Yes,No,1,3,1.57,1,0,2,7.57,8,Happy
C2294,25,Female,Nepal,Body Transformation,Referral,Partial,92.9,Yes,No,0,1,1.86,1,0,0,3.86,4,Neutral
C2295,30,Female,Nepal,Weight Loss,TikTok,Yes,78.6,Yes,No,1,3,1.57,1,0,2,7.57,8,Happy
C2296,36,Male,USA,Body Transformation,TikTok,Yes,100.0,Yes,No,0,3,2.0,1,0,0,6.0,6,Happy
C2297,41,Female,Nepal,Weight Gain,TikTok,Partial,85.7,Yes,No,0,1,1.71,1,0,0,3.71,4,Neutral
C2298,37,Female,USA,Weight Loss,TikTok,Partial,78.6,Yes,No,0,1,1.57,1,0,0,3.57,4,Neutral
C2299,27,Female,Nepal,Weight Gain,Referral,Partial,100.0,No,Yes,0,1,2.0,0,2,0,5.0,5,Happy
C2300,29,Female,Australia,Weight Loss,TikTok,Ongoing,35.7,No,No,0,0,0.71,0,0,0,0.71,1,At Risk
C2301,19,Male,USA,Weight Gain,TikTok,Partial,100.0,Yes,No,0,1,2.0,1,0,0,4.0,4,Neutral
C2302,46,Male,USA,Body Transformation,TikTok,Partial,78.6,Yes,No,0,1,1.57,1,0,0,3.57,4,Neutral
C2303,33,Female,Australia,Weight Loss,TikTok,Yes,78.6,No,No,0,3,1.57,0,0,0,4.57,5,Neutral
C2304,37,Female,Australia,Weight Loss,TikTok,Yes,85.7,Yes,No,0,3,1.71,1,0,0,5.71,6,Happy
C2305,34,Female,UAE,Body Transformation,Instagram,Partial,100.0,Yes,No,0,1,2.0,1,0,0,4.0,4,Neutral
C2306,44,Male,Nepal,Body Transformation,Instagram,Partial,100.0,Yes,No,1,1,2.0,1,0,2,6.0,6,Happy
C2307,41,Female,Australia,Weight Loss,Referral,Yes,100.0,No,No,1,3,2.0,0,0,2,7.0,7,Happy
C2308,38,Female,Nepal,Weight Loss,TikTok,No,7.1,Yes,Yes,0,0,0.14,1,2,0,3.14,3,Neutral
C2309,29,Female,USA,Weight Loss,TikTok,Yes,78.6,Yes,No,0,3,1.57,1,0,0,5.57,6,Happy
C2310,57,Female,USA,Weight Loss,TikTok,Yes,100.0,Yes,No,0,3,2.0,1,0,0,6.0,6,Happy
C2311,38,Female,Australia,Weight Loss,Referral,Yes,92.9,Yes,Yes,1,3,1.86,1,2,2,9.86,10,Superfan
C2312,19,Female,UAE,Body Transformation,TikTok,Partial,92.9,Yes,No,1,1,1.86,1,0,2,5.86,6,Happy
C2313,30,Female,USA,Weight Loss,TikTok,Yes,100.0,Yes,No,1,3,2.0,1,0,2,8.0,8,Superfan
C2314,45,Female,USA,Weight Loss,Other,Yes,85.7,Yes,No,1,3,1.71,1,0,2,7.71,8,Happy
C2315,30,Male,Nepal,Weight Gain,Referral,Yes,100.0,Yes,No,0,3,2.0,1,0,0,6.0,6,Happy
C2316,36,Female,Nepal,Weight Loss,Other,Partial,92.9,Yes,No,0,1,1.86,1,0,0,3.86,4,Neutral
C2317,42,Female,Australia,Body Transformation,Referral,Yes,78.6,Yes,No,0,3,1.57,1,0,0,5.57,6,Happy
C2318,38,Female,USA,Weight Gain,TikTok,Yes,78.6,Yes,No,0,3,1.57,1,0,0,5.57,6,Happy
C2319,46,Male,Other,Body Transformation,TikTok,Partial,78.6,Yes,No,1,1,1.57,1,0,2,5.57,6,Happy
C2320,35,Female,UAE,Body Transformation,TikTok,Partial,92.9,Yes,No,0,1,1.86,1,0,0,3.86,4,Neutral
C2321,29,Female,Australia,Body Transformation,TikTok,Partial,100.0,Yes,No,0,1,2.0,1,0,0,4.0,4,Neutral
C2322,36,Female,USA,Body Transformation,Instagram,Partial,100.0,No,No,0,1,2.0,0,0,0,3.0,3,Neutral
C2323,49,Male,Nepal,Weight Loss,Instagram,Partial,92.9,Yes,No,1,1,1.86,1,0,2,5.86,6,Happy
C2324,23,Female,Canada,Weight Loss,Referral,Yes,78.6,Yes,No,0,3,1.57,1,0,0,5.57,6,Happy
C2325,34,Female,Australia,Body Transformation,Referral,No,0.0,No,No,1,0,0.0,0,0,2,2.0,2,At Risk
C2326,32,Female,Australia,Weight Loss,Referral,Yes,78.6,Yes,No,0,3,1.57,1,0,0,5.57,6,Happy
C2327,46,Female,Other,Weight Gain,TikTok,Partial,92.9,Yes,No,0,1,1.86,1,0,0,3.86,4,Neutral
C2328,37,Female,UAE,Weight Loss,TikTok,Yes,78.6,No,No,0,3,1.57,0,0,0,4.57,5,Neutral
C2329,53,Male,USA,Body Transformation,TikTok,Yes,78.6,Yes,No,1,3,1.57,1,0,2,7.57,8,Happy
C2330,34,Male,Australia,Body Transformation,Referral,Yes,100.0,Yes,Yes,0,3,2.0,1,2,0,8.0,8,Superfan
C2331,28,Male,USA,Weight Loss,Instagram,Yes,78.6,Yes,No,1,3,1.57,1,0,2,7.57,8,Happy
C2332,37,Female,Australia,Weight Loss,Referral,Partial,100.0,Yes,Yes,1,1,2.0,1,2,2,8.0,8,Superfan
C2333,28,Female,Other,Body Transformation,TikTok,Yes,85.7,Yes,No,1,3,1.71,1,0,2,7.71,8,Happy
C2334,41,Female,USA,Weight Loss,TikTok,Yes,78.6,Yes,No,0,3,1.57,1,0,0,5.57,6,Happy
C2335,29,Female,Australia,Body Transformation,TikTok,Partial,100.0,No,No,1,1,2.0,0,0,2,5.0,5,Happy
C2336,33,Female,USA,Weight Gain,TikTok,Partial,100.0,Yes,No,0,1,2.0,1,0,0,4.0,4,Neutral
C2337,33,Female,Nepal,Weight Loss,TikTok,Partial,78.6,Yes,No,0,1,1.57,1,0,0,3.57,4,Neutral
C2338,29,Female,USA,Body Transformation,Instagram,Partial,78.6,Yes,No,0,1,1.57,1,0,0,3.57,4,Neutral
C2339,54,Male,USA,Weight Gain,Referral,Yes,100.0,Yes,No,0,3,2.0,1,0,0,6.0,6,Happy
C2340,28,Female,USA,Body Transformation,TikTok,No,7.1,No,No,0,0,0.14,0,0,0,0.14,0,At Risk
C2341,20,Female,Nepal,Weight Loss,TikTok,Yes,85.7,Yes,No,0,3,1.71,1,0,0,5.71,6,Happy
C2342,18,Female,USA,Weight Gain,TikTok,Yes,92.9,Yes,No,1,3,1.86,1,0,2,7.86,8,Happy
C2343,27,Male,Australia,Weight Gain,Referral,Yes,78.6,Yes,No,0,3,1.57,1,0,0,5.57,6,Happy
C2344,26,Female,Nepal,Body Transformation,TikTok,Partial,100.0,Yes,No,0,1,2.0,1,0,0,4.0,4,Neutral
C2345,50,Female,USA,Weight Gain,TikTok,Partial,100.0,Yes,No,1,1,2.0,1,0,2,6.0,6,Happy
C2346,60,Female,USA,Weight Loss,Referral,Yes,78.6,Yes,No,0,3,1.57,1,0,0,5.57,6,Happy
C2347,24,Female,USA,Body Transformation,Referral,Partial,85.7,No,No,0,1,1.71,0,0,0,2.71,3,At Risk
C2348,27,Female,Australia,Weight Loss,Referral,Partial,85.7,No,Yes,0,1,1.71,0,2,0,4.71,5,Neutral
C2349,25,Male,USA,Weight Gain,TikTok,Yes,78.6,Yes,No,0,3,1.57,1,0,0,5.57,6,Happy
C2350,40,Female,USA,Body Transformation,Referral,Yes,92.9,Yes,No,0,3,1.86,1,0,0,5.86,6,Happy
C2351,54,Female,Nepal,Weight Loss,TikTok,Partial,85.7,Yes,No,0,1,1.71,1,0,0,3.71,4,Neutral
C2352,20,Male,Nepal,Weight Loss,Instagram,No,0.0,Yes,Yes,0,0,0.0,1,2,0,3.0,3,Neutral
C2353,26,Female,Australia,Weight Loss,Other,Yes,92.9,No,No,0,3,1.86,0,0,0,4.86,5,Neutral
C2354,35,Male,Australia,Weight Loss,Referral,No,7.1,No,Yes,0,0,0.14,0,2,0,2.14,2,At Risk
C2355,57,Female,Nepal,Weight Loss,TikTok,Ongoing,21.4,No,No,0,0,0.43,0,0,0,0.43,0,At Risk
C2356,28,Male,Australia,Weight Loss,Referral,Yes,78.6,No,Yes,1,3,1.57,0,2,2,8.57,9,Superfan
C2357,30,Male,USA,Body Transformation,TikTok,Yes,100.0,No,No,1,3,2.0,0,0,2,7.0,7,Happy
C2358,38,Female,Nepal,Weight Loss,Referral,Partial,92.9,Yes,Yes,0,1,1.86,1,2,0,5.86,6,Happy
C2359,29,Female,Nepal,Weight Loss,TikTok,Yes,78.6,Yes,No,0,3,1.57,1,0,0,5.57,6,Happy
C2360,26,Female,USA,Body Transformation,TikTok,No,14.3,No,Yes,1,0,0.29,0,2,2,4.29,4,Neutral
C2361,48,Male,Canada,Weight Loss,TikTok,No,0.0,No,Yes,0,0,0.0,0,2,0,2.0,2,At Risk
C2362,26,Female,Australia,Body Transformation,TikTok,Yes,100.0,Yes,No,0,3,2.0,1,0,0,6.0,6,Happy
C2363,27,Male,Australia,Weight Gain,TikTok,Yes,92.9,No,No,0,3,1.86,0,0,0,4.86,5,Neutral
C2364,41,Female,USA,Weight Loss,TikTok,Partial,85.7,Yes,No,1,1,1.71,1,0,2,5.71,6,Happy
C2365,25,Male,USA,Body Transformation,Instagram,Partial,92.9,Yes,No,0,1,1.86,1,0,0,3.86,4,Neutral
C2366,31,Male,USA,Weight Loss,TikTok,Partial,92.9,Yes,No,0,1,1.86,1,0,0,3.86,4,Neutral
C2367,46,Female,Australia,Body Transformation,Referral,Yes,92.9,Yes,No,0,3,1.86,1,0,0,5.86,6,Happy
C2368,23,Female,USA,Body Transformation,Referral,Yes,85.7,Yes,No,0,3,1.71,1,0,0,5.71,6,Happy
C2369,46,Female,Australia,Weight Gain,Referral,No,7.1,No,Yes,1,0,0.14,0,2,2,4.14,4,Neutral
C2370,38,Female,Nepal,Body Transformation,Referral,Partial,78.6,Yes,No,0,1,1.57,1,0,0,3.57,4,Neutral
C2371,36,Male,Nepal,Body Transformation,Referral,Partial,92.9,Yes,No,0,1,1.86,1,0,0,3.86,4,Neutral
C2372,33,Female,Australia,Body Transformation,Instagram,No,7.1,No,Yes,0,0,0.14,0,2,0,2.14,2,At Risk
C2373,29,Female,UAE,Body Transformation,TikTok,No,0.0,No,No,0,0,0.0,0,0,0,0.0,0,At Risk
C2374,36,Male,Nepal,Weight Gain,TikTok,Yes,100.0,Yes,No,0,3,2.0,1,0,0,6.0,6,Happy
C2375,24,Female,USA,Body Transformation,TikTok,Ongoing,35.7,No,No,0,0,0.71,0,0,0,0.71,1,At Risk
C2376,48,Female,Other,Weight Loss,Other,Yes,92.9,No,No,0,3,1.86,0,0,0,4.86,5,Neutral
C2377,29,Female,Australia,Weight Loss,TikTok,Yes,78.6,Yes,No,0,3,1.57,1,0,0,5.57,6,Happy
C2378,36,Male,USA,Weight Loss,Referral,Partial,100.0,Yes,Yes,0,1,2.0,1,2,0,6.0,6,Happy
C2379,44,Female,UAE,Weight Loss,TikTok,Yes,85.7,Yes,No,0,3,1.71,1,0,0,5.71,6,Happy
C2380,27,Male,Australia,Weight Loss,Instagram,Ongoing,28.6,No,No,0,0,0.57,0,0,0,0.57,1,At Risk
C2381,29,Male,Australia,Body Transformation,Referral,Yes,100.0,Yes,No,0,3,2.0,1,0,0,6.0,6,Happy
C2382,49,Female,USA,Weight Loss,TikTok,Partial,85.7,Yes,No,1,1,1.71,1,0,2,5.71,6,Happy
C2383,36,Female,USA,Body Transformation,Instagram,Yes,78.6,Yes,No,0,3,1.57,1,0,0,5.57,6,Happy
C2384,28,Female,USA,Weight Loss,TikTok,Ongoing,35.7,No,No,0,0,0.71,0,0,0,0.71,1,At Risk
C2385,43,Female,UAE,Weight Loss,TikTok,Yes,85.7,Yes,No,0,3,1.71,1,0,0,5.71,6,Happy
C2386,20,Male,Australia,Weight Loss,TikTok,Yes,92.9,No,No,1,3,1.86,0,0,2,6.86,7,Happy
C2387,32,Female,Australia,Body Transformation,Referral,Yes,78.6,Yes,No,0,3,1.57,1,0,0,5.57,6,Happy
C2388,27,Female,Nepal,Weight Gain,Referral,Yes,85.7,Yes,Yes,0,3,1.71,1,2,0,7.71,8,Happy
C2389,21,Male,Australia,Weight Loss,Referral,Partial,85.7,Yes,No,0,1,1.71,1,0,0,3.71,4,Neutral
C2390,50,Female,USA,Weight Loss,Instagram,Partial,78.6,Yes,No,0,1,1.57,1,0,0,3.57,4,Neutral
C2391,26,Female,Nepal,Weight Loss,Referral,Yes,100.0,Yes,No,1,3,2.0,1,0,2,8.0,8,Superfan
C2392,23,Female,Australia,Body Transformation,Referral,Yes,92.9,Yes,No,0,3,1.86,1,0,0,5.86,6,Happy
C2393,24,Female,USA,Body Transformation,Instagram,Ongoing,35.7,Yes,No,0,0,0.71,1,0,0,1.71,2,At Risk
C2394,21,Female,Australia,Weight Gain,TikTok,Partial,100.0,Yes,No,0,1,2.0,1,0,0,4.0,4,Neutral
C2395,25,Female,Australia,Weight Gain,TikTok,Yes,92.9,Yes,No,0,3,1.86,1,0,0,5.86,6,Happy
C2396,37,Female,Australia,Body Transformation,Instagram,Partial,100.0,Yes,No,0,1,2.0,1,0,0,4.0,4,Neutral
C2397,29,Female,Australia,Weight Loss,TikTok,No,0.0,Yes,Yes,1,0,0.0,1,2,2,5.0,5,Happy
C2398,42,Female,USA,Weight Loss,Referral,Yes,78.6,Yes,Yes,0,3,1.57,1,2,0,7.57,8,Happy
C2399,30,Female,Australia,Weight Loss,TikTok,Yes,100.0,No,No,0,3,2.0,0,0,0,5.0,5,Happy
C2400,57,Female,Nepal,Weight Gain,Referral,Partial,100.0,Yes,No,0,1,2.0,1,0,0,4.0,4,Neutral
C2401,22,Male,USA,Weight Gain,TikTok,Ongoing,35.7,No,No,0,0,0.71,0,0,0,0.71,1,At Risk
C2402,26,Male,USA,Weight Gain,TikTok,Partial,100.0,Yes,No,0,1,2.0,1,0,0,4.0,4,Neutral
C2403,32,Female,Other,Weight Gain,Referral,Ongoing,14.3,No,No,1,0,0.29,0,0,2,2.29,2,At Risk
C2404,26,Female,Australia,Weight Loss,Instagram,Partial,100.0,Yes,No,1,1,2.0,1,0,2,6.0,6,Happy
C2405,25,Female,Australia,Weight Loss,TikTok,Yes,92.9,Yes,No,0,3,1.86,1,0,0,5.86,6,Happy
C2406,41,Female,USA,Weight Gain,Instagram,Partial,85.7,Yes,No,1,1,1.71,1,0,2,5.71,6,Happy
C2407,26,Female,Nepal,Body Transformation,Other,Yes,78.6,Yes,No,0,3,1.57,1,0,0,5.57,6,Happy
C2408,45,Female,Australia,Weight Gain,Instagram,Yes,85.7,Yes,No,0,3,1.71,1,0,0,5.71,6,Happy
C2409,32,Female,Australia,Weight Loss,Referral,Yes,100.0,Yes,Yes,0,3,2.0,1,2,0,8.0,8,Superfan
C2410,53,Female,Canada,Weight Gain,TikTok,Partial,85.7,Yes,No,0,1,1.71,1,0,0,3.71,4,Neutral
C2411,29,Male,Australia,Weight Loss,TikTok,Ongoing,21.4,No,No,1,0,0.43,0,0,2,2.43,2,At Risk
C2412,25,Female,Nepal,Weight Loss,Referral,No,7.1,Yes,Yes,0,0,0.14,1,2,0,3.14,3,Neutral
C2413,38,Male,USA,Weight Loss,TikTok,Yes,92.9,Yes,No,1,3,1.86,1,0,2,7.86,8,Happy
C2414,36,Female,Canada,Weight Loss,Referral,Yes,78.6,Yes,No,0,3,1.57,1,0,0,5.57,6,Happy
C2415,27,Male,Australia,Body Transformation,Referral,Yes,100.0,Yes,No,1,3,2.0,1,0,2,8.0,8,Superfan
C2416,31,Female,USA,Weight Gain,TikTok,Partial,78.6,Yes,No,0,1,1.57,1,0,0,3.57,4,Neutral
C2417,38,Female,Australia,Weight Loss,TikTok,Yes,92.9,No,No,0,3,1.86,0,0,0,4.86,5,Neutral
C2418,45,Female,USA,Weight Loss,TikTok,Yes,85.7,Yes,No,1,3,1.71,1,0,2,7.71,8,Happy
C2419,22,Female,USA,Weight Loss,TikTok,Yes,85.7,Yes,No,1,3,1.71,1,0,2,7.71,8,Happy
C2420,29,Female,Australia,Body Transformation,TikTok,No,0.0,No,No,0,0,0.0,0,0,0,0.0,0,At Risk
C2421,21,Male,Australia,Weight Loss,TikTok,No,0.0,No,Yes,0,0,0.0,0,2,0,2.0,2,At Risk
C2422,49,Female,Australia,Body Transformation,Instagram,Yes,100.0,Yes,No,0,3,2.0,1,0,0,6.0,6,Happy
C2423,28,Female,Nepal,Weight Loss,TikTok,Partial,92.9,Yes,No,1,1,1.86,1,0,2,5.86,6,Happy
C2424,24,Female,Australia,Weight Loss,TikTok,Partial,100.0,Yes,No,0,1,2.0,1,0,0,4.0,4,Neutral
C2425,22,Female,Australia,Body Transformation,TikTok,Yes,100.0,No,No,0,3,2.0,0,0,0,5.0,5,Happy
C2426,43,Female,Australia,Body Transformation,TikTok,Yes,78.6,Yes,No,0,3,1.57,1,0,0,5.57,6,Happy
C2427,26,Female,USA,Weight Loss,Referral,Yes,78.6,Yes,Yes,0,3,1.57,1,2,0,7.57,8,Happy
C2428,26,Female,UAE,Weight Loss,Referral,No,7.1,No,No,0,0,0.14,0,0,0,0.14,0,At Risk
C2429,25,Male,USA,Body Transformation,Instagram,Ongoing,35.7,No,No,0,0,0.71,0,0,0,0.71,1,At Risk
C2430,46,Female,USA,Weight Loss,Instagram,Yes,92.9,No,No,0,3,1.86,0,0,0,4.86,5,Neutral
C2431,35,Female,USA,Weight Loss,Referral,Yes,100.0,Yes,Yes,0,3,2.0,1,2,0,8.0,8,Superfan
C2432,50,Male,USA,Body Transformation,TikTok,Partial,78.6,Yes,No,0,1,1.57,1,0,0,3.57,4,Neutral
C2433,35,Female,Australia,Weight Loss,TikTok,Yes,92.9,No,No,0,3,1.86,0,0,0,4.86,5,Neutral
C2434,42,Female,USA,Body Transformation,TikTok,Yes,78.6,Yes,No,0,3,1.57,1,0,0,5.57,6,Happy
C2435,37,Female,USA,Weight Loss,TikTok,Yes,85.7,No,No,0,3,1.71,0,0,0,4.71,5,Neutral
C2436,48,Female,Australia,Body Transformation,TikTok,Partial,85.7,Yes,No,0,1,1.71,1,0,0,3.71,4,Neutral
C2437,47,Female,USA,Weight Loss,Referral,Yes,85.7,Yes,No,0,3,1.71,1,0,0,5.71,6,Happy
C2438,28,Male,USA,Body Transformation,TikTok,No,7.1,No,Yes,0,0,0.14,0,2,0,2.14,2,At Risk
C2439,27,Female,Canada,Weight Loss,TikTok,Yes,78.6,Yes,No,0,3,1.57,1,0,0,5.57,6,Happy
C2440,35,Male,USA,Weight Loss,Instagram,Yes,92.9,Yes,No,1,3,1.86,1,0,2,7.86,8,Happy
C2441,44,Male,USA,Weight Loss,Other,Ongoing,28.6,No,No,1,0,0.57,0,0,2,2.57,3,At Risk
C2442,30,Female,Other,Weight Loss,TikTok,Partial,78.6,Yes,No,0,1,1.57,1,0,0,3.57,4,Neutral
C2443,42,Male,Australia,Body Transformation,Referral,Partial,100.0,Yes,Yes,0,1,2.0,1,2,0,6.0,6,Happy
C2444,49,Female,USA,Weight Loss,Referral,Partial,85.7,Yes,No,0,1,1.71,1,0,0,3.71,4,Neutral
C2445,29,Female,Australia,Weight Loss,TikTok,Yes,85.7,Yes,No,1,3,1.71,1,0,2,7.71,8,Happy
C2446,21,Female,Nepal,Body Transformation,Referral,Yes,100.0,Yes,No,0,3,2.0,1,0,0,6.0,6,Happy
C2447,30,Male,Australia,Weight Loss,TikTok,Yes,100.0,Yes,No,1,3,2.0,1,0,2,8.0,8,Superfan
C2448,29,Male,Australia,Weight Gain,TikTok,Yes,78.6,Yes,No,0,3,1.57,1,0,0,5.57,6,Happy
C2449,19,Female,Australia,Body Transformation,TikTok,Partial,85.7,Yes,No,0,1,1.71,1,0,0,3.71,4,Neutral
C2450,45,Female,USA,Weight Gain,Referral,Partial,100.0,Yes,Yes,0,1,2.0,1,2,0,6.0,6,Happy
C2451,24,Female,USA,Body Transformation,TikTok,Yes,85.7,Yes,No,0,3,1.71,1,0,0,5.71,6,Happy
C2452,20,Female,USA,Body Transformation,TikTok,Yes,78.6,Yes,No,0,3,1.57,1,0,0,5.57,6,Happy
C2453,22,Female,Australia,Weight Gain,Instagram,Partial,100.0,Yes,No,0,1,2.0,1,0,0,4.0,4,Neutral
C2454,30,Female,USA,Body Transformation,Other,Yes,100.0,Yes,No,0,3,2.0,1,0,0,6.0,6,Happy
C2455,25,Female,Australia,Weight Gain,Other,No,7.1,No,Yes,0,0,0.14,0,2,0,2.14,2,At Risk
C2456,33,Female,USA,Body Transformation,Other,Yes,78.6,Yes,No,0,3,1.57,1,0,0,5.57,6,Happy
C2457,27,Male,Nepal,Weight Gain,TikTok,Yes,85.7,Yes,No,1,3,1.71,1,0,2,7.71,8,Happy
C2458,22,Female,USA,Weight Loss,Referral,No,7.1,No,Yes,0,0,0.14,0,2,0,2.14,2,At Risk
C2459,52,Male,Other,Body Transformation,TikTok,Yes,100.0,Yes,No,0,3,2.0,1,0,0,6.0,6,Happy
C2460,58,Female,USA,Weight Loss,Referral,Ongoing,28.6,No,No,0,0,0.57,0,0,0,0.57,1,At Risk
C2461,32,Male,Nepal,Weight Gain,TikTok,Partial,78.6,Yes,No,0,1,1.57,1,0,0,3.57,4,Neutral
C2462,38,Female,USA,Weight Loss,TikTok,Yes,85.7,Yes,No,0,3,1.71,1,0,0,5.71,6,Happy
C2463,32,Male,Australia,Weight Loss,Instagram,Yes,100.0,Yes,No,0,3,2.0,1,0,0,6.0,6,Happy
C2464,43,Female,Canada,Weight Gain,TikTok,Yes,100.0,No,No,0,3,2.0,0,0,0,5.0,5,Happy
C2465,25,Female,USA,Weight Loss,TikTok,Yes,100.0,Yes,No,0,3,2.0,1,0,0,6.0,6,Happy
C2466,35,Female,Nepal,Weight Loss,TikTok,Partial,85.7,Yes,No,0,1,1.71,1,0,0,3.71,4,Neutral
C2467,21,Female,Nepal,Weight Loss,TikTok,Partial,92.9,Yes,No,0,1,1.86,1,0,0,3.86,4,Neutral
C2468,52,Female,Australia,Body Transformation,Referral,Partial,85.7,Yes,Yes,0,1,1.71,1,2,0,5.71,6,Happy
C2469,23,Male,UAE,Weight Loss,TikTok,Partial,78.6,No,No,0,1,1.57,0,0,0,2.57,3,At Risk
C2470,51,Female,USA,Weight Gain,Referral,Yes,85.7,Yes,No,0,3,1.71,1,0,0,5.71,6,Happy
C2471,59,Male,Australia,Weight Loss,TikTok,Yes,100.0,No,No,0,3,2.0,0,0,0,5.0,5,Happy
C2472,38,Female,Nepal,Weight Loss,TikTok,Partial,78.6,Yes,No,0,1,1.57,1,0,0,3.57,4,Neutral
C2473,44,Male,Australia,Weight Loss,Referral,Partial,92.9,Yes,No,1,1,1.86,1,0,2,5.86,6,Happy
C2474,29,Male,Australia,Weight Loss,TikTok,Ongoing,28.6,No,No,0,0,0.57,0,0,0,0.57,1,At Risk
C2475,43,Female,Canada,Body Transformation,Instagram,Yes,100.0,Yes,No,0,3,2.0,1,0,0,6.0,6,Happy
C2476,27,Female,UAE,Weight Loss,TikTok,Ongoing,21.4,No,No,0,0,0.43,0,0,0,0.43,0,At Risk
C2477,34,Female,Australia,Weight Loss,TikTok,Partial,85.7,No,No,0,1,1.71,0,0,0,2.71,3,At Risk
C2478,43,Female,USA,Weight Loss,Instagram,Yes,85.7,Yes,No,0,3,1.71,1,0,0,5.71,6,Happy
C2479,27,Female,Nepal,Weight Loss,Instagram,Partial,78.6,Yes,No,0,1,1.57,1,0,0,3.57,4,Neutral
C2480,36,Female,USA,Weight Gain,TikTok,Yes,100.0,Yes,No,1,3,2.0,1,0,2,8.0,8,Superfan
C2481,24,Male,Nepal,Body Transformation,Instagram,Partial,85.7,Yes,No,0,1,1.71,1,0,0,3.71,4,Neutral
C2482,35,Male,Australia,Weight Loss,TikTok,Yes,100.0,No,No,0,3,2.0,0,0,0,5.0,5,Happy
C2483,30,Female,USA,Weight Gain,Referral,Yes,85.7,Yes,No,0,3,1.71,1,0,0,5.71,6,Happy
C2484,32,Female,UAE,Weight Loss,Instagram,Yes,100.0,No,No,0,3,2.0,0,0,0,5.0,5,Happy
C2485,38,Female,Australia,Weight Loss,TikTok,Yes,100.0,Yes,No,1,3,2.0,1,0,2,8.0,8,Superfan
C2486,29,Female,Nepal,Weight Loss,TikTok,Yes,85.7,Yes,No,0,3,1.71,1,0,0,5.71,6,Happy
C2487,27,Female,USA,Weight Gain,Instagram,Yes,85.7,Yes,No,0,3,1.71,1,0,0,5.71,6,Happy
C2488,31,Female,Australia,Weight Gain,Referral,Partial,78.6,Yes,No,1,1,1.57,1,0,2,5.57,6,Happy
C2489,49,Female,USA,Body Transformation,TikTok,Yes,92.9,Yes,No,1,3,1.86,1,0,2,7.86,8,Happy
C2490,30,Female,USA,Body Transformation,Referral,Partial,78.6,Yes,No,1,1,1.57,1,0,2,5.57,6,Happy
C2491,28,Female,USA,Weight Loss,TikTok,Yes,85.7,Yes,No,0,3,1.71,1,0,0,5.71,6,Happy
C2492,20,Male,Australia,Weight Gain,TikTok,Yes,100.0,No,No,0,3,2.0,0,0,0,5.0,5,Happy
C2493,20,Male,USA,Weight Gain,Referral,Yes,85.7,Yes,No,0,3,1.71,1,0,0,5.71,6,Happy
C2494,25,Female,Nepal,Weight Loss,TikTok,Partial,100.0,Yes,No,0,1,2.0,1,0,0,4.0,4,Neutral
C2495,55,Male,Australia,Weight Loss,Referral,No,7.1,No,Yes,0,0,0.14,0,2,0,2.14,2,At Risk
C2496,24,Male,USA,Body Transformation,TikTok,Partial,100.0,Yes,No,1,1,2.0,1,0,2,6.0,6,Happy
C2497,25,Female,Australia,Weight Gain,Other,Yes,100.0,Yes,No,0,3,2.0,1,0,0,6.0,6,Happy
C2498,58,Female,Canada,Weight Gain,TikTok,Ongoing,35.7,No,No,0,0,0.71,0,0,0,0.71,1,At Risk
C2499,33,Female,Australia,Body Transformation,TikTok,Yes,85.7,No,No,0,3,1.71,0,0,0,4.71,5,Neutral
C2500,29,Female,Australia,Weight Loss,TikTok,Yes,78.6,No,No,1,3,1.57,0,0,2,6.57,7,Happy
C2501,38,Female,USA,Weight Loss,TikTok,Ongoing,28.6,No,No,0,0,0.57,0,0,0,0.57,1,At Risk
C2502,23,Male,Nepal,Weight Loss,Instagram,Partial,92.9,Yes,No,0,1,1.86,1,0,0,3.86,4,Neutral
C2503,18,Female,USA,Weight Gain,Instagram,Ongoing,14.3,No,No,0,0,0.29,0,0,0,0.29,0,At Risk
C2504,34,Male,Australia,Weight Loss,Other,Partial,92.9,Yes,No,0,1,1.86,1,0,0,3.86,4,Neutral
C2505,35,Female,USA,Weight Loss,TikTok,Ongoing,21.4,Yes,No,0,0,0.43,1,0,0,1.43,1,At Risk
C2506,34,Female,Canada,Body Transformation,Instagram,Yes,100.0,Yes,No,0,3,2.0,1,0,0,6.0,6,Happy
C2507,29,Male,UAE,Body Transformation,TikTok,Partial,85.7,Yes,No,0,1,1.71,1,0,0,3.71,4,Neutral
C2508,26,Male,Nepal,Body Transformation,Instagram,Yes,85.7,No,No,0,3,1.71,0,0,0,4.71,5,Neutral
C2509,46,Male,Nepal,Body Transformation,TikTok,Yes,85.7,No,No,0,3,1.71,0,0,0,4.71,5,Neutral
C2510,30,Female,Canada,Weight Loss,Referral,Partial,92.9,No,Yes,0,1,1.86,0,2,0,4.86,5,Neutral
C2511,48,Female,USA,Weight Gain,Referral,No,7.1,No,Yes,0,0,0.14,0,2,0,2.14,2,At Risk
C2512,38,Male,Australia,Weight Loss,Referral,Partial,100.0,Yes,Yes,0,1,2.0,1,2,0,6.0,6,Happy
C2513,38,Male,Australia,Body Transformation,TikTok,Yes,100.0,Yes,No,0,3,2.0,1,0,0,6.0,6,Happy
C2514,60,Female,Australia,Weight Loss,Other,Yes,100.0,Yes,No,0,3,2.0,1,0,0,6.0,6,Happy
C2515,29,Female,Nepal,Weight Gain,Referral,Yes,85.7,Yes,No,0,3,1.71,1,0,0,5.71,6,Happy
C2516,27,Female,Other,Body Transformation,Referral,No,14.3,No,No,0,0,0.29,0,0,0,0.29,0,At Risk
C2517,46,Male,UAE,Weight Loss,TikTok,Partial,100.0,Yes,No,0,1,2.0,1,0,0,4.0,4,Neutral
C2518,25,Female,Australia,Weight Loss,Referral,Yes,85.7,Yes,Yes,0,3,1.71,1,2,0,7.71,8,Happy
C2519,18,Female,USA,Body Transformation,Instagram,Yes,100.0,Yes,No,0,3,2.0,1,0,0,6.0,6,Happy
C2520,24,Female,USA,Weight Loss,Referral,Yes,92.9,Yes,Yes,1,3,1.86,1,2,2,9.86,10,Superfan
C2521,22,Female,Australia,Weight Loss,TikTok,Ongoing,21.4,No,No,0,0,0.43,0,0,0,0.43,0,At Risk
C2522,27,Female,Australia,Weight Loss,Referral,Partial,100.0,Yes,Yes,0,1,2.0,1,2,0,6.0,6,Happy
C2523,29,Male,Australia,Body Transformation,TikTok,Yes,85.7,Yes,No,0,3,1.71,1,0,0,5.71,6,Happy
C2524,28,Male,Australia,Body Transformation,Referral,Yes,78.6,Yes,Yes,0,3,1.57,1,2,0,7.57,8,Happy
C2525,30,Female,Australia,Body Transformation,TikTok,Yes,78.6,Yes,No,0,3,1.57,1,0,0,5.57,6,Happy
C2526,25,Female,USA,Body Transformation,Referral,Yes,78.6,Yes,No,1,3,1.57,1,0,2,7.57,8,Happy
C2527,31,Female,Other,Weight Loss,Instagram,Ongoing,35.7,No,No,1,0,0.71,0,0,2,2.71,3,At Risk
C2528,18,Female,USA,Body Transformation,TikTok,Yes,85.7,Yes,No,0,3,1.71,1,0,0,5.71,6,Happy
C2529,38,Female,Australia,Weight Loss,Instagram,Yes,92.9,No,No,0,3,1.86,0,0,0,4.86,5,Neutral
C2530,29,Female,Australia,Body Transformation,TikTok,Ongoing,35.7,No,No,0,0,0.71,0,0,0,0.71,1,At Risk
C2531,21,Female,USA,Weight Loss,Other,Yes,92.9,Yes,No,1,3,1.86,1,0,2,7.86,8,Happy
C2532,31,Female,Canada,Weight Loss,TikTok,Yes,85.7,Yes,No,0,3,1.71,1,0,0,5.71,6,Happy
C2533,38,Male,Nepal,Weight Loss,TikTok,Yes,92.9,Yes,No,0,3,1.86,1,0,0,5.86,6,Happy
C2534,21,Male,USA,Body Transformation,Instagram,Partial,85.7,Yes,No,0,1,1.71,1,0,0,3.71,4,Neutral
C2535,25,Female,Australia,Body Transformation,TikTok,Yes,85.7,No,No,0,3,1.71,0,0,0,4.71,5,Neutral
C2536,49,Female,USA,Body Transformation,TikTok,Partial,78.6,Yes,No,0,1,1.57,1,0,0,3.57,4,Neutral
C2537,18,Female,Australia,Weight Loss,TikTok,No,0.0,No,No,0,0,0.0,0,0,0,0.0,0,At Risk
C2538,22,Female,Nepal,Weight Gain,TikTok,Partial,92.9,Yes,No,0,1,1.86,1,0,0,3.86,4,Neutral
C2539,24,Male,Australia,Weight Loss,TikTok,Yes,92.9,Yes,No,0,3,1.86,1,0,0,5.86,6,Happy
C2540,35,Female,Nepal,Body Transformation,TikTok,Yes,78.6,Yes,No,0,3,1.57,1,0,0,5.57,6,Happy
C2541,43,Female,Australia,Weight Loss,TikTok,Yes,85.7,No,No,0,3,1.71,0,0,0,4.71,5,Neutral
C2542,26,Female,USA,Body Transformation,TikTok,Yes,92.9,Yes,No,0,3,1.86,1,0,0,5.86,6,Happy
C2543,39,Female,Nepal,Weight Loss,TikTok,Partial,100.0,Yes,No,0,1,2.0,1,0,0,4.0,4,Neutral
C2544,27,Female,USA,Weight Loss,TikTok,Ongoing,21.4,No,No,0,0,0.43,0,0,0,0.43,0,At Risk
C2545,39,Female,Australia,Weight Loss,TikTok,Yes,85.7,No,No,1,3,1.71,0,0,2,6.71,7,Happy
C2546,57,Male,Other,Weight Gain,Referral,Yes,92.9,No,No,0,3,1.86,0,0,0,4.86,5,Neutral
C2547,38,Female,Australia,Weight Gain,Instagram,Yes,78.6,No,No,1,3,1.57,0,0,2,6.57,7,Happy
C2548,25,Male,USA,Weight Loss,TikTok,Yes,85.7,Yes,No,0,3,1.71,1,0,0,5.71,6,Happy
C2549,18,Female,Australia,Body Transformation,TikTok,Partial,92.9,Yes,No,0,1,1.86,1,0,0,3.86,4,Neutral
C2550,43,Female,Nepal,Body Transformation,TikTok,Ongoing,28.6,Yes,No,1,0,0.57,1,0,2,3.57,4,Neutral
C2551,25,Female,USA,Weight Gain,TikTok,Partial,78.6,Yes,No,1,1,1.57,1,0,2,5.57,6,Happy
C2552,19,Female,Nepal,Body Transformation,Instagram,Ongoing,35.7,No,No,0,0,0.71,0,0,0,0.71,1,At Risk
C2553,38,Female,Nepal,Body Transformation,TikTok,Partial,100.0,Yes,No,1,1,2.0,1,0,2,6.0,6,Happy
C2554,20,Male,USA,Weight Loss,Other,Yes,100.0,Yes,No,0,3,2.0,1,0,0,6.0,6,Happy
C2555,32,Male,Australia,Body Transformation,Referral,Partial,100.0,Yes,No,0,1,2.0,1,0,0,4.0,4,Neutral
C2556,24,Female,Nepal,Weight Loss,Instagram,No,7.1,Yes,Yes,0,0,0.14,1,2,0,3.14,3,Neutral
C2557,20,Female,USA,Weight Loss,Instagram,Ongoing,14.3,No,No,0,0,0.29,0,0,0,0.29,0,At Risk
C2558,29,Female,UAE,Weight Loss,TikTok,Yes,100.0,Yes,No,0,3,2.0,1,0,0,6.0,6,Happy
C2559,49,Male,Nepal,Weight Gain,Referral,Partial,92.9,Yes,Yes,0,1,1.86,1,2,0,5.86,6,Happy
C2560,28,Female,Australia,Body Transformation,TikTok,Ongoing,35.7,No,No,0,0,0.71,0,0,0,0.71,1,At Risk
C2561,32,Female,Nepal,Body Transformation,TikTok,Yes,78.6,No,No,0,3,1.57,0,0,0,4.57,5,Neutral
C2562,27,Female,Canada,Weight Loss,TikTok,Yes,85.7,Yes,No,0,3,1.71,1,0,0,5.71,6,Happy
C2563,37,Female,USA,Weight Loss,Instagram,Yes,100.0,No,No,1,3,2.0,0,0,2,7.0,7,Happy
C2564,29,Male,Nepal,Body Transformation,TikTok,Yes,92.9,No,No,1,3,1.86,0,0,2,6.86,7,Happy
C2565,50,Female,USA,Weight Loss,TikTok,Yes,100.0,No,No,0,3,2.0,0,0,0,5.0,5,Happy
C2566,28,Male,Australia,Weight Loss,Instagram,No,7.1,No,No,0,0,0.14,0,0,0,0.14,0,At Risk
C2567,25,Female,USA,Body Transformation,Referral,No,0.0,Yes,Yes,0,0,0.0,1,2,0,3.0,3,Neutral
C2568,43,Male,UAE,Weight Gain,TikTok,Yes,100.0,Yes,No,0,3,2.0,1,0,0,6.0,6,Happy
C2569,19,Female,Australia,Body Transformation,TikTok,Partial,85.7,Yes,No,0,1,1.71,1,0,0,3.71,4,Neutral
C2570,26,Female,USA,Weight Gain,TikTok,No,7.1,No,Yes,0,0,0.14,0,2,0,2.14,2,At Risk
C2571,38,Male,Other,Weight Loss,TikTok,Yes,92.9,Yes,No,0,3,1.86,1,0,0,5.86,6,Happy
C2572,26,Female,USA,Weight Loss,Referral,Yes,78.6,Yes,No,0,3,1.57,1,0,0,5.57,6,Happy
C2573,22,Female,Australia,Weight Gain,Other,Yes,78.6,Yes,No,1,3,1.57,1,0,2,7.57,8,Happy
C2574,21,Female,UAE,Weight Loss,TikTok,Partial,92.9,No,No,0,1,1.86,0,0,0,2.86,3,At Risk
C2575,32,Female,USA,Weight Gain,TikTok,Partial,92.9,Yes,No,0,1,1.86,1,0,0,3.86,4,Neutral
C2576,21,Female,Australia,Body Transformation,Referral,Yes,78.6,Yes,No,1,3,1.57,1,0,2,7.57,8,Happy
C2577,43,Male,Nepal,Weight Gain,TikTok,Yes,100.0,No,No,0,3,2.0,0,0,0,5.0,5,Happy
C2578,35,Female,USA,Weight Loss,TikTok,Yes,100.0,Yes,No,0,3,2.0,1,0,0,6.0,6,Happy
C2579,30,Female,Australia,Weight Gain,TikTok,Yes,85.7,Yes,No,0,3,1.71,1,0,0,5.71,6,Happy
C2580,26,Female,USA,Body Transformation,Instagram,Yes,85.7,Yes,No,0,3,1.71,1,0,0,5.71,6,Happy
C2581,33,Female,Australia,Body Transformation,TikTok,Yes,92.9,No,No,0,3,1.86,0,0,0,4.86,5,Neutral
C2582,25,Male,Australia,Weight Loss,Other,Yes,100.0,Yes,No,1,3,2.0,1,0,2,8.0,8,Superfan
C2583,22,Male,Nepal,Weight Gain,Other,Yes,78.6,Yes,No,0,3,1.57,1,0,0,5.57,6,Happy
C2584,30,Female,Australia,Body Transformation,TikTok,No,0.0,No,Yes,0,0,0.0,0,2,0,2.0,2,At Risk
C2585,24,Female,USA,Weight Loss,Referral,Ongoing,21.4,No,No,0,0,0.43,0,0,0,0.43,0,At Risk
C2586,26,Female,Australia,Weight Loss,TikTok,Yes,100.0,Yes,No,0,3,2.0,1,0,0,6.0,6,Happy
C2587,27,Male,Nepal,Body Transformation,TikTok,No,7.1,No,Yes,0,0,0.14,0,2,0,2.14,2,At Risk
C2588,29,Female,Australia,Weight Loss,Referral,Partial,92.9,Yes,Yes,0,1,1.86,1,2,0,5.86,6,Happy
C2589,26,Male,USA,Weight Loss,Referral,Partial,85.7,Yes,No,0,1,1.71,1,0,0,3.71,4,Neutral
C2590,23,Female,USA,Weight Loss,TikTok,Partial,92.9,Yes,No,0,1,1.86,1,0,0,3.86,4,Neutral
C2591,26,Male,Australia,Weight Gain,Instagram,Yes,100.0,Yes,No,0,3,2.0,1,0,0,6.0,6,Happy
C2592,29,Female,UAE,Weight Gain,TikTok,No,0.0,No,Yes,0,0,0.0,0,2,0,2.0,2,At Risk
C2593,31,Female,Canada,Body Transformation,TikTok,Yes,85.7,Yes,No,0,3,1.71,1,0,0,5.71,6,Happy
C2594,18,Female,Australia,Body Transformation,TikTok,Yes,92.9,Yes,No,1,3,1.86,1,0,2,7.86,8,Happy
C2595,55,Male,Australia,Weight Loss,TikTok,No,0.0,No,No,0,0,0.0,0,0,0,0.0,0,At Risk
C2596,28,Male,USA,Weight Loss,Referral,Partial,100.0,Yes,Yes,0,1,2.0,1,2,0,6.0,6,Happy
C2597,22,Female,Nepal,Weight Loss,TikTok,No,0.0,No,Yes,0,0,0.0,0,2,0,2.0,2,At Risk
C2598,27,Female,Australia,Weight Loss,TikTok,Yes,85.7,Yes,No,0,3,1.71,1,0,0,5.71,6,Happy
C2599,28,Female,USA,Weight Loss,Instagram,Ongoing,21.4,No,No,0,0,0.43,0,0,0,0.43,0,At Risk
C2600,33,Male,Nepal,Body Transformation,TikTok,Yes,78.6,Yes,No,0,3,1.57,1,0,0,5.57,6,Happy
C2601,26,Female,USA,Weight Loss,Instagram,Partial,85.7,No,No,0,1,1.71,0,0,0,2.71,3,At Risk
C2602,28,Female,Australia,Weight Loss,Referral,Partial,85.7,Yes,No,0,1,1.71,1,0,0,3.71,4,Neutral
C2603,23,Female,Nepal,Weight Loss,TikTok,Ongoing,21.4,No,No,1,0,0.43,0,0,2,2.43,2,At Risk
C2604,26,Female,Australia,Body Transformation,TikTok,Yes,92.9,Yes,No,1,3,1.86,1,0,2,7.86,8,Happy
C2605,25,Female,Australia,Weight Gain,TikTok,No,0.0,No,Yes,0,0,0.0,0,2,0,2.0,2,At Risk
C2606,26,Male,Australia,Weight Loss,TikTok,Partial,85.7,Yes,No,0,1,1.71,1,0,0,3.71,4,Neutral
C2607,59,Female,Nepal,Body Transformation,Referral,Yes,78.6,Yes,No,0,3,1.57,1,0,0,5.57,6,Happy
C2608,33,Female,Canada,Body Transformation,TikTok,Yes,92.9,Yes,No,0,3,1.86,1,0,0,5.86,6,Happy
C2609,31,Female,Australia,Weight Loss,TikTok,Partial,85.7,Yes,No,1,1,1.71,1,0,2,5.71,6,Happy
C2610,56,Male,USA,Body Transformation,Instagram,Partial,85.7,Yes,No,1,1,1.71,1,0,2,5.71,6,Happy
C2611,19,Male,Australia,Body Transformation,TikTok,Yes,92.9,Yes,No,0,3,1.86,1,0,0,5.86,6,Happy
C2612,43,Female,Australia,Weight Loss,Referral,Partial,100.0,No,Yes,0,1,2.0,0,2,0,5.0,5,Happy
C2613,27,Female,USA,Weight Loss,Instagram,Partial,92.9,Yes,No,0,1,1.86,1,0,0,3.86,4,Neutral
C2614,28,Female,UAE,Weight Loss,Referral,Yes,100.0,Yes,Yes,0,3,2.0,1,2,0,8.0,8,Superfan
C2615,30,Female,UAE,Weight Loss,TikTok,Yes,92.9,No,No,1,3,1.86,0,0,2,6.86,7,Happy
C2616,21,Male,USA,Weight Gain,Other,Yes,85.7,Yes,No,0,3,1.71,1,0,0,5.71,6,Happy
C2617,31,Female,Australia,Weight Loss,TikTok,Yes,85.7,Yes,No,1,3,1.71,1,0,2,7.71,8,Happy
C2618,40,Female,Australia,Weight Loss,Instagram,Ongoing,28.6,No,No,0,0,0.57,0,0,0,0.57,1,At Risk
C2619,32,Female,Canada,Weight Loss,TikTok,Partial,100.0,Yes,No,1,1,2.0,1,0,2,6.0,6,Happy
C2620,26,Male,Nepal,Weight Loss,TikTok,No,7.1,No,Yes,0,0,0.14,0,2,0,2.14,2,At Risk
C2621,28,Female,Canada,Weight Gain,TikTok,Yes,78.6,Yes,No,0,3,1.57,1,0,0,5.57,6,Happy
C2622,21,Female,Australia,Weight Loss,Referral,Partial,100.0,No,Yes,0,1,2.0,0,2,0,5.0,5,Happy
C2623,20,Female,USA,Weight Loss,TikTok,Yes,92.9,Yes,No,0,3,1.86,1,0,0,5.86,6,Happy
C2624,29,Male,Canada,Weight Loss,TikTok,Ongoing,35.7,No,No,0,0,0.71,0,0,0,0.71,1,At Risk
C2625,25,Female,Canada,Weight Loss,Referral,Yes,78.6,Yes,Yes,0,3,1.57,1,2,0,7.57,8,Happy
C2626,19,Female,Australia,Weight Loss,TikTok,Partial,100.0,No,No,1,1,2.0,0,0,2,5.0,5,Happy
C2627,19,Male,UAE,Weight Loss,Referral,Partial,92.9,Yes,No,0,1,1.86,1,0,0,3.86,4,Neutral
C2628,28,Male,Australia,Body Transformation,TikTok,Yes,78.6,Yes,No,0,3,1.57,1,0,0,5.57,6,Happy
C2629,48,Female,Australia,Body Transformation,Referral,Partial,100.0,Yes,No,1,1,2.0,1,0,2,6.0,6,Happy
C2630,47,Female,Nepal,Weight Loss,Referral,No,7.1,No,No,0,0,0.14,0,0,0,0.14,0,At Risk
C2631,18,Male,Australia,Weight Loss,Referral,Partial,100.0,Yes,No,0,1,2.0,1,0,0,4.0,4,Neutral
C2632,29,Female,Australia,Body Transformation,TikTok,Yes,92.9,Yes,No,1,3,1.86,1,0,2,7.86,8,Happy
C2633,34,Female,Nepal,Weight Gain,TikTok,Partial,92.9,Yes,No,0,1,1.86,1,0,0,3.86,4,Neutral
C2634,34,Male,Nepal,Weight Gain,Referral,Yes,100.0,Yes,No,0,3,2.0,1,0,0,6.0,6,Happy
C2635,43,Male,Australia,Weight Gain,TikTok,Yes,92.9,No,No,0,3,1.86,0,0,0,4.86,5,Neutral
C2636,18,Female,USA,Body Transformation,TikTok,Yes,92.9,Yes,No,1,3,1.86,1,0,2,7.86,8,Happy
C2637,46,Female,USA,Body Transformation,Referral,Partial,78.6,Yes,No,1,1,1.57,1,0,2,5.57,6,Happy
C2638,22,Female,Australia,Body Transformation,Referral,Partial,85.7,Yes,Yes,1,1,1.71,1,2,2,7.71,8,Happy
C2639,37,Female,USA,Weight Loss,TikTok,Partial,92.9,Yes,No,0,1,1.86,1,0,0,3.86,4,Neutral
C2640,33,Female,Australia,Body Transformation,TikTok,No,7.1,No,Yes,0,0,0.14,0,2,0,2.14,2,At Risk
C2641,28,Female,Other,Weight Loss,Instagram,Partial,85.7,No,No,0,1,1.71,0,0,0,2.71,3,At Risk
C2642,56,Female,USA,Weight Loss,TikTok,Ongoing,21.4,No,No,0,0,0.43,0,0,0,0.43,0,At Risk
C2643,51,Female,USA,Body Transformation,TikTok,Partial,85.7,No,No,0,1,1.71,0,0,0,2.71,3,At Risk
C2644,30,Female,USA,Weight Loss,Referral,Partial,85.7,Yes,No,0,1,1.71,1,0,0,3.71,4,Neutral
C2645,24,Female,Other,Weight Loss,TikTok,Yes,78.6,Yes,No,0,3,1.57,1,0,0,5.57,6,Happy
C2646,20,Male,Australia,Weight Loss,TikTok,Yes,78.6,Yes,No,0,3,1.57,1,0,0,5.57,6,Happy
C2647,53,Female,Nepal,Weight Loss,Instagram,Yes,100.0,No,No,0,3,2.0,0,0,0,5.0,5,Happy
C2648,45,Female,USA,Body Transformation,TikTok,Yes,100.0,No,No,0,3,2.0,0,0,0,5.0,5,Happy
C2649,36,Female,Australia,Weight Loss,TikTok,Yes,78.6,Yes,No,0,3,1.57,1,0,0,5.57,6,Happy
C2650,29,Male,Nepal,Body Transformation,Referral,Yes,92.9,Yes,No,0,3,1.86,1,0,0,5.86,6,Happy
C2651,36,Female,Australia,Weight Gain,Instagram,Yes,100.0,Yes,No,0,3,2.0,1,0,0,6.0,6,Happy
C2652,21,Male,UAE,Weight Loss,Instagram,Yes,85.7,Yes,No,0,3,1.71,1,0,0,5.71,6,Happy
C2653,24,Male,Nepal,Weight Gain,TikTok,Yes,85.7,Yes,No,0,3,1.71,1,0,0,5.71,6,Happy
C2654,18,Female,USA,Weight Loss,TikTok,Yes,100.0,No,No,1,3,2.0,0,0,2,7.0,7,Happy
C2655,48,Female,USA,Body Transformation,Referral,Yes,100.0,No,No,0,3,2.0,0,0,0,5.0,5,Happy
C2656,28,Female,Australia,Weight Loss,Referral,Yes,78.6,Yes,No,1,3,1.57,1,0,2,7.57,8,Happy
C2657,52,Female,Australia,Body Transformation,TikTok,Yes,92.9,Yes,No,0,3,1.86,1,0,0,5.86,6,Happy
C2658,41,Female,USA,Body Transformation,Instagram,Yes,92.9,No,No,0,3,1.86,0,0,0,4.86,5,Neutral
C2659,19,Female,USA,Weight Loss,TikTok,Partial,100.0,No,No,0,1,2.0,0,0,0,3.0,3,Neutral
C2660,20,Female,Australia,Body Transformation,TikTok,No,7.1,No,Yes,1,0,0.14,0,2,2,4.14,4,Neutral
C2661,26,Male,Australia,Body Transformation,TikTok,No,0.0,No,Yes,1,0,0.0,0,2,2,4.0,4,Neutral
C2662,40,Female,Nepal,Weight Gain,TikTok,Partial,78.6,Yes,No,0,1,1.57,1,0,0,3.57,4,Neutral
C2663,42,Female,USA,Weight Loss,TikTok,Yes,85.7,Yes,No,0,3,1.71,1,0,0,5.71,6,Happy
C2664,31,Female,Australia,Body Transformation,TikTok,Yes,100.0,Yes,No,1,3,2.0,1,0,2,8.0,8,Superfan
C2665,23,Male,USA,Weight Loss,TikTok,Partial,78.6,Yes,No,0,1,1.57,1,0,0,3.57,4,Neutral
C2666,29,Female,Australia,Weight Loss,Other,Yes,92.9,Yes,No,0,3,1.86,1,0,0,5.86,6,Happy
C2667,21,Female,Australia,Weight Loss,TikTok,Partial,100.0,Yes,No,0,1,2.0,1,0,0,4.0,4,Neutral
C2668,34,Female,Australia,Body Transformation,Referral,Yes,78.6,Yes,No,0,3,1.57,1,0,0,5.57,6,Happy
C2669,20,Female,UAE,Weight Loss,TikTok,Yes,92.9,Yes,No,0,3,1.86,1,0,0,5.86,6,Happy
C2670,18,Female,Nepal,Weight Loss,Referral,Partial,92.9,Yes,No,1,1,1.86,1,0,2,5.86,6,Happy
C2671,36,Female,USA,Weight Loss,TikTok,No,7.1,No,No,0,0,0.14,0,0,0,0.14,0,At Risk
C2672,19,Female,USA,Body Transformation,TikTok,Yes,92.9,Yes,No,0,3,1.86,1,0,0,5.86,6,Happy
C2673,38,Female,Australia,Body Transformation,TikTok,Yes,92.9,Yes,No,0,3,1.86,1,0,0,5.86,6,Happy
C2674,43,Female,USA,Weight Gain,TikTok,Yes,92.9,Yes,No,0,3,1.86,1,0,0,5.86,6,Happy
C2675,30,Female,Australia,Body Transformation,TikTok,Yes,100.0,Yes,No,0,3,2.0,1,0,0,6.0,6,Happy
C2676,29,Female,Australia,Body Transformation,Referral,Partial,92.9,Yes,Yes,0,1,1.86,1,2,0,5.86,6,Happy
C2677,29,Male,Australia,Weight Loss,Instagram,Yes,85.7,No,No,0,3,1.71,0,0,0,4.71,5,Neutral
C2678,50,Male,Canada,Weight Gain,TikTok,No,0.0,Yes,Yes,1,0,0.0,1,2,2,5.0,5,Happy
C2679,49,Female,USA,Weight Loss,TikTok,Partial,85.7,Yes,No,0,1,1.71,1,0,0,3.71,4,Neutral
C2680,39,Female,USA,Weight Gain,TikTok,Yes,100.0,No,No,0,3,2.0,0,0,0,5.0,5,Happy
C2681,19,Female,Australia,Weight Loss,TikTok,Partial,100.0,Yes,No,0,1,2.0,1,0,0,4.0,4,Neutral
C2682,27,Female,UAE,Weight Loss,TikTok,Partial,100.0,No,No,0,1,2.0,0,0,0,3.0,3,Neutral
C2683,32,Female,Australia,Weight Gain,Referral,Yes,85.7,Yes,No,0,3,1.71,1,0,0,5.71,6,Happy
C2684,41,Male,Australia,Weight Loss,Referral,Yes,85.7,Yes,No,1,3,1.71,1,0,2,7.71,8,Happy
C2685,27,Female,USA,Weight Loss,TikTok,Partial,100.0,Yes,No,0,1,2.0,1,0,0,4.0,4,Neutral
C2686,31,Male,Australia,Body Transformation,Referral,Yes,92.9,No,No,0,3,1.86,0,0,0,4.86,5,Neutral
C2687,25,Female,USA,Weight Loss,TikTok,Partial,92.9,Yes,No,0,1,1.86,1,0,0,3.86,4,Neutral
C2688,28,Female,USA,Weight Loss,TikTok,Yes,92.9,Yes,No,0,3,1.86,1,0,0,5.86,6,Happy
C2689,54,Female,USA,Weight Loss,TikTok,Partial,100.0,Yes,No,0,1,2.0,1,0,0,4.0,4,Neutral
C2690,23,Male,Australia,Weight Gain,TikTok,Partial,92.9,Yes,No,0,1,1.86,1,0,0,3.86,4,Neutral
C2691,44,Female,Other,Body Transformation,Referral,Yes,100.0,Yes,No,0,3,2.0,1,0,0,6.0,6,Happy
C2692,42,Male,Australia,Weight Loss,Other,Partial,100.0,No,No,0,1,2.0,0,0,0,3.0,3,Neutral
C2693,37,Female,Australia,Body Transformation,TikTok,No,7.1,No,No,0,0,0.14,0,0,0,0.14,0,At Risk
C2694,27,Female,Australia,Body Transformation,TikTok,Partial,92.9,No,No,0,1,1.86,0,0,0,2.86,3,At Risk
C2695,26,Female,Australia,Weight Gain,TikTok,Yes,78.6,Yes,No,0,3,1.57,1,0,0,5.57,6,Happy
C2696,26,Male,USA,Body Transformation,Referral,Yes,92.9,Yes,No,1,3,1.86,1,0,2,7.86,8,Happy
C2697,28,Female,USA,Weight Loss,Referral,Partial,78.6,No,Yes,0,1,1.57,0,2,0,4.57,5,Neutral
C2698,35,Female,Australia,Body Transformation,TikTok,Partial,85.7,Yes,No,0,1,1.71,1,0,0,3.71,4,Neutral
C2699,36,Female,Australia,Weight Loss,TikTok,Ongoing,28.6,No,No,0,0,0.57,0,0,0,0.57,1,At Risk
C2700,30,Female,UAE,Weight Loss,TikTok,Yes,92.9,Yes,No,0,3,1.86,1,0,0,5.86,6,Happy
C2701,33,Male,USA,Body Transformation,Instagram,No,0.0,No,Yes,0,0,0.0,0,2,0,2.0,2,At Risk
C2702,26,Female,Canada,Weight Loss,Instagram,Yes,78.6,Yes,No,1,3,1.57,1,0,2,7.57,8,Happy
C2703,35,Male,USA,Weight Loss,TikTok,Yes,78.6,No,No,0,3,1.57,0,0,0,4.57,5,Neutral
C2704,29,Male,Australia,Weight Loss,TikTok,Yes,100.0,Yes,No,1,3,2.0,1,0,2,8.0,8,Superfan
C2705,26,Female,Nepal,Body Transformation,Referral,Yes,100.0,Yes,No,0,3,2.0,1,0,0,6.0,6,Happy
C2706,20,Male,USA,Weight Gain,TikTok,Yes,85.7,Yes,No,0,3,1.71,1,0,0,5.71,6,Happy
C2707,41,Female,Australia,Weight Loss,TikTok,Ongoing,28.6,No,No,0,0,0.57,0,0,0,0.57,1,At Risk
C2708,42,Female,Nepal,Body Transformation,TikTok,Yes,100.0,Yes,No,1,3,2.0,1,0,2,8.0,8,Superfan
C2709,25,Female,Australia,Body Transformation,TikTok,Partial,92.9,Yes,No,0,1,1.86,1,0,0,3.86,4,Neutral
C2710,32,Female,Australia,Weight Loss,TikTok,Yes,100.0,Yes,No,0,3,2.0,1,0,0,6.0,6,Happy
C2711,27,Female,USA,Weight Gain,Instagram,Yes,85.7,Yes,No,0,3,1.71,1,0,0,5.71,6,Happy
C2712,20,Male,Australia,Weight Loss,TikTok,Partial,92.9,No,No,0,1,1.86,0,0,0,2.86,3,At Risk
C2713,33,Male,Australia,Weight Loss,TikTok,Partial,100.0,Yes,No,0,1,2.0,1,0,0,4.0,4,Neutral
C2714,30,Female,USA,Weight Gain,Referral,Yes,85.7,Yes,Yes,1,3,1.71,1,2,2,9.71,10,Superfan
C2715,34,Male,UAE,Body Transformation,TikTok,Yes,92.9,Yes,No,0,3,1.86,1,0,0,5.86,6,Happy
C2716,37,Female,Australia,Body Transformation,Instagram,Partial,92.9,Yes,No,0,1,1.86,1,0,0,3.86,4,Neutral
C2717,24,Male,USA,Weight Gain,Instagram,Ongoing,21.4,No,No,0,0,0.43,0,0,0,0.43,0,At Risk
C2718,57,Female,USA,Body Transformation,TikTok,Yes,85.7,Yes,No,0,3,1.71,1,0,0,5.71,6,Happy
C2719,22,Male,Canada,Weight Gain,TikTok,Partial,85.7,Yes,No,0,1,1.71,1,0,0,3.71,4,Neutral
C2720,29,Female,UAE,Weight Loss,TikTok,Yes,85.7,Yes,No,1,3,1.71,1,0,2,7.71,8,Happy
C2721,36,Female,USA,Body Transformation,TikTok,Partial,100.0,Yes,No,1,1,2.0,1,0,2,6.0,6,Happy
C2722,35,Female,USA,Weight Loss,Referral,Partial,92.9,No,No,0,1,1.86,0,0,0,2.86,3,At Risk
C2723,39,Female,Nepal,Weight Loss,Other,Partial,85.7,Yes,No,0,1,1.71,1,0,0,3.71,4,Neutral
C2724,26,Female,Canada,Weight Loss,Referral,Yes,92.9,Yes,No,1,3,1.86,1,0,2,7.86,8,Happy
C2725,55,Female,USA,Weight Loss,TikTok,Partial,85.7,Yes,No,0,1,1.71,1,0,0,3.71,4,Neutral
C2726,20,Male,Australia,Weight Loss,TikTok,Yes,85.7,Yes,No,1,3,1.71,1,0,2,7.71,8,Happy
C2727,44,Female,Australia,Weight Loss,TikTok,Yes,85.7,Yes,No,0,3,1.71,1,0,0,5.71,6,Happy
C2728,41,Female,Australia,Weight Gain,TikTok,Partial,85.7,Yes,No,0,1,1.71,1,0,0,3.71,4,Neutral
C2729,34,Female,Nepal,Weight Loss,TikTok,Ongoing,35.7,No,No,0,0,0.71,0,0,0,0.71,1,At Risk
C2730,44,Female,USA,Weight Loss,Referral,Yes,78.6,Yes,Yes,1,3,1.57,1,2,2,9.57,10,Superfan
C2731,36,Female,Australia,Body Transformation,TikTok,Yes,78.6,No,No,0,3,1.57,0,0,0,4.57,5,Neutral
C2732,18,Female,USA,Weight Loss,TikTok,Yes,78.6,No,No,1,3,1.57,0,0,2,6.57,7,Happy
C2733,30,Female,Canada,Weight Loss,Referral,Yes,100.0,Yes,No,1,3,2.0,1,0,2,8.0,8,Superfan
C2734,30,Male,USA,Weight Loss,TikTok,Yes,85.7,Yes,No,0,3,1.71,1,0,0,5.71,6,Happy
C2735,29,Male,USA,Body Transformation,Instagram,Yes,85.7,Yes,No,0,3,1.71,1,0,0,5.71,6,Happy
C2736,41,Female,Nepal,Body Transformation,TikTok,Yes,100.0,Yes,No,0,3,2.0,1,0,0,6.0,6,Happy
C2737,25,Male,Nepal,Body Transformation,Other,Partial,85.7,Yes,No,1,1,1.71,1,0,2,5.71,6,Happy
C2738,30,Female,USA,Weight Loss,TikTok,Partial,85.7,No,No,1,1,1.71,0,0,2,4.71,5,Neutral
C2739,39,Female,Nepal,Weight Loss,Referral,Partial,100.0,Yes,No,0,1,2.0,1,0,0,4.0,4,Neutral
C2740,33,Male,Australia,Weight Gain,TikTok,Yes,78.6,Yes,No,0,3,1.57,1,0,0,5.57,6,Happy
C2741,26,Female,Australia,Weight Gain,TikTok,Yes,85.7,Yes,No,0,3,1.71,1,0,0,5.71,6,Happy
C2742,38,Male,USA,Weight Loss,TikTok,Partial,100.0,No,No,1,1,2.0,0,0,2,5.0,5,Happy
C2743,59,Female,Nepal,Weight Gain,TikTok,Partial,78.6,No,No,0,1,1.57,0,0,0,2.57,3,At Risk
C2744,18,Male,Australia,Weight Loss,Referral,Yes,100.0,Yes,No,1,3,2.0,1,0,2,8.0,8,Superfan
C2745,26,Female,USA,Weight Gain,Referral,Yes,85.7,Yes,No,0,3,1.71,1,0,0,5.71,6,Happy
C2746,32,Female,USA,Weight Gain,TikTok,Yes,78.6,Yes,No,1,3,1.57,1,0,2,7.57,8,Happy
C2747,22,Female,USA,Weight Loss,TikTok,Yes,78.6,No,No,0,3,1.57,0,0,0,4.57,5,Neutral
C2748,50,Female,USA,Body Transformation,TikTok,Partial,78.6,No,No,1,1,1.57,0,0,2,4.57,5,Neutral
C2749,28,Female,Other,Weight Gain,Referral,Partial,92.9,No,No,0,1,1.86,0,0,0,2.86,3,At Risk
C2750,30,Female,USA,Weight Loss,TikTok,No,0.0,No,No,0,0,0.0,0,0,0,0.0,0,At Risk
C2751,26,Male,Australia,Weight Loss,Referral,Yes,92.9,Yes,No,0,3,1.86,1,0,0,5.86,6,Happy
C2752,38,Male,Nepal,Weight Gain,Referral,Partial,78.6,Yes,Yes,0,1,1.57,1,2,0,5.57,6,Happy
C2753,47,Female,Australia,Weight Loss,Referral,Yes,85.7,Yes,No,0,3,1.71,1,0,0,5.71,6,Happy
C2754,30,Female,Nepal,Weight Loss,TikTok,Yes,78.6,No,No,0,3,1.57,0,0,0,4.57,5,Neutral
C2755,27,Male,Nepal,Weight Loss,Referral,Yes,100.0,Yes,Yes,0,3,2.0,1,2,0,8.0,8,Superfan
C2756,42,Male,USA,Weight Loss,Referral,Yes,85.7,Yes,No,1,3,1.71,1,0,2,7.71,8,Happy
C2757,27,Female,USA,Weight Gain,TikTok,Yes,85.7,Yes,No,0,3,1.71,1,0,0,5.71,6,Happy
C2758,48,Female,USA,Weight Gain,TikTok,Yes,100.0,No,No,0,3,2.0,0,0,0,5.0,5,Happy
C2759,41,Female,USA,Weight Gain,TikTok,No,21.4,No,Yes,0,0,0.43,0,2,0,2.43,2,At Risk
C2760,58,Female,Australia,Weight Loss,Other,Yes,78.6,Yes,No,0,3,1.57,1,0,0,5.57,6,Happy
C2761,32,Female,Australia,Weight Loss,TikTok,No,7.1,No,Yes,1,0,0.14,0,2,2,4.14,4,Neutral
C2762,33,Female,USA,Weight Loss,Referral,Yes,92.9,Yes,No,0,3,1.86,1,0,0,5.86,6,Happy
C2763,23,Female,USA,Weight Loss,TikTok,Partial,78.6,Yes,No,0,1,1.57,1,0,0,3.57,4,Neutral
C2764,30,Female,Nepal,Weight Loss,TikTok,Yes,78.6,Yes,No,0,3,1.57,1,0,0,5.57,6,Happy
C2765,24,Female,Australia,Weight Loss,Instagram,Yes,85.7,Yes,No,0,3,1.71,1,0,0,5.71,6,Happy
C2766,27,Female,Nepal,Body Transformation,TikTok,Yes,92.9,No,No,0,3,1.86,0,0,0,4.86,5,Neutral
C2767,27,Female,Australia,Weight Loss,Referral,Yes,85.7,Yes,Yes,0,3,1.71,1,2,0,7.71,8,Happy
C2768,45,Male,Canada,Body Transformation,TikTok,Partial,100.0,Yes,No,0,1,2.0,1,0,0,4.0,4,Neutral
C2769,23,Female,USA,Body Transformation,Referral,Partial,100.0,Yes,No,0,1,2.0,1,0,0,4.0,4,Neutral
C2770,34,Male,Nepal,Weight Gain,TikTok,Partial,92.9,Yes,No,0,1,1.86,1,0,0,3.86,4,Neutral
C2771,20,Female,Nepal,Weight Loss,Referral,Partial,92.9,Yes,No,0,1,1.86,1,0,0,3.86,4,Neutral
C2772,27,Female,UAE,Weight Loss,TikTok,Yes,92.9,Yes,No,0,3,1.86,1,0,0,5.86,6,Happy
C2773,25,Female,Nepal,Weight Gain,Other,Partial,78.6,Yes,No,0,1,1.57,1,0,0,3.57,4,Neutral
C2774,19,Female,Australia,Weight Loss,TikTok,Yes,85.7,No,No,1,3,1.71,0,0,2,6.71,7,Happy
C2775,41,Female,UAE,Weight Loss,TikTok,Ongoing,35.7,No,No,0,0,0.71,0,0,0,0.71,1,At Risk
C2776,48,Male,USA,Weight Loss,Referral,Partial,78.6,Yes,No,0,1,1.57,1,0,0,3.57,4,Neutral
C2777,23,Female,Other,Body Transformation,Referral,Yes,78.6,Yes,No,1,3,1.57,1,0,2,7.57,8,Happy
C2778,50,Female,Nepal,Weight Loss,Instagram,Partial,78.6,Yes,No,0,1,1.57,1,0,0,3.57,4,Neutral
C2779,25,Female,Canada,Weight Gain,TikTok,Partial,100.0,Yes,No,0,1,2.0,1,0,0,4.0,4,Neutral
C2780,26,Female,UAE,Weight Loss,Instagram,No,21.4,No,Yes,0,0,0.43,0,2,0,2.43,2,At Risk
C2781,28,Female,Australia,Body Transformation,Referral,Yes,85.7,Yes,No,0,3,1.71,1,0,0,5.71,6,Happy
C2782,22,Female,Australia,Body Transformation,Referral,Yes,100.0,Yes,No,0,3,2.0,1,0,0,6.0,6,Happy
C2783,43,Male,Canada,Weight Loss,Referral,Yes,100.0,No,No,0,3,2.0,0,0,0,5.0,5,Happy
C2784,28,Female,USA,Body Transformation,TikTok,Partial,85.7,Yes,No,0,1,1.71,1,0,0,3.71,4,Neutral
C2785,38,Female,Nepal,Weight Loss,TikTok,No,7.1,No,Yes,0,0,0.14,0,2,0,2.14,2,At Risk
C2786,21,Female,Nepal,Weight Loss,TikTok,No,14.3,No,No,0,0,0.29,0,0,0,0.29,0,At Risk
C2787,23,Female,USA,Weight Loss,TikTok,Yes,92.9,Yes,No,0,3,1.86,1,0,0,5.86,6,Happy
C2788,27,Male,USA,Weight Loss,TikTok,Partial,78.6,Yes,No,0,1,1.57,1,0,0,3.57,4,Neutral
C2789,36,Female,USA,Weight Loss,Referral,Yes,78.6,Yes,No,0,3,1.57,1,0,0,5.57,6,Happy
C2790,37,Female,Nepal,Weight Loss,Instagram,No,7.1,No,Yes,1,0,0.14,0,2,2,4.14,4,Neutral
C2791,43,Female,Australia,Weight Loss,TikTok,Yes,78.6,No,No,0,3,1.57,0,0,0,4.57,5,Neutral
C2792,27,Female,Australia,Body Transformation,Referral,Partial,92.9,Yes,No,0,1,1.86,1,0,0,3.86,4,Neutral
C2793,32,Female,Canada,Weight Gain,TikTok,Yes,100.0,Yes,No,0,3,2.0,1,0,0,6.0,6,Happy
C2794,29,Female,Australia,Body Transformation,TikTok,Partial,92.9,Yes,No,0,1,1.86,1,0,0,3.86,4,Neutral
C2795,26,Female,Nepal,Weight Gain,Instagram,Partial,85.7,Yes,No,0,1,1.71,1,0,0,3.71,4,Neutral
C2796,55,Female,Australia,Weight Loss,TikTok,Partial,92.9,Yes,No,0,1,1.86,1,0,0,3.86,4,Neutral
C2797,35,Female,USA,Body Transformation,TikTok,Partial,100.0,Yes,No,1,1,2.0,1,0,2,6.0,6,Happy
C2798,21,Male,Nepal,Weight Gain,TikTok,Yes,92.9,No,No,0,3,1.86,0,0,0,4.86,5,Neutral
C2799,28,Female,USA,Weight Gain,Referral,Yes,85.7,No,No,0,3,1.71,0,0,0,4.71,5,Neutral
C2800,19,Female,Australia,Weight Loss,TikTok,Yes,78.6,Yes,No,0,3,1.57,1,0,0,5.57,6,Happy
C2801,26,Male,Australia,Weight Gain,TikTok,Yes,85.7,Yes,No,0,3,1.71,1,0,0,5.71,6,Happy
C2802,45,Female,Australia,Body Transformation,TikTok,Yes,92.9,Yes,No,0,3,1.86,1,0,0,5.86,6,Happy
C2803,30,Male,USA,Body Transformation,TikTok,Yes,78.6,Yes,No,0,3,1.57,1,0,0,5.57,6,Happy
C2804,20,Female,USA,Body Transformation,TikTok,Ongoing,35.7,Yes,No,0,0,0.71,1,0,0,1.71,2,At Risk
C2805,32,Female,Australia,Body Transformation,TikTok,Yes,85.7,Yes,No,0,3,1.71,1,0,0,5.71,6,Happy
C2806,34,Female,Australia,Body Transformation,TikTok,No,7.1,No,Yes,0,0,0.14,0,2,0,2.14,2,At Risk
C2807,52,Female,Australia,Weight Loss,Referral,Partial,92.9,Yes,Yes,0,1,1.86,1,2,0,5.86,6,Happy
C2808,30,Male,Australia,Weight Loss,Instagram,Partial,92.9,Yes,No,0,1,1.86,1,0,0,3.86,4,Neutral
C2809,54,Female,Australia,Weight Gain,Referral,No,0.0,Yes,No,1,0,0.0,1,0,2,3.0,3,Neutral
C2810,25,Female,USA,Body Transformation,TikTok,Yes,78.6,No,No,1,3,1.57,0,0,2,6.57,7,Happy
C2811,57,Female,USA,Body Transformation,TikTok,Partial,100.0,No,No,0,1,2.0,0,0,0,3.0,3,Neutral
C2812,29,Female,Nepal,Body Transformation,Referral,Partial,92.9,No,Yes,0,1,1.86,0,2,0,4.86,5,Neutral
C2813,53,Male,UAE,Weight Loss,TikTok,Partial,78.6,Yes,No,1,1,1.57,1,0,2,5.57,6,Happy
C2814,27,Female,Australia,Body Transformation,TikTok,No,0.0,No,No,1,0,0.0,0,0,2,2.0,2,At Risk
C2815,38,Male,Australia,Weight Gain,TikTok,Yes,78.6,No,No,1,3,1.57,0,0,2,6.57,7,Happy
C2816,26,Female,Australia,Weight Loss,TikTok,Yes,85.7,Yes,No,1,3,1.71,1,0,2,7.71,8,Happy
C2817,35,Female,Australia,Body Transformation,TikTok,Ongoing,21.4,Yes,No,0,0,0.43,1,0,0,1.43,1,At Risk
C2818,33,Male,Other,Body Transformation,Referral,Partial,85.7,Yes,No,0,1,1.71,1,0,0,3.71,4,Neutral
C2819,26,Female,USA,Weight Loss,TikTok,Yes,100.0,Yes,No,0,3,2.0,1,0,0,6.0,6,Happy
C2820,27,Female,Nepal,Weight Loss,TikTok,Yes,78.6,Yes,No,0,3,1.57,1,0,0,5.57,6,Happy
C2821,28,Female,Australia,Weight Loss,TikTok,Partial,100.0,No,No,0,1,2.0,0,0,0,3.0,3,Neutral
C2822,24,Female,USA,Weight Gain,Referral,Yes,85.7,Yes,Yes,0,3,1.71,1,2,0,7.71,8,Happy
C2823,21,Female,Australia,Body Transformation,TikTok,Yes,92.9,Yes,No,0,3,1.86,1,0,0,5.86,6,Happy
C2824,60,Female,Nepal,Body Transformation,TikTok,Ongoing,35.7,No,No,0,0,0.71,0,0,0,0.71,1,At Risk
C2825,31,Male,Australia,Weight Gain,Referral,Yes,85.7,Yes,No,0,3,1.71,1,0,0,5.71,6,Happy
C2826,23,Male,USA,Weight Gain,Instagram,Yes,100.0,Yes,No,0,3,2.0,1,0,0,6.0,6,Happy
C2827,22,Female,USA,Body Transformation,TikTok,Partial,85.7,Yes,No,0,1,1.71,1,0,0,3.71,4,Neutral
C2828,52,Female,Nepal,Weight Loss,TikTok,Partial,85.7,Yes,No,0,1,1.71,1,0,0,3.71,4,Neutral
C2829,42,Female,Australia,Body Transformation,TikTok,Yes,78.6,Yes,No,0,3,1.57,1,0,0,5.57,6,Happy
C2830,41,Female,Australia,Body Transformation,TikTok,No,7.1,No,Yes,0,0,0.14,0,2,0,2.14,2,At Risk
C2831,18,Female,Other,Body Transformation,TikTok,Yes,78.6,Yes,No,0,3,1.57,1,0,0,5.57,6,Happy
C2832,34,Female,USA,Body Transformation,TikTok,Yes,78.6,Yes,No,0,3,1.57,1,0,0,5.57,6,Happy
C2833,34,Male,UAE,Weight Loss,TikTok,Partial,85.7,Yes,No,1,1,1.71,1,0,2,5.71,6,Happy
C2834,42,Female,Nepal,Weight Gain,TikTok,No,7.1,No,Yes,1,0,0.14,0,2,2,4.14,4,Neutral
C2835,47,Female,USA,Weight Loss,Referral,Yes,100.0,Yes,No,0,3,2.0,1,0,0,6.0,6,Happy
C2836,27,Female,Nepal,Weight Loss,Instagram,Partial,92.9,No,No,1,1,1.86,0,0,2,4.86,5,Neutral
C2837,19,Female,Australia,Weight Gain,TikTok,Yes,78.6,No,No,1,3,1.57,0,0,2,6.57,7,Happy
C2838,26,Male,Other,Weight Loss,Referral,No,7.1,Yes,Yes,0,0,0.14,1,2,0,3.14,3,Neutral
C2839,18,Female,UAE,Weight Loss,TikTok,Yes,85.7,Yes,No,0,3,1.71,1,0,0,5.71,6,Happy
C2840,19,Male,USA,Body Transformation,Other,Yes,85.7,Yes,No,0,3,1.71,1,0,0,5.71,6,Happy
C2841,29,Female,Australia,Weight Loss,Other,Partial,78.6,Yes,No,1,1,1.57,1,0,2,5.57,6,Happy
C2842,37,Female,USA,Weight Loss,Referral,Yes,100.0,Yes,No,0,3,2.0,1,0,0,6.0,6,Happy
C2843,30,Female,Nepal,Body Transformation,TikTok,Yes,85.7,Yes,No,0,3,1.71,1,0,0,5.71,6,Happy
C2844,43,Female,Australia,Weight Loss,Instagram,Partial,92.9,Yes,No,1,1,1.86,1,0,2,5.86,6,Happy
C2845,28,Female,USA,Weight Gain,TikTok,Partial,92.9,Yes,No,0,1,1.86,1,0,0,3.86,4,Neutral
C2846,19,Male,Australia,Weight Gain,TikTok,No,0.0,No,No,0,0,0.0,0,0,0,0.0,0,At Risk
C2847,28,Male,Australia,Weight Loss,Instagram,Yes,78.6,Yes,No,0,3,1.57,1,0,0,5.57,6,Happy
C2848,19,Female,Australia,Weight Gain,TikTok,Yes,100.0,No,No,1,3,2.0,0,0,2,7.0,7,Happy
C2849,18,Female,USA,Body Transformation,Instagram,Yes,100.0,Yes,No,0,3,2.0,1,0,0,6.0,6,Happy
C2850,30,Female,Nepal,Weight Loss,Referral,Yes,100.0,No,No,1,3,2.0,0,0,2,7.0,7,Happy
C2851,19,Male,Nepal,Body Transformation,TikTok,Yes,85.7,Yes,No,1,3,1.71,1,0,2,7.71,8,Happy
C2852,39,Female,Australia,Body Transformation,TikTok,Yes,100.0,Yes,No,0,3,2.0,1,0,0,6.0,6,Happy
C2853,39,Female,USA,Weight Loss,TikTok,Yes,78.6,No,No,1,3,1.57,0,0,2,6.57,7,Happy
C2854,23,Female,Australia,Body Transformation,TikTok,Yes,78.6,Yes,No,0,3,1.57,1,0,0,5.57,6,Happy
C2855,36,Male,Australia,Weight Gain,Referral,Partial,100.0,Yes,No,0,1,2.0,1,0,0,4.0,4,Neutral
C2856,19,Female,USA,Weight Loss,Other,Partial,100.0,Yes,No,0,1,2.0,1,0,0,4.0,4,Neutral
C2857,21,Male,Australia,Weight Gain,TikTok,No,0.0,Yes,Yes,1,0,0.0,1,2,2,5.0,5,Happy
C2858,50,Female,Australia,Weight Loss,TikTok,Ongoing,21.4,No,No,0,0,0.43,0,0,0,0.43,0,At Risk
C2859,42,Female,USA,Body Transformation,Referral,Yes,92.9,Yes,No,1,3,1.86,1,0,2,7.86,8,Happy
C2860,19,Male,USA,Weight Gain,TikTok,Yes,92.9,No,No,0,3,1.86,0,0,0,4.86,5,Neutral
C2861,18,Male,Nepal,Body Transformation,TikTok,Yes,92.9,Yes,No,0,3,1.86,1,0,0,5.86,6,Happy
C2862,22,Female,Australia,Weight Loss,TikTok,Ongoing,35.7,No,No,0,0,0.71,0,0,0,0.71,1,At Risk
C2863,19,Female,USA,Body Transformation,Referral,Yes,92.9,Yes,No,1,3,1.86,1,0,2,7.86,8,Happy
C2864,30,Male,Nepal,Weight Gain,TikTok,Yes,100.0,Yes,No,0,3,2.0,1,0,0,6.0,6,Happy
C2865,34,Male,Australia,Weight Loss,TikTok,No,7.1,No,Yes,0,0,0.14,0,2,0,2.14,2,At Risk
C2866,30,Female,Nepal,Body Transformation,Instagram,Partial,100.0,Yes,No,1,1,2.0,1,0,2,6.0,6,Happy
C2867,32,Male,Nepal,Weight Loss,TikTok,Yes,78.6,Yes,No,0,3,1.57,1,0,0,5.57,6,Happy
C2868,57,Female,USA,Weight Loss,TikTok,Partial,85.7,Yes,No,0,1,1.71,1,0,0,3.71,4,Neutral
C2869,38,Female,UAE,Weight Loss,Referral,Yes,100.0,No,Yes,0,3,2.0,0,2,0,7.0,7,Happy
C2870,39,Male,Australia,Weight Gain,Referral,Partial,85.7,Yes,No,0,1,1.71,1,0,0,3.71,4,Neutral
C2871,49,Male,Australia,Body Transformation,Referral,Partial,78.6,Yes,No,0,1,1.57,1,0,0,3.57,4,Neutral
C2872,28,Male,Australia,Weight Gain,TikTok,Partial,85.7,Yes,No,1,1,1.71,1,0,2,5.71,6,Happy
C2873,20,Female,UAE,Body Transformation,TikTok,Partial,85.7,No,No,0,1,1.71,0,0,0,2.71,3,At Risk
C2874,40,Female,USA,Body Transformation,Instagram,Ongoing,28.6,No,No,0,0,0.57,0,0,0,0.57,1,At Risk
C2875,19,Female,Nepal,Weight Gain,Referral,Yes,100.0,Yes,No,0,3,2.0,1,0,0,6.0,6,Happy
C2876,20,Female,USA,Body Transformation,TikTok,Partial,85.7,Yes,No,0,1,1.71,1,0,0,3.71,4,Neutral
C2877,33,Male,USA,Weight Loss,Referral,Yes,78.6,No,Yes,0,3,1.57,0,2,0,6.57,7,Happy
C2878,39,Female,Australia,Weight Loss,Referral,Yes,100.0,Yes,No,0,3,2.0,1,0,0,6.0,6,Happy
C2879,44,Female,USA,Weight Loss,Referral,Partial,78.6,Yes,No,0,1,1.57,1,0,0,3.57,4,Neutral
C2880,18,Male,Nepal,Weight Loss,TikTok,Yes,78.6,Yes,No,0,3,1.57,1,0,0,5.57,6,Happy
C2881,22,Male,Nepal,Weight Gain,TikTok,Partial,92.9,Yes,No,0,1,1.86,1,0,0,3.86,4,Neutral
C2882,55,Female,Australia,Body Transformation,Referral,Ongoing,21.4,No,No,0,0,0.43,0,0,0,0.43,0,At Risk
C2883,33,Female,Australia,Body Transformation,TikTok,Yes,92.9,Yes,No,1,3,1.86,1,0,2,7.86,8,Happy
C2884,25,Female,Australia,Weight Loss,Instagram,Yes,100.0,Yes,No,0,3,2.0,1,0,0,6.0,6,Happy
C2885,31,Male,USA,Body Transformation,TikTok,Partial,92.9,Yes,No,0,1,1.86,1,0,0,3.86,4,Neutral
C2886,36,Female,UAE,Body Transformation,TikTok,Yes,78.6,Yes,No,0,3,1.57,1,0,0,5.57,6,Happy
C2887,31,Female,UAE,Weight Loss,Instagram,Yes,85.7,Yes,No,1,3,1.71,1,0,2,7.71,8,Happy
C2888,30,Female,Australia,Weight Loss,TikTok,Ongoing,14.3,No,No,0,0,0.29,0,0,0,0.29,0,At Risk
C2889,29,Male,UAE,Weight Loss,TikTok,Yes,92.9,Yes,No,0,3,1.86,1,0,0,5.86,6,Happy
C2890,23,Female,Australia,Weight Loss,Referral,Partial,92.9,No,Yes,0,1,1.86,0,2,0,4.86,5,Neutral
C2891,38,Female,USA,Weight Gain,TikTok,Yes,100.0,Yes,No,0,3,2.0,1,0,0,6.0,6,Happy
C2892,37,Female,USA,Weight Loss,Instagram,Yes,100.0,Yes,No,0,3,2.0,1,0,0,6.0,6,Happy
C2893,32,Female,UAE,Weight Loss,Referral,Yes,92.9,Yes,No,0,3,1.86,1,0,0,5.86,6,Happy
C2894,33,Female,Canada,Weight Gain,Referral,Partial,100.0,No,No,0,1,2.0,0,0,0,3.0,3,Neutral
C2895,35,Male,Nepal,Weight Loss,TikTok,Yes,85.7,Yes,No,0,3,1.71,1,0,0,5.71,6,Happy
C2896,27,Female,UAE,Weight Loss,Referral,Partial,85.7,Yes,No,0,1,1.71,1,0,0,3.71,4,Neutral
C2897,26,Female,Australia,Weight Loss,Referral,Yes,100.0,Yes,No,0,3,2.0,1,0,0,6.0,6,Happy
C2898,22,Female,Canada,Weight Loss,TikTok,Partial,78.6,Yes,No,0,1,1.57,1,0,0,3.57,4,Neutral
C2899,48,Female,UAE,Weight Loss,Referral,Partial,78.6,Yes,Yes,0,1,1.57,1,2,0,5.57,6,Happy
C2900,36,Female,Nepal,Body Transformation,Instagram,Yes,85.7,Yes,No,1,3,1.71,1,0,2,7.71,8,Happy
C2901,31,Female,Australia,Weight Loss,TikTok,Yes,78.6,No,No,0,3,1.57,0,0,0,4.57,5,Neutral
C2902,35,Female,USA,Weight Loss,TikTok,Partial,92.9,Yes,No,0,1,1.86,1,0,0,3.86,4,Neutral
C2903,28,Female,Australia,Weight Loss,Instagram,Yes,78.6,No,No,1,3,1.57,0,0,2,6.57,7,Happy
C2904,35,Female,USA,Weight Gain,Other,Yes,85.7,Yes,No,0,3,1.71,1,0,0,5.71,6,Happy
C2905,27,Female,USA,Weight Loss,TikTok,Ongoing,21.4,No,No,0,0,0.43,0,0,0,0.43,0,At Risk
C2906,27,Female,Australia,Weight Loss,TikTok,Partial,92.9,Yes,No,1,1,1.86,1,0,2,5.86,6,Happy
C2907,28,Female,USA,Weight Loss,TikTok,Yes,100.0,Yes,No,0,3,2.0,1,0,0,6.0,6,Happy
C2908,27,Female,Canada,Weight Gain,TikTok,Yes,92.9,Yes,No,0,3,1.86,1,0,0,5.86,6,Happy
C2909,29,Male,UAE,Body Transformation,Instagram,No,0.0,No,Yes,0,0,0.0,0,2,0,2.0,2,At Risk
C2910,19,Female,UAE,Weight Loss,TikTok,Yes,92.9,Yes,No,0,3,1.86,1,0,0,5.86,6,Happy
C2911,51,Female,USA,Weight Loss,Instagram,Ongoing,28.6,No,No,0,0,0.57,0,0,0,0.57,1,At Risk
C2912,37,Female,USA,Weight Loss,TikTok,Yes,100.0,Yes,No,1,3,2.0,1,0,2,8.0,8,Superfan
C2913,50,Female,Australia,Weight Loss,Referral,Ongoing,28.6,No,No,0,0,0.57,0,0,0,0.57,1,At Risk
C2914,37,Female,Australia,Weight Loss,TikTok,Partial,85.7,Yes,No,0,1,1.71,1,0,0,3.71,4,Neutral
C2915,43,Male,USA,Body Transformation,Referral,Yes,78.6,Yes,No,0,3,1.57,1,0,0,5.57,6,Happy
C2916,50,Female,USA,Weight Loss,TikTok,Ongoing,35.7,No,No,0,0,0.71,0,0,0,0.71,1,At Risk
C2917,23,Female,USA,Weight Loss,Other,Yes,85.7,Yes,No,0,3,1.71,1,0,0,5.71,6,Happy
C2918,53,Male,UAE,Weight Gain,TikTok,No,0.0,No,Yes,1,0,0.0,0,2,2,4.0,4,Neutral
C2919,18,Female,USA,Body Transformation,TikTok,Partial,100.0,Yes,No,0,1,2.0,1,0,0,4.0,4,Neutral
C2920,27,Male,USA,Weight Loss,TikTok,Partial,78.6,Yes,No,0,1,1.57,1,0,0,3.57,4,Neutral
C2921,45,Male,Nepal,Body Transformation,Instagram,Yes,85.7,Yes,No,0,3,1.71,1,0,0,5.71,6,Happy
C2922,29,Female,Australia,Weight Loss,TikTok,No,0.0,No,Yes,1,0,0.0,0,2,2,4.0,4,Neutral
C2923,29,Male,Australia,Body Transformation,TikTok,Yes,78.6,No,No,0,3,1.57,0,0,0,4.57,5,Neutral
C2924,30,Female,USA,Body Transformation,Referral,Ongoing,14.3,No,No,0,0,0.29,0,0,0,0.29,0,At Risk
C2925,46,Female,Australia,Weight Loss,TikTok,Yes,92.9,Yes,No,0,3,1.86,1,0,0,5.86,6,Happy
C2926,31,Female,Australia,Weight Loss,TikTok,Partial,92.9,No,No,0,1,1.86,0,0,0,2.86,3,At Risk
C2927,27,Female,USA,Body Transformation,TikTok,Yes,85.7,Yes,No,0,3,1.71,1,0,0,5.71,6,Happy
C2928,36,Male,Australia,Body Transformation,TikTok,Yes,92.9,Yes,No,0,3,1.86,1,0,0,5.86,6,Happy
C2929,36,Female,Australia,Weight Loss,Referral,Yes,78.6,Yes,Yes,0,3,1.57,1,2,0,7.57,8,Happy
C2930,29,Female,USA,Weight Gain,Instagram,No,21.4,No,Yes,1,0,0.43,0,2,2,4.43,4,Neutral
C2931,34,Female,Australia,Weight Loss,TikTok,Partial,100.0,Yes,No,0,1,2.0,1,0,0,4.0,4,Neutral
C2932,29,Male,Australia,Weight Loss,TikTok,Yes,78.6,Yes,No,0,3,1.57,1,0,0,5.57,6,Happy
C2933,26,Female,Nepal,Weight Loss,TikTok,Yes,92.9,Yes,No,0,3,1.86,1,0,0,5.86,6,Happy
C2934,18,Female,UAE,Weight Loss,TikTok,Partial,78.6,Yes,No,0,1,1.57,1,0,0,3.57,4,Neutral
C2935,30,Female,Nepal,Weight Gain,Referral,No,7.1,No,No,0,0,0.14,0,0,0,0.14,0,At Risk
C2936,26,Male,USA,Body Transformation,Other,Yes,78.6,Yes,No,0,3,1.57,1,0,0,5.57,6,Happy
C2937,20,Female,Australia,Weight Gain,Referral,Partial,100.0,No,No,0,1,2.0,0,0,0,3.0,3,Neutral
C2938,28,Female,Australia,Weight Loss,Instagram,Yes,78.6,No,No,0,3,1.57,0,0,0,4.57,5,Neutral
C2939,24,Male,Australia,Weight Loss,Referral,Partial,92.9,Yes,No,0,1,1.86,1,0,0,3.86,4,Neutral
C2940,37,Female,USA,Body Transformation,Instagram,Partial,85.7,Yes,No,0,1,1.71,1,0,0,3.71,4,Neutral
C2941,19,Female,Australia,Weight Loss,TikTok,Yes,92.9,No,No,1,3,1.86,0,0,2,6.86,7,Happy
C2942,36,Female,USA,Body Transformation,Instagram,Ongoing,21.4,No,No,0,0,0.43,0,0,0,0.43,0,At Risk
C2943,35,Female,USA,Weight Gain,TikTok,Yes,85.7,Yes,No,1,3,1.71,1,0,2,7.71,8,Happy
C2944,36,Male,USA,Weight Loss,Instagram,Ongoing,14.3,No,No,0,0,0.29,0,0,0,0.29,0,At Risk
C2945,25,Female,USA,Weight Loss,Referral,No,7.1,No,Yes,0,0,0.14,0,2,0,2.14,2,At Risk
C2946,19,Female,Australia,Weight Gain,TikTok,Partial,78.6,Yes,No,0,1,1.57,1,0,0,3.57,4,Neutral
C2947,26,Male,Nepal,Weight Loss,TikTok,Yes,85.7,Yes,No,0,3,1.71,1,0,0,5.71,6,Happy
C2948,22,Male,Nepal,Weight Gain,TikTok,Yes,100.0,No,No,0,3,2.0,0,0,0,5.0,5,Happy
C2949,19,Female,Australia,Weight Loss,TikTok,Yes,92.9,No,No,0,3,1.86,0,0,0,4.86,5,Neutral
C2950,37,Female,Australia,Weight Loss,Instagram,Partial,78.6,No,No,0,1,1.57,0,0,0,2.57,3,At Risk
C2951,47,Female,Australia,Body Transformation,TikTok,No,7.1,Yes,Yes,0,0,0.14,1,2,0,3.14,3,Neutral
C2952,51,Female,Australia,Weight Loss,TikTok,Yes,78.6,No,No,1,3,1.57,0,0,2,6.57,7,Happy
C2953,27,Female,UAE,Weight Loss,TikTok,No,0.0,No,No,0,0,0.0,0,0,0,0.0,0,At Risk
C2954,30,Female,Canada,Weight Loss,Referral,Yes,92.9,Yes,No,0,3,1.86,1,0,0,5.86,6,Happy
C2955,52,Female,USA,Weight Gain,Referral,No,7.1,No,Yes,1,0,0.14,0,2,2,4.14,4,Neutral
C2956,36,Female,Canada,Weight Loss,TikTok,Yes,92.9,Yes,No,0,3,1.86,1,0,0,5.86,6,Happy
C2957,26,Female,Australia,Weight Loss,TikTok,Yes,78.6,Yes,No,1,3,1.57,1,0,2,7.57,8,Happy
C2958,30,Female,Australia,Weight Loss,Referral,Partial,92.9,Yes,Yes,0,1,1.86,1,2,0,5.86,6,Happy
C2959,39,Female,Canada,Weight Loss,TikTok,Partial,92.9,No,No,0,1,1.86,0,0,0,2.86,3,At Risk
C2960,25,Male,UAE,Body Transformation,TikTok,Ongoing,14.3,No,No,0,0,0.29,0,0,0,0.29,0,At Risk
C2961,30,Female,Australia,Weight Loss,TikTok,No,0.0,No,Yes,0,0,0.0,0,2,0,2.0,2,At Risk
C2962,30,Male,Nepal,Body Transformation,TikTok,Partial,92.9,Yes,No,0,1,1.86,1,0,0,3.86,4,Neutral
C2963,40,Female,UAE,Weight Loss,Referral,Ongoing,14.3,No,No,0,0,0.29,0,0,0,0.29,0,At Risk
C2964,49,Male,Canada,Weight Loss,TikTok,Yes,100.0,Yes,No,0,3,2.0,1,0,0,6.0,6,Happy
C2965,29,Female,Australia,Weight Loss,Instagram,Partial,85.7,Yes,No,0,1,1.71,1,0,0,3.71,4,Neutral
C2966,42,Female,USA,Weight Loss,Referral,Yes,85.7,Yes,No,0,3,1.71,1,0,0,5.71,6,Happy
C2967,24,Female,USA,Weight Gain,TikTok,Yes,92.9,Yes,No,0,3,1.86,1,0,0,5.86,6,Happy
C2968,50,Male,Australia,Weight Loss,TikTok,No,7.1,Yes,No,1,0,0.14,1,0,2,3.14,3,Neutral
C2969,37,Female,Australia,Body Transformation,TikTok,Partial,92.9,Yes,No,1,1,1.86,1,0,2,5.86,6,Happy
C2970,35,Female,Nepal,Body Transformation,Referral,Partial,100.0,Yes,No,0,1,2.0,1,0,0,4.0,4,Neutral
C2971,27,Female,Australia,Weight Loss,Referral,Yes,85.7,Yes,No,0,3,1.71,1,0,0,5.71,6,Happy
C2972,60,Female,Australia,Weight Loss,TikTok,No,0.0,No,Yes,0,0,0.0,0,2,0,2.0,2,At Risk
C2973,25,Male,USA,Weight Loss,Instagram,Yes,85.7,Yes,No,0,3,1.71,1,0,0,5.71,6,Happy
C2974,47,Female,Nepal,Weight Loss,TikTok,Partial,78.6,Yes,No,0,1,1.57,1,0,0,3.57,4,Neutral
C2975,26,Female,Australia,Weight Gain,Referral,Yes,100.0,No,Yes,0,3,2.0,0,2,0,7.0,7,Happy
C2976,25,Female,Canada,Weight Loss,TikTok,Ongoing,28.6,Yes,No,0,0,0.57,1,0,0,1.57,2,At Risk
C2977,26,Male,USA,Weight Gain,Other,Ongoing,21.4,No,No,0,0,0.43,0,0,0,0.43,0,At Risk
C2978,37,Male,USA,Weight Loss,Referral,Ongoing,35.7,Yes,No,0,0,0.71,1,0,0,1.71,2,At Risk
C2979,36,Female,USA,Weight Loss,Referral,Partial,85.7,Yes,No,0,1,1.71,1,0,0,3.71,4,Neutral
C2980,20,Female,Australia,Weight Loss,Referral,Yes,100.0,Yes,No,0,3,2.0,1,0,0,6.0,6,Happy
C2981,23,Male,Nepal,Weight Gain,Other,Partial,100.0,Yes,No,0,1,2.0,1,0,0,4.0,4,Neutral
C2982,20,Male,USA,Weight Gain,Other,Yes,100.0,Yes,No,0,3,2.0,1,0,0,6.0,6,Happy
C2983,20,Female,Australia,Body Transformation,TikTok,Yes,92.9,Yes,No,0,3,1.86,1,0,0,5.86,6,Happy
C2984,48,Male,USA,Weight Loss,Referral,No,7.1,Yes,Yes,1,0,0.14,1,2,2,5.14,5,Happy
C2985,30,Female,USA,Weight Gain,TikTok,Partial,78.6,No,No,0,1,1.57,0,0,0,2.57,3,At Risk
C2986,32,Female,Australia,Weight Loss,TikTok,Yes,85.7,Yes,No,0,3,1.71,1,0,0,5.71,6,Happy
C2987,41,Female,Australia,Body Transformation,TikTok,Yes,92.9,No,No,0,3,1.86,0,0,0,4.86,5,Neutral
C2988,34,Male,Australia,Weight Gain,TikTok,Partial,78.6,No,No,0,1,1.57,0,0,0,2.57,3,At Risk
C2989,30,Male,Canada,Body Transformation,TikTok,Yes,92.9,Yes,No,0,3,1.86,1,0,0,5.86,6,Happy
C2990,21,Female,Nepal,Body Transformation,TikTok,Ongoing,28.6,No,No,0,0,0.57,0,0,0,0.57,1,At Risk
C2991,18,Male,USA,Weight Loss,Instagram,Yes,78.6,Yes,No,0,3,1.57,1,0,0,5.57,6,Happy
C2992,47,Male,Australia,Weight Loss,TikTok,No,7.1,No,Yes,1,0,0.14,0,2,2,4.14,4,Neutral
C2993,27,Male,Australia,Weight Loss,TikTok,No,7.1,No,Yes,0,0,0.14,0,2,0,2.14,2,At Risk
C2994,27,Male,Nepal,Body Transformation,Referral,Yes,78.6,Yes,Yes,0,3,1.57,1,2,0,7.57,8,Happy
C2995,43,Female,USA,Weight Loss,Referral,Yes,78.6,Yes,No,0,3,1.57,1,0,0,5.57,6,Happy
C2996,50,Female,USA,Weight Loss,TikTok,Partial,85.7,Yes,No,0,1,1.71,1,0,0,3.71,4,Neutral
C2997,37,Female,Australia,Weight Loss,TikTok,Yes,92.9,Yes,No,0,3,1.86,1,0,0,5.86,6,Happy
C2998,34,Male,Canada,Weight Gain,Instagram,Yes,100.0,No,No,0,3,2.0,0,0,0,5.0,5,Happy
C2999,36,Female,Nepal,Weight Loss,Referral,Yes,100.0,Yes,No,0,3,2.0,1,0,0,6.0,6,Happy
C3000,26,Female,USA,Body Transformation,Instagram,Partial,92.9,Yes,No,0,1,1.86,1,0,0,3.86,4,Neutral
